date,series_id,kind,name,value,lower,upper
1989-01-01,australia,observed,target,1660.0,,
1989-02-01,australia,observed,target,3090.0,,
1989-03-01,australia,observed,target,2570.0,,
1989-04-01,australia,observed,target,1580.0,,
1989-05-01,australia,observed,target,1850.0,,
1989-06-01,australia,observed,target,1920.0,,
1989-07-01,australia,observed,target,1100.0,,
1989-08-01,australia,observed,target,1220.0,,
1989-09-01,australia,observed,target,1100.0,,
1989-10-01,australia,observed,target,1250.0,,
1989-11-01,australia,observed,target,2380.0,,
1989-12-01,australia,observed,target,9330.0,,
1990-01-01,australia,observed,target,4420.0,,
1990-02-01,australia,observed,target,2450.0,,
1990-03-01,australia,observed,target,1510.0,,
1990-04-01,australia,observed,target,3720.0,,
1990-05-01,australia,observed,target,3030.0,,
1990-06-01,australia,observed,target,1500.0,,
1990-07-01,australia,observed,target,1050.0,,
1990-08-01,australia,observed,target,1190.0,,
1990-09-01,australia,observed,target,1170.0,,
1990-10-01,australia,observed,target,1080.0,,
1990-11-01,australia,observed,target,1300.0,,
1990-12-01,australia,observed,target,1300.0,,
1991-01-01,australia,observed,target,1260.0,,
1991-02-01,australia,observed,target,1160.0,,
1991-03-01,australia,observed,target,1430.0,,
1991-04-01,australia,observed,target,1120.0,,
1991-05-01,australia,observed,target,990.0,,
1991-06-01,australia,observed,target,1290.0,,
1991-07-01,australia,observed,target,1170.0,,
1991-08-01,australia,observed,target,1580.0,,
1991-09-01,australia,observed,target,1360.0,,
1991-10-01,australia,observed,target,1200.0,,
1991-11-01,australia,observed,target,1940.0,,
1991-12-01,australia,observed,target,1920.0,,
1992-01-01,australia,observed,target,1180.0,,
1992-02-01,australia,observed,target,2100.0,,
1992-03-01,australia,observed,target,1580.0,,
1992-04-01,australia,observed,target,1320.0,,
1992-05-01,australia,observed,target,1500.0,,
1992-06-01,australia,observed,target,1310.0,,
1992-07-01,australia,observed,target,1300.0,,
1992-08-01,australia,observed,target,1260.0,,
1992-09-01,australia,observed,target,1780.0,,
1992-10-01,australia,observed,target,1520.0,,
1992-11-01,australia,observed,target,1960.0,,
1992-12-01,australia,observed,target,1870.0,,
1993-01-01,australia,observed,target,1360.0,,
1993-02-01,australia,observed,target,1740.0,,
1993-03-01,australia,observed,target,1580.0,,
1993-04-01,australia,observed,target,1720.0,,
1993-05-01,australia,observed,target,1710.0,,
1993-06-01,australia,observed,target,1710.0,,
1993-07-01,australia,observed,target,1870.0,,
1993-08-01,australia,observed,target,2230.0,,
1993-09-01,australia,observed,target,1510.0,,
1993-10-01,australia,observed,target,2200.0,,
1993-11-01,australia,observed,target,2700.0,,
1993-12-01,australia,observed,target,1940.0,,
1994-01-01,australia,observed,target,1660.0,,
1994-02-01,australia,observed,target,1980.0,,
1994-03-01,australia,observed,target,2060.0,,
1994-04-01,australia,observed,target,2130.0,,
1994-05-01,australia,observed,target,2630.0,,
1994-06-01,australia,observed,target,2110.0,,
1994-07-01,australia,observed,target,2590.0,,
1994-08-01,australia,observed,target,2230.0,,
1994-09-01,australia,observed,target,2260.0,,
1994-10-01,australia,observed,target,3450.0,,
1994-11-01,australia,observed,target,3240.0,,
1994-12-01,australia,observed,target,3350.0,,
1995-01-01,australia,observed,target,2660.0,,
1995-02-01,australia,observed,target,2850.0,,
1995-03-01,australia,observed,target,2960.0,,
1995-04-01,australia,observed,target,3220.0,,
1995-05-01,australia,observed,target,2850.0,,
1995-06-01,australia,observed,target,2920.0,,
1995-07-01,australia,observed,target,3520.0,,
1995-08-01,australia,observed,target,3450.0,,
1995-09-01,australia,observed,target,3250.0,,
1995-10-01,australia,observed,target,4250.0,,
1995-11-01,australia,observed,target,5360.0,,
1995-12-01,australia,observed,target,5310.0,,
1996-01-01,australia,observed,target,3610.0,,
1996-02-01,australia,observed,target,3930.0,,
1996-03-01,australia,observed,target,4260.0,,
1996-04-01,australia,observed,target,4180.0,,
1996-05-01,australia,observed,target,4420.0,,
1996-06-01,australia,observed,target,4190.0,,
1996-07-01,australia,observed,target,4460.0,,
1996-08-01,australia,observed,target,4000.0,,
1996-09-01,australia,observed,target,4400.0,,
1996-10-01,australia,observed,target,4940.0,,
1996-11-01,australia,observed,target,6450.0,,
1996-12-01,australia,observed,target,5140.0,,
1997-01-01,australia,observed,target,4850.0,,
1997-02-01,australia,observed,target,4910.0,,
1997-03-01,australia,observed,target,5380.0,,
1997-04-01,australia,observed,target,5340.0,,
1997-05-01,australia,observed,target,5910.0,,
1997-06-01,australia,observed,target,4640.0,,
1997-07-01,australia,observed,target,4590.0,,
1997-08-01,australia,observed,target,5160.0,,
1997-09-01,australia,observed,target,4880.0,,
1997-10-01,australia,observed,target,6230.0,,
1997-11-01,australia,observed,target,7150.0,,
1997-12-01,australia,observed,target,6810.0,,
1998-01-01,australia,observed,target,6710.0,,
1998-02-01,australia,observed,target,6440.0,,
1998-03-01,australia,observed,target,6510.0,,
1998-04-01,australia,observed,target,5550.0,,
1998-05-01,australia,observed,target,6460.0,,
1998-06-01,australia,observed,target,5480.0,,
1998-07-01,australia,observed,target,7950.0,,
1998-08-01,australia,observed,target,6340.0,,
1998-09-01,australia,observed,target,5250.0,,
1998-10-01,australia,observed,target,6460.0,,
1998-11-01,australia,observed,target,6420.0,,
1998-12-01,australia,observed,target,6990.0,,
1999-01-01,australia,observed,target,6700.0,,
1999-02-01,australia,observed,target,9660.0,,
1999-03-01,australia,observed,target,6400.0,,
1999-04-01,australia,observed,target,6160.0,,
1999-05-01,australia,observed,target,7110.0,,
1999-06-01,australia,observed,target,6130.0,,
1999-07-01,australia,observed,target,8700.0,,
1999-08-01,australia,observed,target,7180.0,,
1999-09-01,australia,observed,target,6930.0,,
1999-10-01,australia,observed,target,9500.0,,
1999-11-01,australia,observed,target,8990.0,,
1999-12-01,australia,observed,target,9130.0,,
2000-01-01,australia,observed,target,8860.0,,
2000-02-01,australia,observed,target,13970.0,,
2000-03-01,australia,observed,target,7330.0,,
2000-04-01,australia,observed,target,7880.0,,
2000-05-01,australia,observed,target,8960.0,,
2000-06-01,australia,observed,target,7590.0,,
2000-07-01,australia,observed,target,12470.0,,
2000-08-01,australia,observed,target,9920.0,,
2000-09-01,australia,observed,target,7830.0,,
2000-10-01,australia,observed,target,9950.0,,
2000-11-01,australia,observed,target,10930.0,,
2000-12-01,australia,observed,target,14570.0,,
2001-01-01,australia,observed,target,21470.0,,
2001-02-01,australia,observed,target,13420.0,,
2001-03-01,australia,observed,target,10390.0,,
2001-04-01,australia,observed,target,12660.0,,
2001-05-01,australia,observed,target,11320.0,,
2001-06-01,australia,observed,target,8530.0,,
2001-07-01,australia,observed,target,15990.0,,
2001-08-01,australia,observed,target,13440.0,,
2001-09-01,australia,observed,target,11480.0,,
2001-10-01,australia,observed,target,13080.0,,
2001-11-01,australia,observed,target,12260.0,,
2001-12-01,australia,observed,target,13900.0,,
2002-01-01,australia,observed,target,15400.0,,
2002-02-01,australia,observed,target,26200.0,,
2002-03-01,australia,observed,target,12280.0,,
2002-04-01,australia,observed,target,15080.0,,
2002-05-01,australia,observed,target,12630.0,,
2002-06-01,australia,observed,target,10530.0,,
2002-07-01,australia,observed,target,19390.0,,
2002-08-01,australia,observed,target,14980.0,,
2002-09-01,australia,observed,target,12880.0,,
2002-10-01,australia,observed,target,14720.0,,
2002-11-01,australia,observed,target,17770.0,,
2002-12-01,australia,observed,target,18160.0,,
2003-01-01,australia,observed,target,20840.0,,
2003-02-01,australia,observed,target,27030.0,,
2003-03-01,australia,observed,target,14260.0,,
2003-04-01,australia,observed,target,9480.0,,
2003-05-01,australia,observed,target,3100.0,,
2003-06-01,australia,observed,target,4520.0,,
2003-07-01,australia,observed,target,11340.0,,
2003-08-01,australia,observed,target,12130.0,,
2003-09-01,australia,observed,target,14970.0,,
2003-10-01,australia,observed,target,16670.0,,
2003-11-01,australia,observed,target,19760.0,,
2003-12-01,australia,observed,target,22040.0,,
2004-01-01,australia,observed,target,31210.0,,
2004-02-01,australia,observed,target,23390.0,,
2004-03-01,australia,observed,target,17540.0,,
2004-04-01,australia,observed,target,17690.0,,
2004-05-01,australia,observed,target,16220.0,,
2004-06-01,australia,observed,target,13930.0,,
2004-07-01,australia,observed,target,26040.0,,
2004-08-01,australia,observed,target,17410.0,,
2004-09-01,australia,observed,target,16370.0,,
2004-10-01,australia,observed,target,21390.0,,
2004-11-01,australia,observed,target,24150.0,,
2004-12-01,australia,observed,target,24870.0,,
2005-01-01,australia,observed,target,37780.0,,
2005-02-01,australia,observed,target,38480.0,,
2005-03-01,australia,observed,target,17170.0,,
2005-04-01,australia,observed,target,18720.0,,
2005-05-01,australia,observed,target,15640.0,,
2005-06-01,australia,observed,target,14120.0,,
2005-07-01,australia,observed,target,28560.0,,
2005-08-01,australia,observed,target,20620.0,,
2005-09-01,australia,observed,target,17120.0,,
2005-10-01,australia,observed,target,19310.0,,
2005-11-01,australia,observed,target,29060.0,,
2005-12-01,australia,observed,target,26150.0,,
2006-01-01,australia,observed,target,32210.0,,
2006-02-01,australia,observed,target,35040.0,,
2006-03-01,australia,observed,target,21350.0,,
2006-04-01,australia,observed,target,24180.0,,
2006-05-01,australia,observed,target,19810.0,,
2006-06-01,australia,observed,target,16730.0,,
2006-07-01,australia,observed,target,31740.0,,
2006-08-01,australia,observed,target,22980.0,,
2006-09-01,australia,observed,target,21440.0,,
2006-10-01,australia,observed,target,23470.0,,
2006-11-01,australia,observed,target,29420.0,,
2006-12-01,australia,observed,target,27200.0,,
2007-01-01,australia,observed,target,28110.0,,
2007-02-01,australia,observed,target,53620.0,,
2007-03-01,australia,observed,target,31630.0,,
2007-04-01,australia,observed,target,26560.0,,
2007-05-01,australia,observed,target,19590.0,,
2007-06-01,australia,observed,target,19190.0,,
2007-07-01,australia,observed,target,32930.0,,
2007-08-01,australia,observed,target,29090.0,,
2007-09-01,australia,observed,target,23360.0,,
2007-10-01,australia,observed,target,25410.0,,
2007-11-01,australia,observed,target,34760.0,,
2007-12-01,australia,observed,target,30360.0,,
2008-01-01,australia,observed,target,35390.0,,
2008-02-01,australia,observed,target,55920.0,,
2008-03-01,australia,observed,target,29640.0,,
2008-04-01,australia,observed,target,35330.0,,
2008-05-01,australia,observed,target,23030.0,,
2008-06-01,australia,observed,target,17980.0,,
2008-07-01,australia,observed,target,34370.0,,
2008-08-01,australia,observed,target,21830.0,,
2008-09-01,australia,observed,target,19290.0,,
2008-10-01,australia,observed,target,21130.0,,
2008-11-01,australia,observed,target,28890.0,,
2008-12-01,australia,observed,target,31560.0,,
2009-01-01,australia,observed,target,54160.0,,
2009-02-01,australia,observed,target,46470.0,,
2009-03-01,australia,observed,target,33940.0,,
2009-04-01,australia,observed,target,30720.0,,
2009-05-01,australia,observed,target,18700.0,,
2009-06-01,australia,observed,target,14110.0,,
2009-07-01,australia,observed,target,30190.0,,
2009-08-01,australia,observed,target,23020.0,,
2009-09-01,australia,observed,target,22630.0,,
2009-10-01,australia,observed,target,26750.0,,
2009-11-01,australia,observed,target,31210.0,,
2009-12-01,australia,observed,target,30790.0,,
2010-01-01,australia,observed,target,36830.0,,
2010-02-01,australia,observed,target,72940.0,,
2010-03-01,australia,observed,target,35130.0,,
2010-04-01,australia,observed,target,32220.0,,
2010-05-01,australia,observed,target,25910.0,,
2010-06-01,australia,observed,target,22820.0,,
2010-07-01,australia,observed,target,47700.0,,
2010-08-01,australia,observed,target,36790.0,,
2010-09-01,australia,observed,target,29080.0,,
2010-10-01,australia,observed,target,28790.0,,
2010-11-01,australia,observed,target,42210.0,,
2010-12-01,australia,observed,target,41390.0,,
2011-01-01,australia,observed,target,59880.0,,
2011-02-01,australia,observed,target,77980.0,,
2011-02-01,australia,signal,search_index,2088.61,,
2011-03-01,australia,observed,target,41330.0,,
2011-03-01,australia,signal,search_index,2183.71,,
2011-04-01,australia,observed,target,35080.0,,
2011-04-01,australia,signal,search_index,2318.82,,
2011-05-01,australia,observed,target,30210.0,,
2011-05-01,australia,signal,search_index,2660.8,,
2011-06-01,australia,observed,target,27930.0,,
2011-06-01,australia,signal,search_index,2695.349999999999,,
2011-07-01,australia,observed,target,53940.0,,
2011-07-01,australia,signal,search_index,2707.14,,
2011-08-01,australia,observed,target,44350.0,,
2011-08-01,australia,signal,search_index,2730.88,,
2011-09-01,australia,observed,target,34110.0,,
2011-09-01,australia,signal,search_index,2856.97,,
2011-10-01,australia,observed,target,37720.0,,
2011-10-01,australia,signal,search_index,2899.61,,
2011-11-01,australia,observed,target,50480.0,,
2011-11-01,australia,signal,search_index,2912.41,,
2011-12-01,australia,observed,target,47530.0,,
2011-12-01,australia,signal,search_index,2958.56,,
2012-01-01,australia,observed,target,77400.0,,
2012-01-01,australia,signal,search_index,2843.07,,
2012-02-01,australia,observed,target,67650.0,,
2012-02-01,australia,signal,search_index,2902.55,,
2012-03-01,australia,observed,target,54400.0,,
2012-03-01,australia,signal,search_index,3262.79,,
2012-04-01,australia,observed,target,47360.0,,
2012-04-01,australia,signal,search_index,3235.9,,
2012-05-01,australia,observed,target,35040.0,,
2012-05-01,australia,signal,search_index,3130.78,,
2012-06-01,australia,observed,target,33830.0,,
2012-06-01,australia,signal,search_index,3136.64,,
2012-07-01,australia,observed,target,60780.0,,
2012-07-01,australia,signal,search_index,3115.13,,
2012-08-01,australia,observed,target,51980.0,,
2012-08-01,australia,signal,search_index,3701.98,,
2012-09-01,australia,observed,target,43610.0,,
2012-09-01,australia,signal,search_index,3820.32,,
2012-10-01,australia,observed,target,44860.0,,
2012-10-01,australia,signal,search_index,3382.13,,
2012-11-01,australia,observed,target,57170.0,,
2012-11-01,australia,signal,search_index,3658.61,,
2012-12-01,australia,observed,target,54020.0,,
2012-12-01,australia,signal,search_index,3807.76,,
2013-01-01,australia,observed,target,58320.0,,
2013-01-01,australia,signal,search_index,3671.35,,
2013-02-01,australia,observed,target,112060.0,,
2013-02-01,australia,signal,search_index,3967.86,,
2013-03-01,australia,observed,target,63110.0,,
2013-03-01,australia,signal,search_index,3768.25,,
2013-04-01,australia,observed,target,58900.0,,
2013-04-01,australia,signal,search_index,3945.45,,
2013-05-01,australia,observed,target,45400.0,,
2013-05-01,australia,signal,search_index,3877.04,,
2013-06-01,australia,observed,target,39420.0,,
2013-06-01,australia,signal,search_index,3970.57,,
2013-07-01,australia,observed,target,73130.0,,
2013-07-01,australia,signal,search_index,4077.06,,
2013-08-01,australia,observed,target,61540.0,,
2013-08-01,australia,signal,search_index,4069.16,,
2013-09-01,australia,observed,target,58340.0,,
2013-09-01,australia,signal,search_index,4165.17,,
2013-10-01,australia,observed,target,43010.0,,
2013-10-01,australia,signal,search_index,4046.83,,
2013-11-01,australia,observed,target,51970.0,,
2013-11-01,australia,signal,search_index,4192.65,,
2013-12-01,australia,observed,target,55560.0,,
2013-12-01,australia,signal,search_index,4300.9,,
2014-01-01,australia,observed,target,97720.0,,
2014-01-01,australia,signal,search_index,4147.56,,
2014-02-01,australia,observed,target,105950.0,,
2014-02-01,australia,signal,search_index,4123.25,,
2014-03-01,australia,observed,target,70130.0,,
2014-03-01,australia,signal,search_index,4691.24,,
2014-04-01,australia,observed,target,61120.0,,
2014-04-01,australia,signal,search_index,4628.03,,
2014-05-01,australia,observed,target,49080.0,,
2014-05-01,australia,signal,search_index,4942.9,,
2014-06-01,australia,observed,target,46180.0,,
2014-06-01,australia,signal,search_index,4671.87,,
2014-07-01,australia,observed,target,83430.0,,
2014-07-01,australia,signal,search_index,4861.940000000001,,
2014-08-01,australia,observed,target,73870.0,,
2014-08-01,australia,signal,search_index,5260.99,,
2014-09-01,australia,observed,target,62330.0,,
2014-09-01,australia,signal,search_index,4839.639999999999,,
2014-10-01,australia,observed,target,59110.0,,
2014-10-01,australia,signal,search_index,4828.4,,
2014-11-01,australia,observed,target,70590.0,,
2014-11-01,australia,signal,search_index,4966.870000000001,,
2014-12-01,australia,observed,target,71520.0,,
2014-12-01,australia,signal,search_index,5151.0,,
2015-01-01,australia,observed,target,74160.0,,
2015-01-01,australia,signal,search_index,6129.62,,
2015-02-01,australia,observed,target,165510.0,,
2015-02-01,australia,signal,search_index,5179.84,,
2015-03-01,australia,observed,target,83780.0,,
2015-03-01,australia,signal,search_index,4843.57,,
2015-04-01,australia,observed,target,73360.0,,
2015-04-01,australia,signal,search_index,5160.77,,
2015-05-01,australia,observed,target,62710.0,,
2015-05-01,australia,signal,search_index,5216.99,,
2015-06-01,australia,observed,target,55590.0,,
2015-06-01,australia,signal,search_index,5576.65,,
2015-07-01,australia,observed,target,95300.0,,
2015-07-01,australia,signal,search_index,5826.61,,
2015-08-01,australia,observed,target,85940.0,,
2015-08-01,australia,signal,search_index,6334.280000000001,,
2015-09-01,australia,observed,target,77030.0,,
2015-09-01,australia,signal,search_index,7207.55,,
2015-10-01,australia,observed,target,76530.0,,
2015-10-01,australia,signal,search_index,6864.33,,
2015-11-01,australia,observed,target,87900.0,,
2015-11-01,australia,signal,search_index,6920.75,,
2015-12-01,australia,observed,target,94090.0,,
2015-12-01,australia,signal,search_index,7327.370000000001,,
2016-01-01,australia,observed,target,115290.0,,
2016-01-01,australia,signal,search_index,6266.9,,
2016-02-01,australia,observed,target,175010.0,,
2016-02-01,australia,signal,search_index,6776.42,,
2016-03-01,australia,observed,target,102650.0,,
2016-03-01,australia,signal,search_index,5934.9,,
2016-04-01,australia,observed,target,97900.0,,
2016-04-01,australia,signal,search_index,6533.29,,
2016-05-01,australia,observed,target,71990.0,,
2016-05-01,australia,signal,search_index,5704.83,,
2016-06-01,australia,observed,target,66050.0,,
2016-06-01,australia,signal,search_index,5954.23,,
2016-07-01,australia,observed,target,119790.0,,
2016-07-01,australia,signal,search_index,6041.3,,
2016-08-01,australia,observed,target,94370.0,,
2016-08-01,australia,signal,search_index,6640.77,,
2016-09-01,australia,observed,target,82390.0,,
2016-09-01,australia,signal,search_index,6540.8,,
2016-10-01,australia,observed,target,86290.0,,
2016-10-01,australia,signal,search_index,5788.07,,
2016-11-01,australia,observed,target,97090.0,,
2016-11-01,australia,signal,search_index,5861.8,,
2016-12-01,australia,observed,target,99420.0,,
2016-12-01,australia,signal,search_index,6118.17,,
2017-01-01,australia,observed,target,166870.0,,
2017-01-01,australia,signal,search_index,5869.02,,
2017-02-01,australia,observed,target,143430.0,,
2017-02-01,australia,signal,search_index,5757.68,,
2017-03-01,australia,observed,target,111130.0,,
2017-03-01,australia,signal,search_index,6456.18,,
2017-04-01,australia,observed,target,101810.0,,
2017-04-01,australia,signal,search_index,6235.65,,
2017-05-01,australia,observed,target,80110.0,,
2017-05-01,australia,signal,search_index,5714.34,,
2017-06-01,australia,observed,target,76370.0,,
2017-06-01,australia,signal,search_index,5964.46,,
2017-07-01,australia,observed,target,149830.0,,
2017-07-01,australia,signal,search_index,6232.73,,
2017-08-01,australia,observed,target,116380.0,,
2017-08-01,australia,signal,search_index,7169.91,,
2017-09-01,australia,observed,target,97690.0,,
2017-09-01,australia,signal,search_index,7164.41,,
2017-10-01,australia,observed,target,100400.0,,
2017-10-01,australia,signal,search_index,6536.83,,
2017-11-01,australia,observed,target,101350.0,,
2017-11-01,australia,signal,search_index,5944.03,,
2017-12-01,australia,observed,target,111540.0,,
2017-12-01,australia,signal,search_index,5984.23,,
2018-01-01,australia,observed,target,118310.0,,
2018-01-01,australia,signal,search_index,6124.190000000001,,
2018-02-01,australia,observed,target,227410.0,,
2018-02-01,australia,signal,search_index,6005.96,,
2018-03-01,australia,observed,target,122490.0,,
2018-03-01,australia,signal,search_index,6155.82,,
2018-04-01,australia,observed,target,109260.0,,
2018-04-01,australia,signal,search_index,6173.84,,
2018-05-01,australia,observed,target,89540.0,,
2018-05-01,australia,signal,search_index,6223.869999999999,,
2018-06-01,australia,observed,target,77360.0,,
2018-06-01,australia,signal,search_index,5891.42,,
2018-07-01,australia,observed,target,153500.0,,
2018-07-01,australia,signal,search_index,5581.97,,
2018-08-01,australia,observed,target,117060.0,,
2018-08-01,australia,signal,search_index,5842.81,,
2018-09-01,australia,observed,target,97640.0,,
2018-09-01,australia,signal,search_index,5730.9,,
2018-10-01,australia,observed,target,101320.0,,
2018-10-01,australia,signal,search_index,5497.23,,
2018-11-01,australia,observed,target,102910.0,,
2018-11-01,australia,signal,search_index,5287.540000000001,,
2018-12-01,australia,observed,target,115340.0,,
2018-12-01,australia,signal,search_index,5894.809999999999,,
2019-01-01,australia,observed,target,142850.0,,
2019-01-01,australia,signal,flight_capacity,1783.0,,
2019-01-01,australia,signal,search_index,5635.96,,
2019-02-01,australia,observed,target,206280.0,,
2019-02-01,australia,signal,flight_capacity,1634.0,,
2019-02-01,australia,signal,search_index,5780.67,,
2019-03-01,australia,observed,target,124370.0,,
2019-03-01,australia,signal,flight_capacity,1406.0,,
2019-03-01,australia,signal,search_index,6441.68,,
2019-04-01,australia,observed,target,96240.0,,
2019-04-01,australia,signal,flight_capacity,1279.0,,
2019-04-01,australia,signal,search_index,6508.68,,
2019-05-01,australia,observed,target,94690.0,,
2019-05-01,australia,signal,flight_capacity,1236.0,,
2019-05-01,australia,signal,search_index,6479.66,,
2019-06-01,australia,observed,target,80680.0,,
2019-06-01,australia,signal,flight_capacity,1206.0,,
2019-06-01,australia,signal,search_index,5609.93,,
2019-07-01,australia,observed,target,150390.0,,
2019-07-01,australia,signal,flight_capacity,1282.0,,
2019-07-01,australia,signal,search_index,5654.6,,
2019-08-01,australia,observed,target,128280.0,,
2019-08-01,australia,signal,flight_capacity,1273.0,,
2019-08-01,australia,signal,search_index,5624.389999999999,,
2019-09-01,australia,observed,target,98990.0,,
2019-09-01,australia,signal,flight_capacity,1174.0,,
2019-09-01,australia,signal,search_index,6407.71,,
2019-10-01,australia,observed,target,102710.0,,
2019-10-01,australia,signal,flight_capacity,1259.0,,
2019-10-01,australia,signal,search_index,4611.030000000001,,
2019-11-01,australia,observed,target,101390.0,,
2019-11-01,australia,signal,flight_capacity,1439.0,,
2019-11-01,australia,signal,search_index,4498.81,,
2019-12-01,australia,observed,target,111800.0,,
2019-12-01,australia,signal,flight_capacity,1564.0,,
2019-12-01,australia,signal,search_index,4826.67,,
2020-01-01,australia,observed,target,156610.0,,
2020-01-01,australia,signal,flight_capacity,1696.0,,
2020-01-01,australia,signal,search_index,4834.549999999999,,
2020-02-01,australia,observed,target,21330.0,,
2020-02-01,australia,signal,flight_capacity,350.0,,
2020-02-01,australia,signal,search_index,4812.360000000001,,
2020-03-01,australia,observed,target,27940.0,,
2020-03-01,australia,signal,flight_capacity,271.0,,
2020-03-01,australia,signal,search_index,5269.24,,
2020-04-01,australia,observed,target,50.0,,
2020-04-01,australia,signal,flight_capacity,239.0,,
2020-04-01,australia,signal,search_index,4573.84,,
2020-05-01,australia,observed,target,90.0,,
2020-05-01,australia,signal,flight_capacity,238.0,,
2020-05-01,australia,signal,search_index,3188.69,,
2020-06-01,australia,observed,target,180.0,,
2020-06-01,australia,signal,flight_capacity,254.0,,
2020-06-01,australia,signal,search_index,2961.29,,
2020-07-01,australia,observed,target,130.0,,
2020-07-01,australia,signal,flight_capacity,209.0,,
2020-07-01,australia,signal,search_index,2861.87,,
2020-08-01,australia,observed,target,160.0,,
2020-08-01,australia,signal,flight_capacity,246.0,,
2020-08-01,australia,signal,search_index,3106.54,,
2020-09-01,australia,observed,target,200.0,,
2020-09-01,australia,signal,flight_capacity,185.0,,
2020-09-01,australia,signal,search_index,2916.4,,
2020-10-01,australia,observed,target,340.0,,
2020-10-01,australia,signal,flight_capacity,174.0,,
2020-10-01,australia,signal,search_index,2808.29,,
2020-11-01,australia,observed,target,340.0,,
2020-11-01,australia,signal,flight_capacity,181.0,,
2020-11-01,australia,signal,search_index,2731.36,,
2020-12-01,australia,observed,target,320.0,,
2020-12-01,australia,signal,flight_capacity,173.0,,
2020-12-01,australia,signal,search_index,2911.13,,
2021-01-01,australia,observed,target,380.0,,
2021-01-01,australia,signal,flight_capacity,137.0,,
2021-01-01,australia,signal,search_index,2814.97,,
2021-02-01,australia,observed,target,250.0,,
2021-02-01,australia,signal,flight_capacity,103.0,,
2021-02-01,australia,signal,search_index,2752.51,,
2021-03-01,australia,observed,target,260.0,,
2021-03-01,australia,signal,flight_capacity,132.0,,
2021-03-01,australia,signal,search_index,2716.25,,
2021-04-01,australia,observed,target,310.0,,
2021-04-01,australia,signal,flight_capacity,106.0,,
2021-04-01,australia,signal,search_index,2797.17,,
2021-05-01,australia,observed,target,360.0,,
2021-05-01,australia,signal,flight_capacity,97.0,,
2021-05-01,australia,signal,search_index,2759.83,,
2021-06-01,australia,observed,target,360.0,,
2021-06-01,australia,signal,flight_capacity,89.0,,
2021-06-01,australia,signal,search_index,2745.94,,
2021-07-01,australia,observed,target,250.0,,
2021-07-01,australia,signal,flight_capacity,80.0,,
2021-07-01,australia,signal,search_index,2710.7,,
2021-08-01,australia,observed,target,270.0,,
2021-08-01,australia,signal,flight_capacity,66.0,,
2021-08-01,australia,signal,search_index,2851.16,,
2021-09-01,australia,observed,target,140.0,,
2021-09-01,australia,signal,flight_capacity,73.0,,
2021-09-01,australia,signal,search_index,2938.73,,
2021-10-01,australia,observed,target,160.0,,
2021-10-01,australia,signal,flight_capacity,52.0,,
2021-10-01,australia,signal,search_index,2870.07,,
2021-11-01,australia,observed,target,1030.0,,
2021-11-01,australia,signal,flight_capacity,60.0,,
2021-11-01,australia,signal,search_index,2614.96,,
2021-12-01,australia,observed,target,2780.0,,
2021-12-01,australia,signal,flight_capacity,54.0,,
2021-12-01,australia,signal,search_index,2688.77,,
2022-01-01,australia,observed,target,3740.0,,
2022-01-01,australia,signal,flight_capacity,42.0,,
2022-01-01,australia,signal,search_index,2725.65,,
2022-02-01,australia,observed,target,7720.0,,
2022-02-01,australia,signal,flight_capacity,29.0,,
2022-02-01,australia,signal,search_index,2712.99,,
2022-03-01,australia,observed,target,5130.0,,
2022-03-01,australia,signal,flight_capacity,37.0,,
2022-03-01,australia,signal,search_index,3046.36,,
2022-04-01,australia,observed,target,3550.0,,
2022-04-01,australia,signal,flight_capacity,36.0,,
2022-04-01,australia,signal,search_index,3106.69,,
2022-05-01,australia,observed,target,4250.0,,
2022-05-01,australia,signal,flight_capacity,35.0,,
2022-05-01,australia,signal,search_index,3262.27,,
2022-06-01,australia,observed,target,6550.0,,
2022-06-01,australia,signal,flight_capacity,37.0,,
2022-06-01,australia,signal,search_index,3137.58,,
2022-07-01,australia,observed,target,12390.0,,
2022-07-01,australia,signal,flight_capacity,26.0,,
2022-07-01,australia,signal,search_index,3079.8,,
2022-08-01,australia,observed,target,8390.0,,
2022-08-01,australia,signal,flight_capacity,33.0,,
2022-08-01,australia,signal,search_index,3310.87,,
2022-09-01,australia,observed,target,7480.0,,
2022-09-01,australia,signal,flight_capacity,36.0,,
2022-09-01,australia,signal,search_index,3110.78,,
2022-10-01,australia,observed,target,7070.0,,
2022-10-01,australia,signal,flight_capacity,34.0,,
2022-10-01,australia,signal,search_index,3174.23,,
2022-11-01,australia,observed,target,9100.0,,
2022-11-01,australia,signal,flight_capacity,38.0,,
2022-11-01,australia,signal,search_index,3626.91,,
2022-12-01,australia,observed,target,13880.0,,
2022-12-01,australia,signal,flight_capacity,37.0,,
2022-12-01,australia,signal,search_index,4162.139999999999,,
2023-01-01,australia,base_forecast,legacy_ensemble,138689.2352913015,,
2023-01-01,australia,observed,target,14630.0,,
2023-01-01,australia,reference_forecast,legacy_average,14522.85714285714,,
2023-01-01,australia,signal,flight_capacity,86.0,,
2023-01-01,australia,signal,search_index,3769.14,,
2023-02-01,australia,base_forecast,legacy_ensemble,192804.1799464001,,
2023-02-01,australia,reference_forecast,legacy_average,55833.0420688762,,
2023-02-01,australia,signal,flight_capacity,309.0,,
2023-02-01,australia,signal,search_index,3892.25,,
2023-03-01,australia,base_forecast,legacy_ensemble,118149.3003398325,,
2023-03-01,australia,reference_forecast,legacy_average,48120.19771104566,,
2023-03-01,australia,signal,flight_capacity,373.0,,
2023-03-01,australia,signal,search_index,4572.82,,
2023-04-01,australia,base_forecast,legacy_ensemble,103069.1121999347,,
2023-04-01,australia,reference_forecast,legacy_average,49074.52325030303,,
2023-04-01,australia,signal,flight_capacity,448.0,,
2023-04-01,australia,signal,search_index,4697.1,,
2023-05-01,australia,base_forecast,legacy_ensemble,88859.12290317756,,
2023-05-01,australia,reference_forecast,legacy_average,40634.40602614323,,
2023-05-01,australia,signal,flight_capacity,468.0,,
2023-05-01,australia,signal,search_index,4416.16,,
2023-06-01,australia,base_forecast,legacy_ensemble,79039.44057333717,,
2023-06-01,australia,reference_forecast,legacy_average,41491.90579249833,,
2023-06-01,australia,signal,flight_capacity,632.0,,
2023-06-01,australia,signal,search_index,3768.83870967742,,
2023-07-01,australia,base_forecast,legacy_ensemble,139593.0445258495,,
2023-08-01,australia,base_forecast,legacy_ensemble,117538.5240173686,,
2023-08-01,australia,recovery_forecast,legacy_final,54194.22332263092,,
2023-09-01,australia,base_forecast,legacy_ensemble,97171.41937295998,,
2023-09-01,australia,recovery_forecast,legacy_final,48944.60602484475,,
2023-10-01,australia,base_forecast,legacy_ensemble,97138.65809362002,,
2023-10-01,australia,recovery_forecast,legacy_final,51285.23823631366,,
2023-11-01,australia,base_forecast,legacy_ensemble,100926.8223067105,,
2023-11-01,australia,recovery_forecast,legacy_final,61258.76939778862,,
2023-12-01,australia,base_forecast,legacy_ensemble,108145.950504856,,
2023-12-01,australia,recovery_forecast,legacy_final,68685.1721221465,,
2024-01-01,australia,base_forecast,legacy_ensemble,136501.466274322,,
2024-01-01,australia,recovery_forecast,legacy_final,85100.14301445744,,
2024-02-01,australia,base_forecast,legacy_ensemble,194385.5215777543,,
2024-02-01,australia,recovery_forecast,legacy_final,114831.6596174821,,
2024-03-01,australia,base_forecast,legacy_ensemble,117612.5081771587,,
2024-03-01,australia,recovery_forecast,legacy_final,80298.07768640104,,
2024-04-01,australia,base_forecast,legacy_ensemble,102638.757928417,,
2024-04-01,australia,recovery_forecast,legacy_final,75948.33063118169,,
2024-05-01,australia,base_forecast,legacy_ensemble,88556.49590284875,,
2024-05-01,australia,recovery_forecast,legacy_final,63958.56805154099,,
2024-06-01,australia,base_forecast,legacy_ensemble,78680.21095394189,,
2024-06-01,australia,recovery_forecast,legacy_final,56399.45110110173,,
2024-07-01,australia,base_forecast,legacy_ensemble,139394.8917118593,,
2024-07-01,australia,recovery_forecast,legacy_final,105484.6162306524,,
2024-07-01,australia,terminal_forecast,intervention_adjusted,111515.91336948745,,
2024-08-01,australia,base_forecast,legacy_ensemble,118167.8609011766,,
2024-09-01,australia,base_forecast,legacy_ensemble,96545.72037679038,,
2024-10-01,australia,base_forecast,legacy_ensemble,96991.1231283606,,
2024-11-01,australia,base_forecast,legacy_ensemble,100749.9338921206,,
2024-12-01,australia,base_forecast,legacy_ensemble,107925.3608289239,,
2003-05-01,austria,observed,target,2091.0,,
2003-06-01,austria,observed,target,2886.0,,
2003-07-01,austria,observed,target,5271.0,,
2003-08-01,austria,observed,target,11786.0,,
2003-09-01,austria,observed,target,15085.0,,
2003-10-01,austria,observed,target,18506.0,,
2003-11-01,austria,observed,target,16297.0,,
2003-12-01,austria,observed,target,11244.0,,
2004-01-01,austria,observed,target,6353.0,,
2004-02-01,austria,observed,target,5455.0,,
2004-03-01,austria,observed,target,5894.0,,
2004-04-01,austria,observed,target,11939.0,,
2004-05-01,austria,observed,target,13940.0,,
2004-06-01,austria,observed,target,17124.0,,
2004-07-01,austria,observed,target,19686.0,,
2004-08-01,austria,observed,target,21697.0,,
2004-09-01,austria,observed,target,19458.0,,
2004-10-01,austria,observed,target,19267.0,,
2004-11-01,austria,observed,target,20048.0,,
2004-12-01,austria,observed,target,11500.0,,
2005-01-01,austria,observed,target,6270.0,,
2005-02-01,austria,observed,target,7030.0,,
2005-03-01,austria,observed,target,6851.0,,
2005-04-01,austria,observed,target,11994.0,,
2005-05-01,austria,observed,target,14728.0,,
2005-06-01,austria,observed,target,18453.0,,
2005-07-01,austria,observed,target,21648.0,,
2005-08-01,austria,observed,target,23058.0,,
2005-09-01,austria,observed,target,20948.0,,
2005-10-01,austria,observed,target,19414.0,,
2005-11-01,austria,observed,target,14326.0,,
2005-12-01,austria,observed,target,12057.0,,
2006-01-01,austria,observed,target,7204.0,,
2006-02-01,austria,observed,target,8355.0,,
2006-03-01,austria,observed,target,8172.0,,
2006-04-01,austria,observed,target,13918.0,,
2006-05-01,austria,observed,target,15964.0,,
2006-06-01,austria,observed,target,18432.0,,
2006-07-01,austria,observed,target,21767.0,,
2006-08-01,austria,observed,target,19595.0,,
2006-09-01,austria,observed,target,18913.0,,
2006-10-01,austria,observed,target,19064.0,,
2006-11-01,austria,observed,target,14939.0,,
2006-12-01,austria,observed,target,10357.0,,
2007-01-01,austria,observed,target,7077.0,,
2007-02-01,austria,observed,target,7746.0,,
2007-03-01,austria,observed,target,6437.0,,
2007-04-01,austria,observed,target,14483.0,,
2007-05-01,austria,observed,target,13669.0,,
2007-06-01,austria,observed,target,17491.0,,
2007-07-01,austria,observed,target,18256.0,,
2007-08-01,austria,observed,target,22901.0,,
2007-09-01,austria,observed,target,19571.0,,
2007-10-01,austria,observed,target,19004.0,,
2007-11-01,austria,observed,target,13575.0,,
2007-12-01,austria,observed,target,10913.0,,
2008-01-01,austria,observed,target,7103.0,,
2008-02-01,austria,observed,target,8437.0,,
2008-03-01,austria,observed,target,8209.0,,
2008-04-01,austria,observed,target,12418.0,,
2008-05-01,austria,observed,target,17886.0,,
2008-06-01,austria,observed,target,13769.0,,
2008-07-01,austria,observed,target,24034.0,,
2008-08-01,austria,observed,target,15013.0,,
2008-09-01,austria,observed,target,15277.0,,
2008-10-01,austria,observed,target,14957.0,,
2008-11-01,austria,observed,target,10413.0,,
2008-12-01,austria,observed,target,8674.0,,
2009-01-01,austria,observed,target,7629.0,,
2009-02-01,austria,observed,target,5533.0,,
2009-03-01,austria,observed,target,8653.0,,
2009-04-01,austria,observed,target,14732.0,,
2009-05-01,austria,observed,target,17114.0,,
2009-06-01,austria,observed,target,13228.0,,
2009-07-01,austria,observed,target,16564.0,,
2009-08-01,austria,observed,target,18644.0,,
2009-09-01,austria,observed,target,16101.0,,
2009-10-01,austria,observed,target,17541.0,,
2009-11-01,austria,observed,target,10051.0,,
2009-12-01,austria,observed,target,9389.0,,
2010-01-01,austria,observed,target,5843.0,,
2010-02-01,austria,observed,target,7675.0,,
2010-03-01,austria,observed,target,8978.0,,
2010-04-01,austria,observed,target,13200.0,,
2010-05-01,austria,observed,target,16537.0,,
2010-06-01,austria,observed,target,18518.0,,
2010-07-01,austria,observed,target,22256.0,,
2010-08-01,austria,observed,target,24076.0,,
2010-09-01,austria,observed,target,22795.0,,
2010-10-01,austria,observed,target,19805.0,,
2010-11-01,austria,observed,target,12725.0,,
2010-12-01,austria,observed,target,9874.0,,
2011-01-01,austria,observed,target,6806.0,,
2011-02-01,austria,observed,target,12020.0,,
2011-02-01,austria,signal,search_index,293.48,,
2011-03-01,austria,observed,target,11913.0,,
2011-03-01,austria,signal,search_index,361.86,,
2011-04-01,austria,observed,target,22496.0,,
2011-04-01,austria,signal,search_index,416.45,,
2011-05-01,austria,observed,target,25527.0,,
2011-05-01,austria,signal,search_index,443.04,,
2011-06-01,austria,observed,target,26073.0,,
2011-06-01,austria,signal,search_index,444.45,,
2011-07-01,austria,observed,target,35108.0,,
2011-07-01,austria,signal,search_index,468.07,,
2011-08-01,austria,observed,target,35053.0,,
2011-08-01,austria,signal,search_index,440.3200000000001,,
2011-09-01,austria,observed,target,29164.0,,
2011-09-01,austria,signal,search_index,456.22,,
2011-10-01,austria,observed,target,26825.0,,
2011-10-01,austria,signal,search_index,435.3,,
2011-11-01,austria,observed,target,15547.0,,
2011-11-01,austria,signal,search_index,388.41,,
2011-12-01,austria,observed,target,13412.0,,
2011-12-01,austria,signal,search_index,410.67,,
2012-01-01,austria,observed,target,15648.0,,
2012-01-01,austria,signal,search_index,335.81,,
2012-02-01,austria,observed,target,11573.0,,
2012-02-01,austria,signal,search_index,369.35,,
2012-03-01,austria,observed,target,14227.0,,
2012-03-01,austria,signal,search_index,485.8,,
2012-04-01,austria,observed,target,27678.0,,
2012-04-01,austria,signal,search_index,465.68,,
2012-05-01,austria,observed,target,33749.0,,
2012-05-01,austria,signal,search_index,467.8,,
2012-06-01,austria,observed,target,36446.0,,
2012-06-01,austria,signal,search_index,523.39,,
2012-07-01,austria,observed,target,46824.0,,
2012-07-01,austria,signal,search_index,530.6999999999999,,
2012-08-01,austria,observed,target,48939.0,,
2012-08-01,austria,signal,search_index,548.5500000000001,,
2012-09-01,austria,observed,target,41009.0,,
2012-09-01,austria,signal,search_index,527.26,,
2012-10-01,austria,observed,target,41181.0,,
2012-10-01,austria,signal,search_index,478.03,,
2012-11-01,austria,observed,target,20576.0,,
2012-11-01,austria,signal,search_index,477.16,,
2012-12-01,austria,observed,target,16807.0,,
2012-12-01,austria,signal,search_index,469.87,,
2013-01-01,austria,observed,target,8607.0,,
2013-01-01,austria,signal,search_index,422.87,,
2013-02-01,austria,observed,target,16815.0,,
2013-02-01,austria,signal,search_index,425.22,,
2013-03-01,austria,observed,target,18837.0,,
2013-03-01,austria,signal,search_index,455.1799999999999,,
2013-04-01,austria,observed,target,31966.0,,
2013-04-01,austria,signal,search_index,503.6799999999999,,
2013-05-01,austria,observed,target,40439.0,,
2013-05-01,austria,signal,search_index,510.49,,
2013-06-01,austria,observed,target,43810.0,,
2013-06-01,austria,signal,search_index,543.18,,
2013-07-01,austria,observed,target,58687.0,,
2013-07-01,austria,signal,search_index,683.8000000000001,,
2013-08-01,austria,observed,target,53769.0,,
2013-08-01,austria,signal,search_index,698.2,,
2013-09-01,austria,observed,target,49198.0,,
2013-09-01,austria,signal,search_index,677.29,,
2013-10-01,austria,observed,target,42630.0,,
2013-10-01,austria,signal,search_index,621.01,,
2013-11-01,austria,observed,target,23892.0,,
2013-11-01,austria,signal,search_index,634.27,,
2013-12-01,austria,observed,target,19859.0,,
2013-12-01,austria,signal,search_index,576.8399999999999,,
2014-01-01,austria,observed,target,16884.0,,
2014-01-01,austria,signal,search_index,554.52,,
2014-02-01,austria,observed,target,22273.0,,
2014-02-01,austria,signal,search_index,530.9100000000001,,
2014-03-01,austria,observed,target,28956.0,,
2014-03-01,austria,signal,search_index,608.5,,
2014-04-01,austria,observed,target,40697.0,,
2014-04-01,austria,signal,search_index,642.97,,
2014-05-01,austria,observed,target,45279.0,,
2014-05-01,austria,signal,search_index,634.23,,
2014-06-01,austria,observed,target,46878.0,,
2014-06-01,austria,signal,search_index,689.6800000000001,,
2014-07-01,austria,observed,target,68147.0,,
2014-07-01,austria,signal,search_index,711.77,,
2014-08-01,austria,observed,target,64859.0,,
2014-08-01,austria,signal,search_index,956.61,,
2014-09-01,austria,observed,target,50399.0,,
2014-09-01,austria,signal,search_index,853.22,,
2014-10-01,austria,observed,target,54617.0,,
2014-10-01,austria,signal,search_index,617.87,,
2014-11-01,austria,observed,target,30948.0,,
2014-11-01,austria,signal,search_index,557.35,,
2014-12-01,austria,observed,target,27988.0,,
2014-12-01,austria,signal,search_index,534.04,,
2015-01-01,austria,observed,target,19447.0,,
2015-01-01,austria,signal,search_index,515.38,,
2015-02-01,austria,observed,target,32988.0,,
2015-02-01,austria,signal,search_index,555.49,,
2015-03-01,austria,observed,target,37122.0,,
2015-03-01,austria,signal,search_index,545.39,,
2015-04-01,austria,observed,target,56461.0,,
2015-04-01,austria,signal,search_index,607.84,,
2015-05-01,austria,observed,target,70834.0,,
2015-05-01,austria,signal,search_index,603.8,,
2015-06-01,austria,observed,target,77752.0,,
2015-06-01,austria,signal,search_index,606.16,,
2015-07-01,austria,observed,target,101613.0,,
2015-07-01,austria,signal,search_index,632.63,,
2015-08-01,austria,observed,target,100882.0,,
2015-08-01,austria,signal,search_index,700.35,,
2015-09-01,austria,observed,target,77048.0,,
2015-09-01,austria,signal,search_index,697.49,,
2015-10-01,austria,observed,target,74838.0,,
2015-10-01,austria,signal,search_index,608.8399999999999,,
2015-11-01,austria,observed,target,38281.0,,
2015-11-01,austria,signal,search_index,540.16,,
2015-12-01,austria,observed,target,27853.0,,
2015-12-01,austria,signal,search_index,535.97,,
2016-01-01,austria,observed,target,21246.0,,
2016-01-01,austria,signal,search_index,515.49,,
2016-02-01,austria,observed,target,32158.0,,
2016-02-01,austria,signal,search_index,538.77,,
2016-03-01,austria,observed,target,41193.0,,
2016-03-01,austria,signal,search_index,621.03,,
2016-04-01,austria,observed,target,57463.0,,
2016-04-01,austria,signal,search_index,721.1300000000001,,
2016-05-01,austria,observed,target,73727.0,,
2016-05-01,austria,signal,search_index,695.3399999999999,,
2016-06-01,austria,observed,target,76914.0,,
2016-06-01,austria,signal,search_index,736.26,,
2016-07-01,austria,observed,target,97675.0,,
2016-07-01,austria,signal,search_index,828.47,,
2016-08-01,austria,observed,target,94760.0,,
2016-08-01,austria,signal,search_index,801.7,,
2016-09-01,austria,observed,target,73470.0,,
2016-09-01,austria,signal,search_index,751.94,,
2016-10-01,austria,observed,target,77260.0,,
2016-10-01,austria,signal,search_index,727.37,,
2016-11-01,austria,observed,target,49122.0,,
2016-11-01,austria,signal,search_index,644.0,,
2016-12-01,austria,observed,target,36541.0,,
2016-12-01,austria,signal,search_index,637.1600000000001,,
2017-01-01,austria,observed,target,41736.0,,
2017-01-01,austria,signal,search_index,630.26,,
2017-02-01,austria,observed,target,42273.0,,
2017-02-01,austria,signal,search_index,643.84,,
2017-03-01,austria,observed,target,53079.0,,
2017-03-01,austria,signal,search_index,727.25,,
2017-04-01,austria,observed,target,67901.0,,
2017-04-01,austria,signal,search_index,774.48,,
2017-05-01,austria,observed,target,90569.0,,
2017-05-01,austria,signal,search_index,753.5999999999999,,
2017-06-01,austria,observed,target,93570.0,,
2017-06-01,austria,signal,search_index,813.29,,
2017-07-01,austria,observed,target,111725.0,,
2017-07-01,austria,signal,search_index,837.49,,
2017-08-01,austria,observed,target,106321.0,,
2017-08-01,austria,signal,search_index,827.22,,
2017-09-01,austria,observed,target,87672.0,,
2017-09-01,austria,signal,search_index,843.74,,
2017-10-01,austria,observed,target,100960.0,,
2017-10-01,austria,signal,search_index,758.83,,
2017-11-01,austria,observed,target,56124.0,,
2017-11-01,austria,signal,search_index,643.1999999999999,,
2017-12-01,austria,observed,target,47706.0,,
2017-12-01,austria,signal,search_index,590.4,,
2018-01-01,austria,observed,target,33666.0,,
2018-01-01,austria,signal,search_index,573.5799999999999,,
2018-02-01,austria,observed,target,54547.0,,
2018-02-01,austria,signal,search_index,619.3199999999999,,
2018-03-01,austria,observed,target,56224.0,,
2018-03-01,austria,signal,search_index,613.82,,
2018-04-01,austria,observed,target,73892.0,,
2018-04-01,austria,signal,search_index,728.74,,
2018-05-01,austria,observed,target,97632.0,,
2018-05-01,austria,signal,search_index,837.07,,
2018-06-01,austria,observed,target,105020.0,,
2018-06-01,austria,signal,search_index,827.01,,
2018-07-01,austria,observed,target,121990.0,,
2018-07-01,austria,signal,search_index,832.6999999999999,,
2018-08-01,austria,observed,target,118033.0,,
2018-08-01,austria,signal,search_index,846.8399999999999,,
2018-09-01,austria,observed,target,99190.0,,
2018-09-01,austria,signal,search_index,849.71,,
2018-10-01,austria,observed,target,104813.0,,
2018-10-01,austria,signal,search_index,793.53,,
2018-11-01,austria,observed,target,59398.0,,
2018-11-01,austria,signal,search_index,698.87,,
2018-12-01,austria,observed,target,48593.0,,
2018-12-01,austria,signal,search_index,645.27,,
2019-01-01,austria,observed,target,39178.0,,
2019-01-01,austria,signal,flight_capacity,120.0,,
2019-01-01,austria,signal,search_index,629.49,,
2019-02-01,austria,observed,target,55972.0,,
2019-02-01,austria,signal,flight_capacity,102.0,,
2019-02-01,austria,signal,search_index,706.5799999999999,,
2019-03-01,austria,observed,target,61045.0,,
2019-03-01,austria,signal,flight_capacity,124.0,,
2019-03-01,austria,signal,search_index,731.8199999999999,,
2019-04-01,austria,observed,target,80045.0,,
2019-04-01,austria,signal,flight_capacity,127.0,,
2019-04-01,austria,signal,search_index,789.74,,
2019-05-01,austria,observed,target,98191.0,,
2019-05-01,austria,signal,flight_capacity,143.0,,
2019-05-01,austria,signal,search_index,806.31,,
2019-06-01,austria,observed,target,109860.0,,
2019-06-01,austria,signal,flight_capacity,160.0,,
2019-06-01,austria,signal,search_index,833.71,,
2019-07-01,austria,observed,target,128380.0,,
2019-07-01,austria,signal,flight_capacity,175.0,,
2019-07-01,austria,signal,search_index,870.1700000000001,,
2019-08-01,austria,observed,target,122578.0,,
2019-08-01,austria,signal,flight_capacity,178.0,,
2019-08-01,austria,signal,search_index,829.16,,
2019-09-01,austria,observed,target,101477.0,,
2019-09-01,austria,signal,flight_capacity,165.0,,
2019-09-01,austria,signal,search_index,863.1000000000001,,
2019-10-01,austria,observed,target,116176.0,,
2019-10-01,austria,signal,flight_capacity,172.0,,
2019-10-01,austria,signal,search_index,713.2,,
2019-11-01,austria,observed,target,68545.0,,
2019-11-01,austria,signal,flight_capacity,147.0,,
2019-11-01,austria,signal,search_index,676.3499999999999,,
2019-12-01,austria,observed,target,52055.0,,
2019-12-01,austria,signal,flight_capacity,138.0,,
2019-12-01,austria,signal,search_index,681.86,,
2020-01-01,austria,observed,target,53354.0,,
2020-01-01,austria,signal,flight_capacity,135.0,,
2020-01-01,austria,signal,search_index,653.4200000000001,,
2020-02-01,austria,observed,target,13084.0,,
2020-02-01,austria,signal,flight_capacity,22.0,,
2020-02-01,austria,signal,search_index,639.8800000000001,,
2020-03-01,austria,observed,target,2908.0,,
2020-03-01,austria,signal,flight_capacity,2.0,,
2020-03-01,austria,signal,search_index,542.72,,
2020-04-01,austria,observed,target,23.0,,
2020-04-01,austria,signal,flight_capacity,6.0,,
2020-04-01,austria,signal,search_index,509.94,,
2020-05-01,austria,observed,target,46.0,,
2020-05-01,austria,signal,flight_capacity,14.0,,
2020-05-01,austria,signal,search_index,455.87,,
2020-06-01,austria,observed,target,207.0,,
2020-06-01,austria,signal,flight_capacity,8.0,,
2020-06-01,austria,signal,search_index,425.1300000000001,,
2020-07-01,austria,observed,target,551.0,,
2020-07-01,austria,signal,flight_capacity,9.0,,
2020-07-01,austria,signal,search_index,407.1,,
2020-08-01,austria,observed,target,647.0,,
2020-08-01,austria,signal,flight_capacity,10.0,,
2020-08-01,austria,signal,search_index,381.55,,
2020-09-01,austria,observed,target,375.0,,
2020-09-01,austria,signal,flight_capacity,7.0,,
2020-09-01,austria,signal,search_index,328.71,,
2020-10-01,austria,observed,target,262.0,,
2020-10-01,austria,signal,flight_capacity,19.0,,
2020-10-01,austria,signal,search_index,346.16,,
2020-11-01,austria,observed,target,92.0,,
2020-11-01,austria,signal,flight_capacity,17.0,,
2020-11-01,austria,signal,search_index,348.3,,
2020-12-01,austria,observed,target,126.0,,
2020-12-01,austria,signal,flight_capacity,14.0,,
2020-12-01,austria,signal,search_index,297.03,,
2021-01-01,austria,observed,target,100.0,,
2021-01-01,austria,signal,flight_capacity,16.0,,
2021-01-01,austria,signal,search_index,278.35,,
2021-02-01,austria,observed,target,93.0,,
2021-02-01,austria,signal,flight_capacity,8.0,,
2021-02-01,austria,signal,search_index,280.9299999999999,,
2021-03-01,austria,observed,target,115.0,,
2021-03-01,austria,signal,flight_capacity,10.0,,
2021-03-01,austria,signal,search_index,297.5,,
2021-04-01,austria,observed,target,75.0,,
2021-04-01,austria,signal,flight_capacity,10.0,,
2021-04-01,austria,signal,search_index,286.0,,
2021-05-01,austria,observed,target,216.0,,
2021-05-01,austria,signal,flight_capacity,13.0,,
2021-05-01,austria,signal,search_index,241.53,,
2021-06-01,austria,observed,target,416.0,,
2021-06-01,austria,signal,flight_capacity,10.0,,
2021-06-01,austria,signal,search_index,291.68,,
2021-07-01,austria,observed,target,945.0,,
2021-07-01,austria,signal,flight_capacity,18.0,,
2021-07-01,austria,signal,search_index,337.74,,
2021-08-01,austria,observed,target,1493.0,,
2021-08-01,austria,signal,flight_capacity,13.0,,
2021-08-01,austria,signal,search_index,302.65,,
2021-09-01,austria,observed,target,1110.0,,
2021-09-01,austria,signal,flight_capacity,12.0,,
2021-09-01,austria,signal,search_index,311.74,,
2021-10-01,austria,observed,target,1357.0,,
2021-10-01,austria,signal,flight_capacity,15.0,,
2021-10-01,austria,signal,search_index,272.34,,
2021-11-01,austria,observed,target,960.0,,
2021-11-01,austria,signal,flight_capacity,13.0,,
2021-11-01,austria,signal,search_index,277.78,,
2021-12-01,austria,observed,target,1460.0,,
2021-12-01,austria,signal,flight_capacity,13.0,,
2021-12-01,austria,signal,search_index,280.77,,
2022-01-01,austria,observed,target,887.0,,
2022-01-01,austria,signal,flight_capacity,16.0,,
2022-01-01,austria,signal,search_index,256.36,,
2022-02-01,austria,observed,target,891.0,,
2022-02-01,austria,signal,flight_capacity,11.0,,
2022-02-01,austria,signal,search_index,270.26,,
2022-03-01,austria,observed,target,1615.0,,
2022-03-01,austria,signal,flight_capacity,10.0,,
2022-03-01,austria,signal,search_index,326.39,,
2022-04-01,austria,observed,target,2156.0,,
2022-04-01,austria,signal,flight_capacity,5.0,,
2022-04-01,austria,signal,search_index,319.36,,
2022-05-01,austria,observed,target,2942.0,,
2022-05-01,austria,signal,flight_capacity,9.0,,
2022-05-01,austria,signal,search_index,384.63,,
2022-06-01,austria,observed,target,3275.0,,
2022-06-01,austria,signal,flight_capacity,6.0,,
2022-06-01,austria,signal,search_index,382.3199999999999,,
2022-07-01,austria,observed,target,5290.0,,
2022-07-01,austria,signal,flight_capacity,8.0,,
2022-07-01,austria,signal,search_index,357.0,,
2022-08-01,austria,observed,target,4745.0,,
2022-08-01,austria,signal,flight_capacity,13.0,,
2022-08-01,austria,signal,search_index,361.11,,
2022-09-01,austria,observed,target,4352.0,,
2022-09-01,austria,signal,flight_capacity,16.0,,
2022-09-01,austria,signal,search_index,362.55,,
2022-10-01,austria,observed,target,5018.0,,
2022-10-01,austria,signal,flight_capacity,11.0,,
2022-10-01,austria,signal,search_index,333.16,,
2022-11-01,austria,observed,target,4220.0,,
2022-11-01,austria,signal,flight_capacity,14.0,,
2022-11-01,austria,signal,search_index,308.3,,
2022-12-01,austria,observed,target,7166.0,,
2022-12-01,austria,signal,flight_capacity,11.0,,
2022-12-01,austria,signal,search_index,281.16,,
2023-01-01,austria,base_forecast,legacy_ensemble,42470.76097087362,,
2023-01-01,austria,observed,target,4440.0,,
2023-01-01,austria,reference_forecast,legacy_average,4829.428571428572,,
2023-01-01,austria,signal,flight_capacity,18.0,,
2023-01-01,austria,signal,search_index,336.65,,
2023-02-01,austria,base_forecast,legacy_ensemble,56839.9472222549,,
2023-02-01,austria,reference_forecast,legacy_average,3830.87233446216,,
2023-02-01,austria,signal,flight_capacity,20.0,,
2023-02-01,austria,signal,search_index,366.71,,
2023-03-01,austria,base_forecast,legacy_ensemble,62119.71065285933,,
2023-03-01,austria,reference_forecast,legacy_average,8669.252308402525,,
2023-03-01,austria,signal,flight_capacity,41.0,,
2023-03-01,austria,signal,search_index,456.43,,
2023-04-01,austria,base_forecast,legacy_ensemble,80894.25302124789,,
2023-04-01,austria,reference_forecast,legacy_average,12439.82019244655,,
2023-04-01,austria,signal,flight_capacity,50.0,,
2023-04-01,austria,signal,search_index,476.67,,
2023-05-01,austria,base_forecast,legacy_ensemble,100052.6176219425,,
2023-05-01,austria,reference_forecast,legacy_average,15060.83259788261,,
2023-05-01,austria,signal,flight_capacity,52.0,,
2023-05-01,austria,signal,search_index,485.96,,
2023-06-01,austria,base_forecast,legacy_ensemble,108093.628433354,,
2023-06-01,austria,reference_forecast,legacy_average,15119.0071600535,,
2023-06-01,austria,signal,flight_capacity,53.0,,
2023-06-01,austria,signal,search_index,471.6774193548387,,
2023-07-01,austria,base_forecast,legacy_ensemble,128303.5418745747,,
2023-08-01,austria,base_forecast,legacy_ensemble,123195.1515142317,,
2023-08-01,austria,recovery_forecast,legacy_final,26183.02049619871,,
2023-09-01,austria,base_forecast,legacy_ensemble,102193.3810663733,,
2023-09-01,austria,recovery_forecast,legacy_final,28788.04664682223,,
2023-10-01,austria,base_forecast,legacy_ensemble,110388.4543039841,,
2023-10-01,austria,recovery_forecast,legacy_final,32294.19606825991,,
2023-11-01,austria,base_forecast,legacy_ensemble,64244.99927767761,,
2023-11-01,austria,recovery_forecast,legacy_final,23600.34153145073,,
2023-12-01,austria,base_forecast,legacy_ensemble,49762.85904735538,,
2023-12-01,austria,recovery_forecast,legacy_final,20904.5666405225,,
2024-01-01,austria,base_forecast,legacy_ensemble,40068.48491207721,,
2024-01-01,austria,recovery_forecast,legacy_final,12994.84347336683,,
2024-02-01,austria,base_forecast,legacy_ensemble,54984.81650522661,,
2024-02-01,austria,recovery_forecast,legacy_final,21013.80205006576,,
2024-03-01,austria,base_forecast,legacy_ensemble,60218.06319262731,,
2024-03-01,austria,recovery_forecast,legacy_final,24148.05157142283,,
2024-04-01,austria,base_forecast,legacy_ensemble,79909.92206739532,,
2024-04-01,austria,recovery_forecast,legacy_final,36463.34536601236,,
2024-05-01,austria,base_forecast,legacy_ensemble,99052.50212932526,,
2024-05-01,austria,recovery_forecast,legacy_final,46322.77311144016,,
2024-06-01,austria,base_forecast,legacy_ensemble,107591.0731505557,,
2024-06-01,austria,recovery_forecast,legacy_final,56165.85184493635,,
2024-07-01,austria,base_forecast,legacy_ensemble,128344.3590212015,,
2024-07-01,austria,recovery_forecast,legacy_final,70506.74091015506,,
2024-07-01,austria,terminal_forecast,intervention_adjusted,83423.83336378097,,
2024-08-01,austria,base_forecast,legacy_ensemble,123318.3378630682,,
2024-09-01,austria,base_forecast,legacy_ensemble,101645.9671837123,,
2024-10-01,austria,base_forecast,legacy_ensemble,109865.8443516129,,
2024-11-01,austria,base_forecast,legacy_ensemble,62917.00342925999,,
2024-12-01,austria,base_forecast,legacy_ensemble,47747.61268235954,,
2003-01-01,cambodia,observed,target,2894.0,,
2003-02-01,cambodia,observed,target,3921.0,,
2003-03-01,cambodia,observed,target,3568.0,,
2003-04-01,cambodia,observed,target,2598.0,,
2003-05-01,cambodia,observed,target,1763.0,,
2003-06-01,cambodia,observed,target,2368.0,,
2003-07-01,cambodia,observed,target,3450.0,,
2003-08-01,cambodia,observed,target,5081.0,,
2003-09-01,cambodia,observed,target,3338.0,,
2003-10-01,cambodia,observed,target,2524.0,,
2003-11-01,cambodia,observed,target,3336.0,,
2003-12-01,cambodia,observed,target,3823.0,,
2004-01-01,cambodia,observed,target,4636.0,,
2004-02-01,cambodia,observed,target,3289.0,,
2004-03-01,cambodia,observed,target,3524.0,,
2004-04-01,cambodia,observed,target,3949.0,,
2004-05-01,cambodia,observed,target,4026.0,,
2004-06-01,cambodia,observed,target,3382.0,,
2004-07-01,cambodia,observed,target,3558.0,,
2004-08-01,cambodia,observed,target,3556.0,,
2004-09-01,cambodia,observed,target,3929.0,,
2004-10-01,cambodia,observed,target,4418.0,,
2004-11-01,cambodia,observed,target,3935.0,,
2004-12-01,cambodia,observed,target,4123.0,,
2005-01-01,cambodia,observed,target,3289.0,,
2005-02-01,cambodia,observed,target,7029.0,,
2005-03-01,cambodia,observed,target,4286.0,,
2005-04-01,cambodia,observed,target,4896.0,,
2005-05-01,cambodia,observed,target,4689.0,,
2005-06-01,cambodia,observed,target,4165.0,,
2005-07-01,cambodia,observed,target,4681.0,,
2005-08-01,cambodia,observed,target,4806.0,,
2005-09-01,cambodia,observed,target,4909.0,,
2005-10-01,cambodia,observed,target,5851.0,,
2005-11-01,cambodia,observed,target,5280.0,,
2005-12-01,cambodia,observed,target,5272.0,,
2006-01-01,cambodia,observed,target,5927.0,,
2006-02-01,cambodia,observed,target,7544.0,,
2006-03-01,cambodia,observed,target,6090.0,,
2006-04-01,cambodia,observed,target,6927.0,,
2006-05-01,cambodia,observed,target,5050.0,,
2006-06-01,cambodia,observed,target,5082.0,,
2006-07-01,cambodia,observed,target,5792.0,,
2006-08-01,cambodia,observed,target,6527.0,,
2006-09-01,cambodia,observed,target,7370.0,,
2006-10-01,cambodia,observed,target,7376.0,,
2006-11-01,cambodia,observed,target,7526.0,,
2006-12-01,cambodia,observed,target,9329.0,,
2007-01-01,cambodia,observed,target,8693.0,,
2007-02-01,cambodia,observed,target,12944.0,,
2007-03-01,cambodia,observed,target,8978.0,,
2007-04-01,cambodia,observed,target,10221.0,,
2007-05-01,cambodia,observed,target,9432.0,,
2007-06-01,cambodia,observed,target,7417.0,,
2007-07-01,cambodia,observed,target,7943.0,,
2007-08-01,cambodia,observed,target,8614.0,,
2007-09-01,cambodia,observed,target,8673.0,,
2007-10-01,cambodia,observed,target,11459.0,,
2007-11-01,cambodia,observed,target,11278.0,,
2007-12-01,cambodia,observed,target,12765.0,,
2008-01-01,cambodia,observed,target,11009.0,,
2008-02-01,cambodia,observed,target,17200.0,,
2008-03-01,cambodia,observed,target,12402.0,,
2008-04-01,cambodia,observed,target,11767.0,,
2008-05-01,cambodia,observed,target,9804.0,,
2008-06-01,cambodia,observed,target,7604.0,,
2008-07-01,cambodia,observed,target,8350.0,,
2008-08-01,cambodia,observed,target,8584.0,,
2008-09-01,cambodia,observed,target,9995.0,,
2008-10-01,cambodia,observed,target,10754.0,,
2008-11-01,cambodia,observed,target,10495.0,,
2008-12-01,cambodia,observed,target,11662.0,,
2009-01-01,cambodia,observed,target,16893.0,,
2009-02-01,cambodia,observed,target,12067.0,,
2009-03-01,cambodia,observed,target,9508.0,,
2009-04-01,cambodia,observed,target,10204.0,,
2009-05-01,cambodia,observed,target,7781.0,,
2009-06-01,cambodia,observed,target,5695.0,,
2009-07-01,cambodia,observed,target,7987.0,,
2009-08-01,cambodia,observed,target,10513.0,,
2009-09-01,cambodia,observed,target,10089.0,,
2009-10-01,cambodia,observed,target,11904.0,,
2009-11-01,cambodia,observed,target,12253.0,,
2009-12-01,cambodia,observed,target,13316.0,,
2010-01-01,cambodia,observed,target,13472.0,,
2010-02-01,cambodia,observed,target,20771.0,,
2010-03-01,cambodia,observed,target,14698.0,,
2010-04-01,cambodia,observed,target,14455.0,,
2010-05-01,cambodia,observed,target,11162.0,,
2010-06-01,cambodia,observed,target,9777.0,,
2010-07-01,cambodia,observed,target,14306.0,,
2010-08-01,cambodia,observed,target,15658.0,,
2010-09-01,cambodia,observed,target,13530.0,,
2010-10-01,cambodia,observed,target,16331.0,,
2010-11-01,cambodia,observed,target,16738.0,,
2010-12-01,cambodia,observed,target,16738.0,,
2011-01-01,cambodia,observed,target,21927.0,,
2011-02-01,cambodia,observed,target,26259.0,,
2011-02-01,cambodia,signal,search_index,1240.35,,
2011-03-01,cambodia,observed,target,18650.0,,
2011-03-01,cambodia,signal,search_index,1201.43,,
2011-04-01,cambodia,observed,target,18339.0,,
2011-04-01,cambodia,signal,search_index,1384.59,,
2011-05-01,cambodia,observed,target,14356.0,,
2011-05-01,cambodia,signal,search_index,1380.57,,
2011-06-01,cambodia,observed,target,14244.0,,
2011-06-01,cambodia,signal,search_index,1349.78,,
2011-07-01,cambodia,observed,target,22241.0,,
2011-07-01,cambodia,signal,search_index,1426.1,,
2011-08-01,cambodia,observed,target,22476.0,,
2011-08-01,cambodia,signal,search_index,1507.65,,
2011-09-01,cambodia,observed,target,19041.0,,
2011-09-01,cambodia,signal,search_index,1603.09,,
2011-10-01,cambodia,observed,target,20817.0,,
2011-10-01,cambodia,signal,search_index,1555.83,,
2011-11-01,cambodia,observed,target,22126.0,,
2011-11-01,cambodia,signal,search_index,1542.2,,
2011-12-01,cambodia,observed,target,26721.0,,
2011-12-01,cambodia,signal,search_index,1776.11,,
2012-01-01,cambodia,observed,target,35398.0,,
2012-01-01,cambodia,signal,search_index,1872.07,,
2012-02-01,cambodia,observed,target,27079.0,,
2012-02-01,cambodia,signal,search_index,1689.64,,
2012-03-01,cambodia,observed,target,26375.0,,
2012-03-01,cambodia,signal,search_index,2063.55,,
2012-04-01,cambodia,observed,target,23731.0,,
2012-04-01,cambodia,signal,search_index,1970.91,,
2012-05-01,cambodia,observed,target,19386.0,,
2012-05-01,cambodia,signal,search_index,1936.63,,
2012-06-01,cambodia,observed,target,19918.0,,
2012-06-01,cambodia,signal,search_index,1729.64,,
2012-07-01,cambodia,observed,target,27364.0,,
2012-07-01,cambodia,signal,search_index,1756.77,,
2012-08-01,cambodia,observed,target,28366.0,,
2012-08-01,cambodia,signal,search_index,1938.07,,
2012-09-01,cambodia,observed,target,26819.0,,
2012-09-01,cambodia,signal,search_index,1981.55,,
2012-10-01,cambodia,observed,target,30892.0,,
2012-10-01,cambodia,signal,search_index,1839.74,,
2012-11-01,cambodia,observed,target,32592.0,,
2012-11-01,cambodia,signal,search_index,2184.54,,
2012-12-01,cambodia,observed,target,35974.0,,
2012-12-01,cambodia,signal,search_index,1999.17,,
2013-01-01,cambodia,observed,target,39961.0,,
2013-01-01,cambodia,signal,search_index,2241.67,,
2013-02-01,cambodia,observed,target,55482.0,,
2013-02-01,cambodia,signal,search_index,2421.17,,
2013-03-01,cambodia,observed,target,42340.0,,
2013-03-01,cambodia,signal,search_index,2359.86,,
2013-04-01,cambodia,observed,target,36371.0,,
2013-04-01,cambodia,signal,search_index,2370.88,,
2013-05-01,cambodia,observed,target,28273.0,,
2013-05-01,cambodia,signal,search_index,2221.36,,
2013-06-01,cambodia,observed,target,28570.0,,
2013-06-01,cambodia,signal,search_index,2088.13,,
2013-07-01,cambodia,observed,target,36509.0,,
2013-07-01,cambodia,signal,search_index,2087.96,,
2013-08-01,cambodia,observed,target,38043.0,,
2013-08-01,cambodia,signal,search_index,2120.39,,
2013-09-01,cambodia,observed,target,34345.0,,
2013-09-01,cambodia,signal,search_index,2123.13,,
2013-10-01,cambodia,observed,target,36676.0,,
2013-10-01,cambodia,signal,search_index,2158.3,,
2013-11-01,cambodia,observed,target,40691.0,,
2013-11-01,cambodia,signal,search_index,2158.9,,
2013-12-01,cambodia,observed,target,45862.0,,
2013-12-01,cambodia,signal,search_index,2135.5,,
2014-01-01,cambodia,observed,target,51200.0,,
2014-01-01,cambodia,signal,search_index,2577.77,,
2014-02-01,cambodia,observed,target,61597.0,,
2014-02-01,cambodia,signal,search_index,2607.22,,
2014-03-01,cambodia,observed,target,50071.0,,
2014-03-01,cambodia,signal,search_index,2852.32,,
2014-04-01,cambodia,observed,target,41870.0,,
2014-04-01,cambodia,signal,search_index,2482.09,,
2014-05-01,cambodia,observed,target,35919.0,,
2014-05-01,cambodia,signal,search_index,2482.76,,
2014-06-01,cambodia,observed,target,34373.0,,
2014-06-01,cambodia,signal,search_index,2505.62,,
2014-07-01,cambodia,observed,target,43215.0,,
2014-07-01,cambodia,signal,search_index,2542.79,,
2014-08-01,cambodia,observed,target,46637.0,,
2014-08-01,cambodia,signal,search_index,2876.87,,
2014-09-01,cambodia,observed,target,42448.0,,
2014-09-01,cambodia,signal,search_index,2940.68,,
2014-10-01,cambodia,observed,target,48135.0,,
2014-10-01,cambodia,signal,search_index,2966.23,,
2014-11-01,cambodia,observed,target,52395.0,,
2014-11-01,cambodia,signal,search_index,2986.1,,
2014-12-01,cambodia,observed,target,52475.0,,
2014-12-01,cambodia,signal,search_index,2865.67,,
2015-01-01,cambodia,observed,target,53165.0,,
2015-01-01,cambodia,signal,search_index,3150.48,,
2015-02-01,cambodia,observed,target,70965.0,,
2015-02-01,cambodia,signal,search_index,3357.42,,
2015-03-01,cambodia,observed,target,62996.0,,
2015-03-01,cambodia,signal,search_index,3411.57,,
2015-04-01,cambodia,observed,target,54800.0,,
2015-04-01,cambodia,signal,search_index,3308.39,,
2015-05-01,cambodia,observed,target,47684.0,,
2015-05-01,cambodia,signal,search_index,3098.17,,
2015-06-01,cambodia,observed,target,45432.0,,
2015-06-01,cambodia,signal,search_index,2984.65,,
2015-07-01,cambodia,observed,target,60710.0,,
2015-07-01,cambodia,signal,search_index,3289.6,,
2015-08-01,cambodia,observed,target,65766.0,,
2015-08-01,cambodia,signal,search_index,3512.0,,
2015-09-01,cambodia,observed,target,51503.0,,
2015-09-01,cambodia,signal,search_index,3643.33,,
2015-10-01,cambodia,observed,target,60266.0,,
2015-10-01,cambodia,signal,search_index,3477.57,,
2015-11-01,cambodia,observed,target,56499.0,,
2015-11-01,cambodia,signal,search_index,3524.39,,
2015-12-01,cambodia,observed,target,64926.0,,
2015-12-01,cambodia,signal,search_index,3535.67,,
2016-01-01,cambodia,observed,target,66764.0,,
2016-01-01,cambodia,signal,search_index,3987.61,,
2016-02-01,cambodia,observed,target,81032.0,,
2016-02-01,cambodia,signal,search_index,3736.8,,
2016-03-01,cambodia,observed,target,69417.0,,
2016-03-01,cambodia,signal,search_index,3705.13,,
2016-04-01,cambodia,observed,target,57623.0,,
2016-04-01,cambodia,signal,search_index,3453.96,,
2016-05-01,cambodia,observed,target,50370.0,,
2016-05-01,cambodia,signal,search_index,3323.77,,
2016-06-01,cambodia,observed,target,53531.0,,
2016-06-01,cambodia,signal,search_index,3487.16,,
2016-07-01,cambodia,observed,target,66220.0,,
2016-07-01,cambodia,signal,search_index,3894.2,,
2016-08-01,cambodia,observed,target,69461.0,,
2016-08-01,cambodia,signal,search_index,4220.26,,
2016-09-01,cambodia,observed,target,62865.0,,
2016-09-01,cambodia,signal,search_index,3695.51,,
2016-10-01,cambodia,observed,target,75861.0,,
2016-10-01,cambodia,signal,search_index,3625.91,,
2016-11-01,cambodia,observed,target,83358.0,,
2016-11-01,cambodia,signal,search_index,4059.04,,
2016-12-01,cambodia,observed,target,93501.0,,
2016-12-01,cambodia,signal,search_index,3706.44,,
2017-01-01,cambodia,observed,target,80407.0,,
2017-01-01,cambodia,signal,search_index,4115.26,,
2017-02-01,cambodia,observed,target,92031.0,,
2017-02-01,cambodia,signal,search_index,4311.87,,
2017-03-01,cambodia,observed,target,100565.0,,
2017-03-01,cambodia,signal,search_index,4604.29,,
2017-04-01,cambodia,observed,target,87780.0,,
2017-04-01,cambodia,signal,search_index,4146.35,,
2017-05-01,cambodia,observed,target,80287.0,,
2017-05-01,cambodia,signal,search_index,3677.67,,
2017-06-01,cambodia,observed,target,88897.0,,
2017-06-01,cambodia,signal,search_index,3975.83,,
2017-07-01,cambodia,observed,target,104993.0,,
2017-07-01,cambodia,signal,search_index,4176.469999999999,,
2017-08-01,cambodia,observed,target,107636.0,,
2017-08-01,cambodia,signal,search_index,4664.639999999999,,
2017-09-01,cambodia,observed,target,98744.0,,
2017-09-01,cambodia,signal,search_index,4463.09,,
2017-10-01,cambodia,observed,target,108516.0,,
2017-10-01,cambodia,signal,search_index,3920.57,,
2017-11-01,cambodia,observed,target,127852.0,,
2017-11-01,cambodia,signal,search_index,3901.16,,
2017-12-01,cambodia,observed,target,133074.0,,
2017-12-01,cambodia,signal,search_index,3759.21,,
2018-01-01,cambodia,observed,target,153207.0,,
2018-01-01,cambodia,signal,search_index,4281.03,,
2018-02-01,cambodia,observed,target,164679.0,,
2018-02-01,cambodia,signal,search_index,4989.84,,
2018-03-01,cambodia,observed,target,188054.0,,
2018-03-01,cambodia,signal,search_index,5030.54,,
2018-04-01,cambodia,observed,target,141412.0,,
2018-04-01,cambodia,signal,search_index,4497.97,,
2018-05-01,cambodia,observed,target,141035.0,,
2018-05-01,cambodia,signal,search_index,3808.03,,
2018-06-01,cambodia,observed,target,143376.0,,
2018-06-01,cambodia,signal,search_index,3498.8,,
2018-07-01,cambodia,observed,target,163906.0,,
2018-07-01,cambodia,signal,search_index,3822.37,,
2018-08-01,cambodia,observed,target,182768.0,,
2018-08-01,cambodia,signal,search_index,4015.93,,
2018-09-01,cambodia,observed,target,162284.0,,
2018-09-01,cambodia,signal,search_index,3489.81,,
2018-10-01,cambodia,observed,target,188125.0,,
2018-10-01,cambodia,signal,search_index,3010.06,,
2018-11-01,cambodia,observed,target,196069.0,,
2018-11-01,cambodia,signal,search_index,3359.29,,
2018-12-01,cambodia,observed,target,199528.0,,
2018-12-01,cambodia,signal,search_index,3684.6,,
2019-01-01,cambodia,observed,target,182449.0,,
2019-01-01,cambodia,signal,flight_capacity,3228.0,,
2019-01-01,cambodia,signal,search_index,4128.51,,
2019-02-01,cambodia,observed,target,236123.0,,
2019-02-01,cambodia,signal,flight_capacity,3104.0,,
2019-02-01,cambodia,signal,search_index,4717.719999999999,,
2019-03-01,cambodia,observed,target,264864.0,,
2019-03-01,cambodia,signal,flight_capacity,2800.0,,
2019-03-01,cambodia,signal,search_index,5021.15,,
2019-04-01,cambodia,observed,target,203603.0,,
2019-04-01,cambodia,signal,flight_capacity,2476.0,,
2019-04-01,cambodia,signal,search_index,4119.450000000001,,
2019-05-01,cambodia,observed,target,216531.0,,
2019-05-01,cambodia,signal,flight_capacity,2592.0,,
2019-05-01,cambodia,signal,search_index,3636.33,,
2019-06-01,cambodia,observed,target,188916.0,,
2019-06-01,cambodia,signal,flight_capacity,2527.0,,
2019-06-01,cambodia,signal,search_index,3551.55,,
2019-07-01,cambodia,observed,target,208198.0,,
2019-07-01,cambodia,signal,flight_capacity,2919.0,,
2019-07-01,cambodia,signal,search_index,3519.23,,
2019-08-01,cambodia,observed,target,201212.0,,
2019-08-01,cambodia,signal,flight_capacity,2877.0,,
2019-08-01,cambodia,signal,search_index,3357.13,,
2019-09-01,cambodia,observed,target,163060.0,,
2019-09-01,cambodia,signal,flight_capacity,2772.0,,
2019-09-01,cambodia,signal,search_index,3419.97,,
2019-10-01,cambodia,observed,target,161546.0,,
2019-10-01,cambodia,signal,flight_capacity,2789.0,,
2019-10-01,cambodia,signal,search_index,3139.06,,
2019-11-01,cambodia,observed,target,155031.0,,
2019-11-01,cambodia,signal,flight_capacity,2562.0,,
2019-11-01,cambodia,signal,search_index,2922.9,,
2019-12-01,cambodia,observed,target,180316.0,,
2019-12-01,cambodia,signal,flight_capacity,2543.0,,
2019-12-01,cambodia,signal,search_index,3005.07,,
2020-01-01,cambodia,observed,target,123550.0,,
2020-01-01,cambodia,signal,flight_capacity,2742.0,,
2020-01-01,cambodia,signal,search_index,3002.29,,
2020-02-01,cambodia,observed,target,68272.0,,
2020-02-01,cambodia,signal,flight_capacity,875.0,,
2020-02-01,cambodia,signal,search_index,2840.94,,
2020-03-01,cambodia,observed,target,67910.0,,
2020-03-01,cambodia,signal,flight_capacity,994.0,,
2020-03-01,cambodia,signal,search_index,2217.34,,
2020-04-01,cambodia,observed,target,3031.0,,
2020-04-01,cambodia,signal,flight_capacity,109.0,,
2020-04-01,cambodia,signal,search_index,2012.07,,
2020-05-01,cambodia,observed,target,6125.0,,
2020-05-01,cambodia,signal,flight_capacity,98.0,,
2020-05-01,cambodia,signal,search_index,1660.73,,
2020-06-01,cambodia,observed,target,6785.0,,
2020-06-01,cambodia,signal,flight_capacity,119.0,,
2020-06-01,cambodia,signal,search_index,1666.36,,
2020-07-01,cambodia,observed,target,7390.0,,
2020-07-01,cambodia,signal,flight_capacity,141.0,,
2020-07-01,cambodia,signal,search_index,1608.47,,
2020-08-01,cambodia,observed,target,9240.0,,
2020-08-01,cambodia,signal,flight_capacity,159.0,,
2020-08-01,cambodia,signal,search_index,1569.39,,
2020-09-01,cambodia,observed,target,10523.0,,
2020-09-01,cambodia,signal,flight_capacity,202.0,,
2020-09-01,cambodia,signal,search_index,1542.35,,
2020-10-01,cambodia,observed,target,11465.0,,
2020-10-01,cambodia,signal,flight_capacity,208.0,,
2020-10-01,cambodia,signal,search_index,1575.33,,
2020-11-01,cambodia,observed,target,8168.0,,
2020-11-01,cambodia,signal,flight_capacity,153.0,,
2020-11-01,cambodia,signal,search_index,1595.48,,
2020-12-01,cambodia,observed,target,7214.0,,
2020-12-01,cambodia,signal,flight_capacity,206.0,,
2020-12-01,cambodia,signal,search_index,1765.67,,
2021-01-01,cambodia,observed,target,4770.0,,
2021-01-01,cambodia,signal,flight_capacity,187.0,,
2021-01-01,cambodia,signal,search_index,1528.96,,
2021-02-01,cambodia,observed,target,4789.0,,
2021-02-01,cambodia,signal,flight_capacity,85.0,,
2021-02-01,cambodia,signal,search_index,1863.71,,
2021-03-01,cambodia,observed,target,14278.0,,
2021-03-01,cambodia,signal,flight_capacity,200.0,,
2021-03-01,cambodia,signal,search_index,1914.75,,
2021-04-01,cambodia,observed,target,2149.0,,
2021-04-01,cambodia,signal,flight_capacity,147.0,,
2021-04-01,cambodia,signal,search_index,1802.9,,
2021-05-01,cambodia,observed,target,1707.0,,
2021-05-01,cambodia,signal,flight_capacity,112.0,,
2021-05-01,cambodia,signal,search_index,1801.13,,
2021-06-01,cambodia,observed,target,2058.0,,
2021-06-01,cambodia,signal,flight_capacity,104.0,,
2021-06-01,cambodia,signal,search_index,1848.52,,
2021-07-01,cambodia,observed,target,2731.0,,
2021-07-01,cambodia,signal,flight_capacity,40.0,,
2021-07-01,cambodia,signal,search_index,1879.8,,
2021-08-01,cambodia,observed,target,2158.0,,
2021-08-01,cambodia,signal,flight_capacity,53.0,,
2021-08-01,cambodia,signal,search_index,1546.81,,
2021-09-01,cambodia,observed,target,2557.0,,
2021-09-01,cambodia,signal,flight_capacity,75.0,,
2021-09-01,cambodia,signal,search_index,1555.48,,
2021-10-01,cambodia,observed,target,2594.0,,
2021-10-01,cambodia,signal,flight_capacity,54.0,,
2021-10-01,cambodia,signal,search_index,1541.37,,
2021-11-01,cambodia,observed,target,2604.0,,
2021-11-01,cambodia,signal,flight_capacity,35.0,,
2021-11-01,cambodia,signal,search_index,1536.26,,
2021-12-01,cambodia,observed,target,3380.0,,
2021-12-01,cambodia,signal,flight_capacity,57.0,,
2021-12-01,cambodia,signal,search_index,1498.03,,
2022-01-01,cambodia,observed,target,2497.0,,
2022-01-01,cambodia,signal,flight_capacity,53.0,,
2022-01-01,cambodia,signal,search_index,1460.45,,
2022-02-01,cambodia,observed,target,2992.0,,
2022-02-01,cambodia,signal,flight_capacity,43.0,,
2022-02-01,cambodia,signal,search_index,1442.2,,
2022-03-01,cambodia,observed,target,4264.0,,
2022-03-01,cambodia,signal,flight_capacity,56.0,,
2022-03-01,cambodia,signal,search_index,1928.92,,
2022-04-01,cambodia,observed,target,5650.0,,
2022-04-01,cambodia,signal,flight_capacity,24.0,,
2022-04-01,cambodia,signal,search_index,2169.43,,
2022-05-01,cambodia,observed,target,7072.0,,
2022-05-01,cambodia,signal,flight_capacity,22.0,,
2022-05-01,cambodia,signal,search_index,2181.33,,
2022-06-01,cambodia,observed,target,8279.0,,
2022-06-01,cambodia,signal,flight_capacity,41.0,,
2022-06-01,cambodia,signal,search_index,2241.42,,
2022-07-01,cambodia,observed,target,10667.0,,
2022-07-01,cambodia,signal,flight_capacity,49.0,,
2022-07-01,cambodia,signal,search_index,1745.73,,
2022-08-01,cambodia,observed,target,9899.0,,
2022-08-01,cambodia,signal,flight_capacity,61.0,,
2022-08-01,cambodia,signal,search_index,1567.68,,
2022-09-01,cambodia,observed,target,11105.0,,
2022-09-01,cambodia,signal,flight_capacity,109.0,,
2022-09-01,cambodia,signal,search_index,1524.68,,
2022-10-01,cambodia,observed,target,13490.0,,
2022-10-01,cambodia,signal,flight_capacity,154.0,,
2022-10-01,cambodia,signal,search_index,1876.06,,
2022-11-01,cambodia,observed,target,14733.0,,
2022-11-01,cambodia,signal,flight_capacity,143.0,,
2022-11-01,cambodia,signal,search_index,1704.97,,
2022-12-01,cambodia,observed,target,16227.0,,
2022-12-01,cambodia,signal,flight_capacity,201.0,,
2022-12-01,cambodia,signal,search_index,1557.44,,
2023-01-01,cambodia,base_forecast,legacy_ensemble,180994.9069653666,,
2023-01-01,cambodia,observed,target,24978.0,,
2023-01-01,cambodia,reference_forecast,legacy_average,23727.85714285714,,
2023-01-01,cambodia,signal,flight_capacity,279.0,,
2023-01-01,cambodia,signal,search_index,1482.86,,
2023-02-01,cambodia,base_forecast,legacy_ensemble,210455.7831137638,,
2023-02-01,cambodia,reference_forecast,legacy_average,38980.29910039285,,
2023-02-01,cambodia,signal,flight_capacity,550.0,,
2023-02-01,cambodia,signal,search_index,1684.55,,
2023-03-01,cambodia,base_forecast,legacy_ensemble,217701.7196695597,,
2023-03-01,cambodia,reference_forecast,legacy_average,45107.81881477438,,
2023-03-01,cambodia,signal,flight_capacity,632.0,,
2023-03-01,cambodia,signal,search_index,1924.32,,
2023-04-01,cambodia,base_forecast,legacy_ensemble,192453.2591346086,,
2023-04-01,cambodia,reference_forecast,legacy_average,42612.15067478731,,
2023-04-01,cambodia,signal,flight_capacity,654.0,,
2023-04-01,cambodia,signal,search_index,2285.32,,
2023-05-01,cambodia,base_forecast,legacy_ensemble,193314.5638653943,,
2023-05-01,cambodia,reference_forecast,legacy_average,35563.27109368253,,
2023-05-01,cambodia,signal,flight_capacity,586.0,,
2023-05-01,cambodia,signal,search_index,2103.77,,
2023-06-01,cambodia,base_forecast,legacy_ensemble,172095.1655066768,,
2023-06-01,cambodia,reference_forecast,legacy_average,31620.08507614164,,
2023-06-01,cambodia,signal,flight_capacity,586.0,,
2023-06-01,cambodia,signal,search_index,1763.741935483871,,
2023-07-01,cambodia,base_forecast,legacy_ensemble,205853.5324537883,,
2023-08-01,cambodia,base_forecast,legacy_ensemble,199689.4115621625,,
2023-08-01,cambodia,recovery_forecast,legacy_final,60773.0891270515,,
2023-09-01,cambodia,base_forecast,legacy_ensemble,184283.7428593255,,
2023-09-01,cambodia,recovery_forecast,legacy_final,58388.82623542761,,
2023-10-01,cambodia,base_forecast,legacy_ensemble,184876.048369261,,
2023-10-01,cambodia,recovery_forecast,legacy_final,70290.22742179061,,
2023-11-01,cambodia,base_forecast,legacy_ensemble,190458.3533566448,,
2023-11-01,cambodia,recovery_forecast,legacy_final,78912.73921056568,,
2023-12-01,cambodia,base_forecast,legacy_ensemble,202407.2927511235,,
2023-12-01,cambodia,recovery_forecast,legacy_final,92294.12278886844,,
2024-01-01,cambodia,base_forecast,legacy_ensemble,179146.9508214227,,
2024-01-01,cambodia,recovery_forecast,legacy_final,102282.2173154925,,
2024-02-01,cambodia,base_forecast,legacy_ensemble,210082.3425709095,,
2024-02-01,cambodia,recovery_forecast,legacy_final,129122.7665649176,,
2024-03-01,cambodia,base_forecast,legacy_ensemble,194800.0401816387,,
2024-03-01,cambodia,recovery_forecast,legacy_final,122232.4320669471,,
2024-04-01,cambodia,base_forecast,legacy_ensemble,178021.7288351276,,
2024-04-01,cambodia,recovery_forecast,legacy_final,112033.417358086,,
2024-05-01,cambodia,base_forecast,legacy_ensemble,166066.0424845462,,
2024-05-01,cambodia,recovery_forecast,legacy_final,102415.1726467473,,
2024-06-01,cambodia,base_forecast,legacy_ensemble,146338.7592211362,,
2024-06-01,cambodia,recovery_forecast,legacy_final,102370.5717742246,,
2024-07-01,cambodia,base_forecast,legacy_ensemble,164985.4565965651,,
2024-07-01,cambodia,recovery_forecast,legacy_final,131161.5057843075,,
2024-07-01,cambodia,terminal_forecast,intervention_adjusted,131988.3652772521,,
2024-08-01,cambodia,base_forecast,legacy_ensemble,163249.2485117661,,
2024-09-01,cambodia,base_forecast,legacy_ensemble,159628.2839467703,,
2024-10-01,cambodia,base_forecast,legacy_ensemble,153196.7711965485,,
2024-11-01,cambodia,base_forecast,legacy_ensemble,172842.9128403725,,
2024-12-01,cambodia,base_forecast,legacy_ensemble,177818.902706856,,
2002-01-01,canada,observed,target,6088.0,,
2002-02-01,canada,observed,target,4356.0,,
2002-03-01,canada,observed,target,5008.0,,
2002-04-01,canada,observed,target,5841.0,,
2002-05-01,canada,observed,target,7042.0,,
2002-06-01,canada,observed,target,9956.0,,
2002-07-01,canada,observed,target,12345.0,,
2002-08-01,canada,observed,target,12773.0,,
2002-09-01,canada,observed,target,11059.0,,
2002-10-01,canada,observed,target,8212.0,,
2002-11-01,canada,observed,target,6905.0,,
2002-12-01,canada,observed,target,6557.0,,
2003-01-01,canada,observed,target,6304.0,,
2003-02-01,canada,observed,target,5042.0,,
2003-03-01,canada,observed,target,4710.0,,
2003-04-01,canada,observed,target,4815.0,,
2003-05-01,canada,observed,target,2932.0,,
2003-06-01,canada,observed,target,5248.0,,
2003-07-01,canada,observed,target,8536.0,,
2003-08-01,canada,observed,target,10974.0,,
2003-09-01,canada,observed,target,8552.0,,
2003-10-01,canada,observed,target,6815.0,,
2003-11-01,canada,observed,target,5966.0,,
2003-12-01,canada,observed,target,6581.0,,
2004-01-01,canada,observed,target,5743.0,,
2004-02-01,canada,observed,target,4901.0,,
2004-03-01,canada,observed,target,5671.0,,
2004-04-01,canada,observed,target,6086.0,,
2004-05-01,canada,observed,target,7723.0,,
2004-06-01,canada,observed,target,9688.0,,
2004-07-01,canada,observed,target,12022.0,,
2004-08-01,canada,observed,target,13885.0,,
2004-09-01,canada,observed,target,11658.0,,
2004-10-01,canada,observed,target,10330.0,,
2004-11-01,canada,observed,target,7781.0,,
2004-12-01,canada,observed,target,6395.0,,
2005-01-01,canada,observed,target,6274.0,,
2005-02-01,canada,observed,target,5222.0,,
2005-03-01,canada,observed,target,5562.0,,
2005-04-01,canada,observed,target,6997.0,,
2005-05-01,canada,observed,target,8470.0,,
2005-06-01,canada,observed,target,13309.0,,
2005-07-01,canada,observed,target,14389.0,,
2005-08-01,canada,observed,target,14084.0,,
2005-09-01,canada,observed,target,13287.0,,
2005-10-01,canada,observed,target,11891.0,,
2005-11-01,canada,observed,target,9628.0,,
2005-12-01,canada,observed,target,8377.0,,
2006-01-01,canada,observed,target,6860.0,,
2006-02-01,canada,observed,target,6038.0,,
2006-03-01,canada,observed,target,7120.0,,
2006-04-01,canada,observed,target,8799.0,,
2006-05-01,canada,observed,target,12048.0,,
2006-06-01,canada,observed,target,14596.0,,
2006-07-01,canada,observed,target,19452.0,,
2006-08-01,canada,observed,target,17541.0,,
2006-09-01,canada,observed,target,18701.0,,
2006-10-01,canada,observed,target,13591.0,,
2006-11-01,canada,observed,target,10153.0,,
2006-12-01,canada,observed,target,9702.0,,
2007-01-01,canada,observed,target,7953.0,,
2007-02-01,canada,observed,target,7294.0,,
2007-03-01,canada,observed,target,7444.0,,
2007-04-01,canada,observed,target,9216.0,,
2007-05-01,canada,observed,target,12815.0,,
2007-06-01,canada,observed,target,15806.0,,
2007-07-01,canada,observed,target,21048.0,,
2007-08-01,canada,observed,target,18420.0,,
2007-09-01,canada,observed,target,18362.0,,
2007-10-01,canada,observed,target,13453.0,,
2007-11-01,canada,observed,target,10225.0,,
2007-12-01,canada,observed,target,10164.0,,
2008-01-01,canada,observed,target,9118.0,,
2008-02-01,canada,observed,target,8852.0,,
2008-03-01,canada,observed,target,8296.0,,
2008-04-01,canada,observed,target,9987.0,,
2008-05-01,canada,observed,target,14143.0,,
2008-06-01,canada,observed,target,16433.0,,
2008-07-01,canada,observed,target,22656.0,,
2008-08-01,canada,observed,target,18032.0,,
2008-09-01,canada,observed,target,18793.0,,
2008-10-01,canada,observed,target,13152.0,,
2008-11-01,canada,observed,target,9894.0,,
2008-12-01,canada,observed,target,10571.0,,
2009-01-01,canada,observed,target,11116.0,,
2009-02-01,canada,observed,target,9333.0,,
2009-03-01,canada,observed,target,9612.0,,
2009-04-01,canada,observed,target,11025.0,,
2009-05-01,canada,observed,target,13090.0,,
2009-06-01,canada,observed,target,15009.0,,
2009-07-01,canada,observed,target,18745.0,,
2009-08-01,canada,observed,target,20151.0,,
2009-09-01,canada,observed,target,19706.0,,
2009-10-01,canada,observed,target,13857.0,,
2009-11-01,canada,observed,target,8868.0,,
2009-12-01,canada,observed,target,10321.0,,
2010-01-01,canada,observed,target,9686.0,,
2010-02-01,canada,observed,target,10239.0,,
2010-03-01,canada,observed,target,10013.0,,
2010-04-01,canada,observed,target,11160.0,,
2010-05-01,canada,observed,target,15111.0,,
2010-06-01,canada,observed,target,20422.0,,
2010-07-01,canada,observed,target,28074.0,,
2010-08-01,canada,observed,target,27806.0,,
2010-09-01,canada,observed,target,22807.0,,
2010-10-01,canada,observed,target,16596.0,,
2010-11-01,canada,observed,target,10867.0,,
2010-12-01,canada,observed,target,12198.0,,
2011-01-01,canada,observed,target,13274.0,,
2011-02-01,canada,observed,target,10751.0,,
2011-02-01,canada,signal,search_index,1561.42,,
2011-03-01,canada,observed,target,10864.0,,
2011-03-01,canada,signal,search_index,1707.18,,
2011-04-01,canada,observed,target,12719.0,,
2011-04-01,canada,signal,search_index,1911.77,,
2011-05-01,canada,observed,target,18554.0,,
2011-05-01,canada,signal,search_index,1853.93,,
2011-06-01,canada,observed,target,25108.0,,
2011-06-01,canada,signal,search_index,2096.36,,
2011-07-01,canada,observed,target,36412.0,,
2011-07-01,canada,signal,search_index,2378.63,,
2011-08-01,canada,observed,target,35772.0,,
2011-08-01,canada,signal,search_index,2181.55,,
2011-09-01,canada,observed,target,28324.0,,
2011-09-01,canada,signal,search_index,2216.35,,
2011-10-01,canada,observed,target,21426.0,,
2011-10-01,canada,signal,search_index,2142.1,,
2011-11-01,canada,observed,target,13870.0,,
2011-11-01,canada,signal,search_index,2013.04,,
2011-12-01,canada,observed,target,16618.0,,
2011-12-01,canada,signal,search_index,2131.86,,
2012-01-01,canada,observed,target,19166.0,,
2012-01-01,canada,signal,search_index,2157.8,,
2012-02-01,canada,observed,target,11601.0,,
2012-02-01,canada,signal,search_index,2031.85,,
2012-03-01,canada,observed,target,13159.0,,
2012-03-01,canada,signal,search_index,2347.17,,
2012-04-01,canada,observed,target,15997.0,,
2012-04-01,canada,signal,search_index,2428.18,,
2012-05-01,canada,observed,target,22630.0,,
2012-05-01,canada,signal,search_index,2449.77,,
2012-06-01,canada,observed,target,30797.0,,
2012-06-01,canada,signal,search_index,2588.26,,
2012-07-01,canada,observed,target,45308.0,,
2012-07-01,canada,signal,search_index,2551.13,,
2012-08-01,canada,observed,target,41464.0,,
2012-08-01,canada,signal,search_index,2569.55,,
2012-09-01,canada,observed,target,29972.0,,
2012-09-01,canada,signal,search_index,2862.74,,
2012-10-01,canada,observed,target,24922.0,,
2012-10-01,canada,signal,search_index,2394.29,,
2012-11-01,canada,observed,target,14226.0,,
2012-11-01,canada,signal,search_index,2355.65,,
2012-12-01,canada,observed,target,19036.0,,
2012-12-01,canada,signal,search_index,2308.76,,
2013-01-01,canada,observed,target,16346.0,,
2013-01-01,canada,signal,search_index,2309.97,,
2013-02-01,canada,observed,target,20850.0,,
2013-02-01,canada,signal,search_index,2333.4,,
2013-03-01,canada,observed,target,15175.0,,
2013-03-01,canada,signal,search_index,2450.14,,
2013-04-01,canada,observed,target,18381.0,,
2013-04-01,canada,signal,search_index,2734.1,,
2013-05-01,canada,observed,target,27874.0,,
2013-05-01,canada,signal,search_index,3126.24,,
2013-06-01,canada,observed,target,37614.0,,
2013-06-01,canada,signal,search_index,3169.7,,
2013-07-01,canada,observed,target,52690.0,,
2013-07-01,canada,signal,search_index,3219.44,,
2013-08-01,canada,observed,target,56880.0,,
2013-08-01,canada,signal,search_index,3562.65,,
2013-09-01,canada,observed,target,40193.0,,
2013-09-01,canada,signal,search_index,3788.41,,
2013-10-01,canada,observed,target,26367.0,,
2013-10-01,canada,signal,search_index,3082.57,,
2013-11-01,canada,observed,target,16664.0,,
2013-11-01,canada,signal,search_index,2834.3,,
2013-12-01,canada,observed,target,23562.0,,
2013-12-01,canada,signal,search_index,2772.96,,
2014-01-01,canada,observed,target,26764.0,,
2014-01-01,canada,signal,search_index,2772.28,,
2014-02-01,canada,observed,target,21720.0,,
2014-02-01,canada,signal,search_index,2693.19,,
2014-03-01,canada,observed,target,18386.0,,
2014-03-01,canada,signal,search_index,4805.74,,
2014-04-01,canada,observed,target,22329.0,,
2014-04-01,canada,signal,search_index,3636.36,,
2014-05-01,canada,observed,target,36877.0,,
2014-05-01,canada,signal,search_index,3655.63,,
2014-06-01,canada,observed,target,47743.0,,
2014-06-01,canada,signal,search_index,3715.26,,
2014-07-01,canada,observed,target,71622.0,,
2014-07-01,canada,signal,search_index,4086.24,,
2014-08-01,canada,observed,target,74605.0,,
2014-08-01,canada,signal,search_index,4006.29,,
2014-09-01,canada,observed,target,49913.0,,
2014-09-01,canada,signal,search_index,3931.8,,
2014-10-01,canada,observed,target,35826.0,,
2014-10-01,canada,signal,search_index,3340.66,,
2014-11-01,canada,observed,target,20071.0,,
2014-11-01,canada,signal,search_index,3204.91,,
2014-12-01,canada,observed,target,28174.0,,
2014-12-01,canada,signal,search_index,3122.63,,
2015-01-01,canada,observed,target,24022.0,,
2015-01-01,canada,signal,search_index,3188.57,,
2015-02-01,canada,observed,target,34282.0,,
2015-02-01,canada,signal,search_index,3410.54,,
2015-03-01,canada,observed,target,22778.0,,
2015-03-01,canada,signal,search_index,3095.93,,
2015-04-01,canada,observed,target,26269.0,,
2015-04-01,canada,signal,search_index,4169.58,,
2015-05-01,canada,observed,target,38802.0,,
2015-05-01,canada,signal,search_index,4004.8,,
2015-06-01,canada,observed,target,47728.0,,
2015-06-01,canada,signal,search_index,4484.25,,
2015-07-01,canada,observed,target,79233.0,,
2015-07-01,canada,signal,search_index,4681.17,,
2015-08-01,canada,observed,target,73230.0,,
2015-08-01,canada,signal,search_index,4862.74,,
2015-09-01,canada,observed,target,60723.0,,
2015-09-01,canada,signal,search_index,5038.22,,
2015-10-01,canada,observed,target,36950.0,,
2015-10-01,canada,signal,search_index,4661.97,,
2015-11-01,canada,observed,target,19350.0,,
2015-11-01,canada,signal,search_index,4487.96,,
2015-12-01,canada,observed,target,30460.0,,
2015-12-01,canada,signal,search_index,3783.14,,
2016-01-01,canada,observed,target,30567.0,,
2016-01-01,canada,signal,search_index,3563.39,,
2016-02-01,canada,observed,target,35209.0,,
2016-02-01,canada,signal,search_index,3802.67,,
2016-03-01,canada,observed,target,23296.0,,
2016-03-01,canada,signal,search_index,3979.55,,
2016-04-01,canada,observed,target,32575.0,,
2016-04-01,canada,signal,search_index,4108.74,,
2016-05-01,canada,observed,target,48127.0,,
2016-05-01,canada,signal,search_index,4246.01,,
2016-06-01,canada,observed,target,70972.0,,
2016-06-01,canada,signal,search_index,4564.54,,
2016-07-01,canada,observed,target,97903.0,,
2016-07-01,canada,signal,search_index,4619.7,,
2016-08-01,canada,observed,target,90073.0,,
2016-08-01,canada,signal,search_index,4393.32,,
2016-09-01,canada,observed,target,74875.0,,
2016-09-01,canada,signal,search_index,4721.84,,
2016-10-01,canada,observed,target,47131.0,,
2016-10-01,canada,signal,search_index,4172.37,,
2016-11-01,canada,observed,target,23961.0,,
2016-11-01,canada,signal,search_index,3742.1,,
2016-12-01,canada,observed,target,35866.0,,
2016-12-01,canada,signal,search_index,3688.37,,
2017-01-01,canada,observed,target,44615.0,,
2017-01-01,canada,signal,search_index,3752.36,,
2017-02-01,canada,observed,target,31143.0,,
2017-02-01,canada,signal,search_index,3588.56,,
2017-03-01,canada,observed,target,28595.0,,
2017-03-01,canada,signal,search_index,4048.25,,
2017-04-01,canada,observed,target,39620.0,,
2017-04-01,canada,signal,search_index,4119.809999999999,,
2017-05-01,canada,observed,target,53302.0,,
2017-05-01,canada,signal,search_index,4229.490000000001,,
2017-06-01,canada,observed,target,78329.0,,
2017-06-01,canada,signal,search_index,4510.940000000001,,
2017-07-01,canada,observed,target,103313.0,,
2017-07-01,canada,signal,search_index,4613.51,,
2017-08-01,canada,observed,target,99104.0,,
2017-08-01,canada,signal,search_index,4754.84,,
2017-09-01,canada,observed,target,79094.0,,
2017-09-01,canada,signal,search_index,4915.129999999999,,
2017-10-01,canada,observed,target,52849.0,,
2017-10-01,canada,signal,search_index,4074.83,,
2017-11-01,canada,observed,target,29121.0,,
2017-11-01,canada,signal,search_index,3695.42,,
2017-12-01,canada,observed,target,43330.0,,
2017-12-01,canada,signal,search_index,3453.29,,
2018-01-01,canada,observed,target,41265.0,,
2018-01-01,canada,signal,search_index,3653.75,,
2018-02-01,canada,observed,target,55810.0,,
2018-02-01,canada,signal,search_index,3760.22,,
2018-03-01,canada,observed,target,32889.0,,
2018-03-01,canada,signal,search_index,3607.96,,
2018-04-01,canada,observed,target,39860.0,,
2018-04-01,canada,signal,search_index,4163.25,,
2018-05-01,canada,observed,target,61292.0,,
2018-05-01,canada,signal,search_index,4175.9,,
2018-06-01,canada,observed,target,74854.0,,
2018-06-01,canada,signal,search_index,4296.3,,
2018-07-01,canada,observed,target,100914.0,,
2018-07-01,canada,signal,search_index,4408.57,,
2018-08-01,canada,observed,target,97415.0,,
2018-08-01,canada,signal,search_index,5655.48,,
2018-09-01,canada,observed,target,94870.0,,
2018-09-01,canada,signal,search_index,4942.86,,
2018-10-01,canada,observed,target,64255.0,,
2018-10-01,canada,signal,search_index,4130.2,,
2018-11-01,canada,observed,target,32458.0,,
2018-11-01,canada,signal,search_index,3721.26,,
2018-12-01,canada,observed,target,41497.0,,
2018-12-01,canada,signal,search_index,3770.51,,
2019-01-01,canada,observed,target,54316.0,,
2019-01-01,canada,signal,flight_capacity,869.0,,
2019-01-01,canada,signal,search_index,4451.25,,
2019-02-01,canada,observed,target,43929.0,,
2019-02-01,canada,signal,flight_capacity,775.0,,
2019-02-01,canada,signal,search_index,3521.77,,
2019-03-01,canada,observed,target,32383.0,,
2019-03-01,canada,signal,flight_capacity,883.0,,
2019-03-01,canada,signal,search_index,3914.67,,
2019-04-01,canada,observed,target,40411.0,,
2019-04-01,canada,signal,flight_capacity,941.0,,
2019-04-01,canada,signal,search_index,3969.67,,
2019-05-01,canada,observed,target,58432.0,,
2019-05-01,canada,signal,flight_capacity,951.0,,
2019-05-01,canada,signal,search_index,3911.76,,
2019-06-01,canada,observed,target,73620.0,,
2019-06-01,canada,signal,flight_capacity,945.0,,
2019-06-01,canada,signal,search_index,4089.47,,
2019-07-01,canada,observed,target,99114.0,,
2019-07-01,canada,signal,flight_capacity,977.0,,
2019-07-01,canada,signal,search_index,4362.33,,
2019-08-01,canada,observed,target,98609.0,,
2019-08-01,canada,signal,flight_capacity,976.0,,
2019-08-01,canada,signal,search_index,4119.45,,
2019-09-01,canada,observed,target,86857.0,,
2019-09-01,canada,signal,flight_capacity,916.0,,
2019-09-01,canada,signal,search_index,3980.55,,
2019-10-01,canada,observed,target,57759.0,,
2019-10-01,canada,signal,flight_capacity,900.0,,
2019-10-01,canada,signal,search_index,3323.1,,
2019-11-01,canada,observed,target,27997.0,,
2019-11-01,canada,signal,flight_capacity,753.0,,
2019-11-01,canada,signal,search_index,2989.42,,
2019-12-01,canada,observed,target,39047.0,,
2019-12-01,canada,signal,flight_capacity,838.0,,
2019-12-01,canada,signal,search_index,2917.03,,
2020-01-01,canada,observed,target,57745.0,,
2020-01-01,canada,signal,flight_capacity,819.0,,
2020-01-01,canada,signal,search_index,3128.61,,
2020-02-01,canada,observed,target,17000.0,,
2020-02-01,canada,signal,flight_capacity,378.0,,
2020-02-01,canada,signal,search_index,3032.83,,
2020-03-01,canada,observed,target,6153.0,,
2020-03-01,canada,signal,flight_capacity,249.0,,
2020-03-01,canada,signal,search_index,3087.63,,
2020-04-01,canada,observed,target,553.0,,
2020-04-01,canada,signal,flight_capacity,129.0,,
2020-04-01,canada,signal,search_index,2978.06,,
2020-05-01,canada,observed,target,653.0,,
2020-05-01,canada,signal,flight_capacity,231.0,,
2020-05-01,canada,signal,search_index,2396.57,,
2020-06-01,canada,observed,target,1326.0,,
2020-06-01,canada,signal,flight_capacity,262.0,,
2020-06-01,canada,signal,search_index,2370.23,,
2020-07-01,canada,observed,target,1257.0,,
2020-07-01,canada,signal,flight_capacity,210.0,,
2020-07-01,canada,signal,search_index,2344.13,,
2020-08-01,canada,observed,target,2136.0,,
2020-08-01,canada,signal,flight_capacity,152.0,,
2020-08-01,canada,signal,search_index,2231.61,,
2020-09-01,canada,observed,target,2380.0,,
2020-09-01,canada,signal,flight_capacity,179.0,,
2020-09-01,canada,signal,search_index,2188.96,,
2020-10-01,canada,observed,target,1987.0,,
2020-10-01,canada,signal,flight_capacity,151.0,,
2020-10-01,canada,signal,search_index,2083.39,,
2020-11-01,canada,observed,target,1617.0,,
2020-11-01,canada,signal,flight_capacity,134.0,,
2020-11-01,canada,signal,search_index,1987.42,,
2020-12-01,canada,observed,target,1510.0,,
2020-12-01,canada,signal,flight_capacity,133.0,,
2020-12-01,canada,signal,search_index,1965.23,,
2021-01-01,canada,observed,target,1554.0,,
2021-01-01,canada,signal,flight_capacity,131.0,,
2021-01-01,canada,signal,search_index,1939.2,,
2021-02-01,canada,observed,target,1272.0,,
2021-02-01,canada,signal,flight_capacity,82.0,,
2021-02-01,canada,signal,search_index,1895.93,,
2021-03-01,canada,observed,target,1363.0,,
2021-03-01,canada,signal,flight_capacity,119.0,,
2021-03-01,canada,signal,search_index,1817.5,,
2021-04-01,canada,observed,target,1497.0,,
2021-04-01,canada,signal,flight_capacity,100.0,,
2021-04-01,canada,signal,search_index,1982.97,,
2021-05-01,canada,observed,target,1678.0,,
2021-05-01,canada,signal,flight_capacity,97.0,,
2021-05-01,canada,signal,search_index,1999.33,,
2021-06-01,canada,observed,target,1840.0,,
2021-06-01,canada,signal,flight_capacity,81.0,,
2021-06-01,canada,signal,search_index,2196.97,,
2021-07-01,canada,observed,target,3324.0,,
2021-07-01,canada,signal,flight_capacity,77.0,,
2021-07-01,canada,signal,search_index,2528.89,,
2021-08-01,canada,observed,target,7824.0,,
2021-08-01,canada,signal,flight_capacity,53.0,,
2021-08-01,canada,signal,search_index,2532.65,,
2021-09-01,canada,observed,target,5543.0,,
2021-09-01,canada,signal,flight_capacity,53.0,,
2021-09-01,canada,signal,search_index,2331.33,,
2021-10-01,canada,observed,target,4169.0,,
2021-10-01,canada,signal,flight_capacity,55.0,,
2021-10-01,canada,signal,search_index,2485.0,,
2021-11-01,canada,observed,target,4050.0,,
2021-11-01,canada,signal,flight_capacity,52.0,,
2021-11-01,canada,signal,search_index,1996.06,,
2021-12-01,canada,observed,target,5802.0,,
2021-12-01,canada,signal,flight_capacity,51.0,,
2021-12-01,canada,signal,search_index,2047.61,,
2022-01-01,canada,observed,target,2931.0,,
2022-01-01,canada,signal,flight_capacity,40.0,,
2022-01-01,canada,signal,search_index,2012.0,,
2022-02-01,canada,observed,target,2344.0,,
2022-02-01,canada,signal,flight_capacity,40.0,,
2022-02-01,canada,signal,search_index,1977.91,,
2022-03-01,canada,observed,target,3104.0,,
2022-03-01,canada,signal,flight_capacity,54.0,,
2022-03-01,canada,signal,search_index,2601.19,,
2022-04-01,canada,observed,target,3024.0,,
2022-04-01,canada,signal,flight_capacity,39.0,,
2022-04-01,canada,signal,search_index,2244.13,,
2022-05-01,canada,observed,target,4648.0,,
2022-05-01,canada,signal,flight_capacity,35.0,,
2022-05-01,canada,signal,search_index,2292.7,,
2022-06-01,canada,observed,target,5454.0,,
2022-06-01,canada,signal,flight_capacity,42.0,,
2022-06-01,canada,signal,search_index,2350.55,,
2022-07-01,canada,observed,target,6336.0,,
2022-07-01,canada,signal,flight_capacity,41.0,,
2022-07-01,canada,signal,search_index,2178.0,,
2022-08-01,canada,observed,target,5386.0,,
2022-08-01,canada,signal,flight_capacity,43.0,,
2022-08-01,canada,signal,search_index,2224.49,,
2022-09-01,canada,observed,target,5752.0,,
2022-09-01,canada,signal,flight_capacity,50.0,,
2022-09-01,canada,signal,search_index,2290.71,,
2022-10-01,canada,observed,target,8817.0,,
2022-10-01,canada,signal,flight_capacity,48.0,,
2022-10-01,canada,signal,search_index,2168.07,,
2022-11-01,canada,observed,target,7216.0,,
2022-11-01,canada,signal,flight_capacity,54.0,,
2022-11-01,canada,signal,search_index,2242.96,,
2022-12-01,canada,observed,target,9217.0,,
2022-12-01,canada,signal,flight_capacity,58.0,,
2022-12-01,canada,signal,search_index,2294.17,,
2023-01-01,canada,base_forecast,legacy_ensemble,45342.14636631765,,
2023-01-01,canada,reference_forecast,legacy_average,7519.212331447863,,
2023-01-01,canada,signal,flight_capacity,57.0,,
2023-01-01,canada,signal,search_index,2246.61,,
2023-02-01,canada,base_forecast,legacy_ensemble,42589.29865180296,,
2023-02-01,canada,reference_forecast,legacy_average,9281.011586635388,,
2023-02-01,canada,signal,flight_capacity,80.0,,
2023-02-01,canada,signal,search_index,2301.71,,
2023-03-01,canada,base_forecast,legacy_ensemble,31650.87398327203,,
2023-03-01,canada,reference_forecast,legacy_average,7482.356929590798,,
2023-03-01,canada,signal,flight_capacity,90.0,,
2023-03-01,canada,signal,search_index,2536.21,,
2023-04-01,canada,base_forecast,legacy_ensemble,38686.65390749698,,
2023-04-01,canada,reference_forecast,legacy_average,8607.643894139046,,
2023-04-01,canada,signal,flight_capacity,78.0,,
2023-04-01,canada,signal,search_index,2500.17,,
2023-05-01,canada,base_forecast,legacy_ensemble,55097.78837766543,,
2023-05-01,canada,reference_forecast,legacy_average,12577.57420365176,,
2023-05-01,canada,signal,flight_capacity,87.0,,
2023-05-01,canada,signal,search_index,2473.3,,
2023-06-01,canada,base_forecast,legacy_ensemble,70501.13584026092,,
2023-06-01,canada,reference_forecast,legacy_average,14458.02063376356,,
2023-06-01,canada,signal,flight_capacity,90.0,,
2023-06-01,canada,signal,search_index,2290.419354838709,,
2023-07-01,canada,base_forecast,legacy_ensemble,95637.86534097258,,
2023-08-01,canada,base_forecast,legacy_ensemble,93995.24103194488,,
2023-08-01,canada,recovery_forecast,legacy_final,28243.19893329791,,
2023-09-01,canada,base_forecast,legacy_ensemble,81088.00337081731,,
2023-09-01,canada,recovery_forecast,legacy_final,26488.24599896642,,
2023-10-01,canada,base_forecast,legacy_ensemble,54653.39845641024,,
2023-10-01,canada,recovery_forecast,legacy_final,20628.2509482694,,
2023-11-01,canada,base_forecast,legacy_ensemble,29324.36784269468,,
2023-11-01,canada,recovery_forecast,legacy_final,10865.18457076695,,
2023-12-01,canada,base_forecast,legacy_ensemble,38915.93851994243,,
2023-12-01,canada,recovery_forecast,legacy_final,17867.63691060611,,
2024-01-01,canada,base_forecast,legacy_ensemble,45424.431171048,,
2024-01-01,canada,recovery_forecast,legacy_final,19530.92683835165,,
2024-02-01,canada,base_forecast,legacy_ensemble,42273.06628297675,,
2024-02-01,canada,recovery_forecast,legacy_final,20851.57336734411,,
2024-03-01,canada,base_forecast,legacy_ensemble,31219.45822220584,,
2024-03-01,canada,recovery_forecast,legacy_final,15119.9629880405,,
2024-04-01,canada,base_forecast,legacy_ensemble,38197.58215233714,,
2024-04-01,canada,recovery_forecast,legacy_final,21811.47006413337,,
2024-05-01,canada,base_forecast,legacy_ensemble,54594.75855556672,,
2024-05-01,canada,recovery_forecast,legacy_final,34598.24929765515,,
2024-06-01,canada,base_forecast,legacy_ensemble,69715.7752265106,,
2024-06-01,canada,recovery_forecast,legacy_final,46662.40373660267,,
2024-07-01,canada,base_forecast,legacy_ensemble,94848.9022298907,,
2024-07-01,canada,recovery_forecast,legacy_final,63518.27611823998,,
2024-07-01,canada,terminal_forecast,intervention_adjusted,66394.23156092348,,
2024-08-01,canada,base_forecast,legacy_ensemble,93560.88286502924,,
2024-09-01,canada,base_forecast,legacy_ensemble,80539.56866456782,,
2024-10-01,canada,base_forecast,legacy_ensemble,53979.08286343496,,
2024-11-01,canada,base_forecast,legacy_ensemble,28681.86213561228,,
2024-12-01,canada,base_forecast,legacy_ensemble,38438.68515779078,,
2011-02-01,chile,signal,search_index,118.03,,
2011-03-01,chile,signal,search_index,127.75,,
2011-04-01,chile,signal,search_index,137.45,,
2011-05-01,chile,signal,search_index,131.5,,
2011-06-01,chile,signal,search_index,155.32,,
2011-07-01,chile,signal,search_index,138.24,,
2011-08-01,chile,signal,search_index,140.94,,
2011-09-01,chile,signal,search_index,154.2,,
2011-10-01,chile,signal,search_index,160.64,,
2011-11-01,chile,signal,search_index,157.74,,
2011-12-01,chile,signal,search_index,147.97,,
2012-01-01,chile,observed,target,890.0,,
2012-01-01,chile,signal,search_index,161.62,,
2012-02-01,chile,observed,target,934.0,,
2012-02-01,chile,signal,search_index,146.45,,
2012-03-01,chile,observed,target,1040.0,,
2012-03-01,chile,signal,search_index,186.48,,
2012-04-01,chile,observed,target,1154.0,,
2012-04-01,chile,signal,search_index,203.39,,
2012-05-01,chile,observed,target,952.0,,
2012-05-01,chile,signal,search_index,178.47,,
2012-06-01,chile,observed,target,893.0,,
2012-06-01,chile,signal,search_index,180.55,,
2012-07-01,chile,observed,target,731.0,,
2012-07-01,chile,signal,search_index,208.76,,
2012-08-01,chile,observed,target,1078.0,,
2012-08-01,chile,signal,search_index,238.29,,
2012-09-01,chile,observed,target,793.0,,
2012-09-01,chile,signal,search_index,232.03,,
2012-10-01,chile,observed,target,1060.0,,
2012-10-01,chile,signal,search_index,224.1,,
2012-11-01,chile,observed,target,1375.0,,
2012-11-01,chile,signal,search_index,244.42,,
2012-12-01,chile,observed,target,1188.0,,
2012-12-01,chile,signal,search_index,241.97,,
2013-01-01,chile,observed,target,963.0,,
2013-01-01,chile,signal,search_index,237.97,,
2013-02-01,chile,observed,target,871.0,,
2013-02-01,chile,signal,search_index,225.16,,
2013-03-01,chile,observed,target,1078.0,,
2013-03-01,chile,signal,search_index,228.97,,
2013-04-01,chile,observed,target,974.0,,
2013-04-01,chile,signal,search_index,258.71,,
2013-05-01,chile,observed,target,882.0,,
2013-05-01,chile,signal,search_index,237.1,,
2013-06-01,chile,observed,target,913.0,,
2013-06-01,chile,signal,search_index,235.0,,
2013-07-01,chile,observed,target,769.0,,
2013-07-01,chile,signal,search_index,242.7,,
2013-08-01,chile,observed,target,831.0,,
2013-08-01,chile,signal,search_index,230.29,,
2013-09-01,chile,observed,target,751.0,,
2013-09-01,chile,signal,search_index,220.61,,
2013-10-01,chile,observed,target,995.0,,
2013-10-01,chile,signal,search_index,211.66,,
2013-11-01,chile,observed,target,1210.0,,
2013-11-01,chile,signal,search_index,221.58,,
2013-12-01,chile,observed,target,1059.0,,
2013-12-01,chile,signal,search_index,228.83,,
2014-01-01,chile,observed,target,869.0,,
2014-01-01,chile,signal,search_index,229.33,,
2014-02-01,chile,observed,target,908.0,,
2014-02-01,chile,signal,search_index,215.35,,
2014-03-01,chile,observed,target,1154.0,,
2014-03-01,chile,signal,search_index,256.89,,
2014-04-01,chile,observed,target,1195.0,,
2014-04-01,chile,signal,search_index,269.26,,
2014-05-01,chile,observed,target,857.0,,
2014-05-01,chile,signal,search_index,268.03,,
2014-06-01,chile,observed,target,656.0,,
2014-06-01,chile,signal,search_index,254.06,,
2014-07-01,chile,observed,target,662.0,,
2014-07-01,chile,signal,search_index,312.6,,
2014-08-01,chile,observed,target,727.0,,
2014-08-01,chile,signal,search_index,296.94,,
2014-09-01,chile,observed,target,580.0,,
2014-09-01,chile,signal,search_index,260.38,,
2014-10-01,chile,observed,target,1022.0,,
2014-10-01,chile,signal,search_index,229.2,,
2014-11-01,chile,observed,target,1255.0,,
2014-11-01,chile,signal,search_index,218.55,,
2014-12-01,chile,observed,target,1133.0,,
2014-12-01,chile,signal,search_index,226.54,,
2015-01-01,chile,observed,target,997.0,,
2015-01-01,chile,signal,search_index,222.74,,
2015-02-01,chile,observed,target,886.0,,
2015-02-01,chile,signal,search_index,235.03,,
2015-03-01,chile,observed,target,1290.0,,
2015-03-01,chile,signal,search_index,241.64,,
2015-04-01,chile,observed,target,1244.0,,
2015-04-01,chile,signal,search_index,278.07,,
2015-05-01,chile,observed,target,1164.0,,
2015-05-01,chile,signal,search_index,237.77,,
2015-06-01,chile,observed,target,773.0,,
2015-06-01,chile,signal,search_index,278.13,,
2015-07-01,chile,observed,target,989.0,,
2015-07-01,chile,signal,search_index,305.47,,
2015-08-01,chile,observed,target,1230.0,,
2015-08-01,chile,signal,search_index,320.0,,
2015-09-01,chile,observed,target,1106.0,,
2015-09-01,chile,signal,search_index,286.16,,
2015-10-01,chile,observed,target,1817.0,,
2015-10-01,chile,signal,search_index,279.77,,
2015-11-01,chile,observed,target,1747.0,,
2015-11-01,chile,signal,search_index,281.93,,
2015-12-01,chile,observed,target,2161.0,,
2015-12-01,chile,signal,search_index,282.36,,
2016-01-01,chile,observed,target,1598.0,,
2016-01-01,chile,signal,search_index,268.62,,
2016-02-01,chile,observed,target,1866.0,,
2016-02-01,chile,signal,search_index,264.0,,
2016-03-01,chile,observed,target,1941.0,,
2016-03-01,chile,signal,search_index,265.45,,
2016-04-01,chile,observed,target,1888.0,,
2016-04-01,chile,signal,search_index,281.87,,
2016-05-01,chile,observed,target,1429.0,,
2016-05-01,chile,signal,search_index,273.3,,
2016-06-01,chile,observed,target,1311.0,,
2016-06-01,chile,signal,search_index,267.74,,
2016-07-01,chile,observed,target,1544.0,,
2016-07-01,chile,signal,search_index,279.03,,
2016-08-01,chile,observed,target,1429.0,,
2016-08-01,chile,signal,search_index,284.55,,
2016-09-01,chile,observed,target,1439.0,,
2016-09-01,chile,signal,search_index,278.0,,
2016-10-01,chile,observed,target,2166.0,,
2016-10-01,chile,signal,search_index,276.66,,
2016-11-01,chile,observed,target,3435.0,,
2016-11-01,chile,signal,search_index,279.58,,
2016-12-01,chile,observed,target,2946.0,,
2016-12-01,chile,signal,search_index,303.13,,
2017-01-01,chile,observed,target,2763.0,,
2017-01-01,chile,signal,search_index,286.0,,
2017-02-01,chile,observed,target,2694.0,,
2017-02-01,chile,signal,search_index,268.97,,
2017-03-01,chile,observed,target,3126.0,,
2017-03-01,chile,signal,search_index,304.22,,
2017-04-01,chile,observed,target,2414.0,,
2017-04-01,chile,signal,search_index,305.39,,
2017-05-01,chile,observed,target,2234.0,,
2017-05-01,chile,signal,search_index,295.13,,
2017-06-01,chile,observed,target,1596.0,,
2017-06-01,chile,signal,search_index,333.3,,
2017-07-01,chile,observed,target,1873.0,,
2017-07-01,chile,signal,search_index,303.64,,
2017-08-01,chile,observed,target,2502.0,,
2017-08-01,chile,signal,search_index,318.45,,
2017-09-01,chile,observed,target,1952.0,,
2017-09-01,chile,signal,search_index,319.1,,
2017-10-01,chile,observed,target,2731.0,,
2017-10-01,chile,signal,search_index,308.7,,
2017-11-01,chile,observed,target,3390.0,,
2017-11-01,chile,signal,search_index,324.58,,
2017-12-01,chile,observed,target,3531.0,,
2017-12-01,chile,signal,search_index,329.67,,
2018-01-01,chile,observed,target,3599.0,,
2018-01-01,chile,signal,search_index,319.29,,
2018-02-01,chile,observed,target,3757.0,,
2018-02-01,chile,signal,search_index,326.9,,
2018-03-01,chile,observed,target,3555.0,,
2018-03-01,chile,signal,search_index,322.04,,
2018-04-01,chile,observed,target,3339.0,,
2018-04-01,chile,signal,search_index,330.42,,
2018-05-01,chile,observed,target,2463.0,,
2018-05-01,chile,signal,search_index,319.83,,
2018-06-01,chile,observed,target,2045.0,,
2018-06-01,chile,signal,search_index,310.74,,
2018-07-01,chile,observed,target,1738.0,,
2018-07-01,chile,signal,search_index,319.33,,
2018-08-01,chile,observed,target,1823.0,,
2018-08-01,chile,signal,search_index,305.52,,
2018-09-01,chile,observed,target,2198.0,,
2018-09-01,chile,signal,search_index,318.77,,
2018-10-01,chile,observed,target,2607.0,,
2018-10-01,chile,signal,search_index,310.97,,
2018-11-01,chile,observed,target,3344.0,,
2018-11-01,chile,signal,search_index,318.94,,
2018-12-01,chile,observed,target,4115.0,,
2018-12-01,chile,signal,search_index,341.33,,
2019-01-01,chile,observed,target,3234.0,,
2019-01-01,chile,signal,flight_capacity,0.0,,
2019-01-01,chile,signal,search_index,364.87,,
2019-02-01,chile,observed,target,3790.0,,
2019-02-01,chile,signal,flight_capacity,0.0,,
2019-02-01,chile,signal,search_index,337.93,,
2019-03-01,chile,observed,target,4025.0,,
2019-03-01,chile,signal,flight_capacity,0.0,,
2019-03-01,chile,signal,search_index,335.54,,
2019-04-01,chile,observed,target,3136.0,,
2019-04-01,chile,signal,flight_capacity,0.0,,
2019-04-01,chile,signal,search_index,326.1,,
2019-05-01,chile,observed,target,2930.0,,
2019-05-01,chile,signal,flight_capacity,0.0,,
2019-05-01,chile,signal,search_index,318.2,,
2019-06-01,chile,observed,target,2248.0,,
2019-06-01,chile,signal,flight_capacity,0.0,,
2019-06-01,chile,signal,search_index,327.94,,
2019-07-01,chile,observed,target,2105.0,,
2019-07-01,chile,signal,flight_capacity,0.0,,
2019-07-01,chile,signal,search_index,331.56,,
2019-08-01,chile,observed,target,2247.0,,
2019-08-01,chile,signal,flight_capacity,0.0,,
2019-08-01,chile,signal,search_index,335.55,,
2019-09-01,chile,observed,target,2817.0,,
2019-09-01,chile,signal,flight_capacity,0.0,,
2019-09-01,chile,signal,search_index,321.06,,
2019-10-01,chile,observed,target,2994.0,,
2019-10-01,chile,signal,flight_capacity,0.0,,
2019-10-01,chile,signal,search_index,324.7,,
2019-11-01,chile,observed,target,2967.0,,
2019-11-01,chile,signal,flight_capacity,0.0,,
2019-11-01,chile,signal,search_index,332.97,,
2019-12-01,chile,observed,target,3677.0,,
2019-12-01,chile,signal,flight_capacity,0.0,,
2019-12-01,chile,signal,search_index,289.5,,
2020-01-01,chile,observed,target,3375.0,,
2020-01-01,chile,signal,flight_capacity,0.0,,
2020-01-01,chile,signal,search_index,286.23,,
2020-02-01,chile,observed,target,1672.0,,
2020-02-01,chile,signal,flight_capacity,0.0,,
2020-02-01,chile,signal,search_index,291.0,,
2020-03-01,chile,observed,target,609.0,,
2020-03-01,chile,signal,flight_capacity,0.0,,
2020-03-01,chile,signal,search_index,282.93,,
2020-04-01,chile,observed,target,0.0,,
2020-04-01,chile,signal,flight_capacity,0.0,,
2020-04-01,chile,signal,search_index,246.23,,
2020-05-01,chile,observed,target,0.0,,
2020-05-01,chile,signal,flight_capacity,0.0,,
2020-05-01,chile,signal,search_index,149.4,,
2020-06-01,chile,observed,target,0.0,,
2020-06-01,chile,signal,flight_capacity,0.0,,
2020-06-01,chile,signal,search_index,151.32,,
2020-07-01,chile,observed,target,0.0,,
2020-07-01,chile,signal,flight_capacity,0.0,,
2020-07-01,chile,signal,search_index,146.74,,
2020-08-01,chile,observed,target,0.0,,
2020-08-01,chile,signal,flight_capacity,0.0,,
2020-08-01,chile,signal,search_index,137.71,,
2020-09-01,chile,observed,target,0.0,,
2020-09-01,chile,signal,flight_capacity,0.0,,
2020-09-01,chile,signal,search_index,110.42,,
2020-10-01,chile,observed,target,0.0,,
2020-10-01,chile,signal,flight_capacity,0.0,,
2020-10-01,chile,signal,search_index,156.6,,
2020-11-01,chile,observed,target,28.0,,
2020-11-01,chile,signal,flight_capacity,0.0,,
2020-11-01,chile,signal,search_index,144.87,,
2020-12-01,chile,observed,target,114.0,,
2020-12-01,chile,signal,flight_capacity,0.0,,
2020-12-01,chile,signal,search_index,143.67,,
2021-01-01,chile,observed,target,79.0,,
2021-01-01,chile,signal,flight_capacity,0.0,,
2021-01-01,chile,signal,search_index,161.39,,
2021-02-01,chile,observed,target,100.0,,
2021-02-01,chile,signal,flight_capacity,0.0,,
2021-02-01,chile,signal,search_index,146.35,,
2021-03-01,chile,observed,target,109.0,,
2021-03-01,chile,signal,flight_capacity,0.0,,
2021-03-01,chile,signal,search_index,104.0,,
2021-04-01,chile,observed,target,0.0,,
2021-04-01,chile,signal,flight_capacity,0.0,,
2021-04-01,chile,signal,search_index,122.26,,
2021-05-01,chile,observed,target,0.0,,
2021-05-01,chile,signal,flight_capacity,0.0,,
2021-05-01,chile,signal,search_index,73.87,,
2021-06-01,chile,observed,target,0.0,,
2021-06-01,chile,signal,flight_capacity,0.0,,
2021-06-01,chile,signal,search_index,75.09,,
2021-07-01,chile,observed,target,0.0,,
2021-07-01,chile,signal,flight_capacity,0.0,,
2021-07-01,chile,signal,search_index,65.06,,
2021-08-01,chile,observed,target,0.0,,
2021-08-01,chile,signal,flight_capacity,0.0,,
2021-08-01,chile,signal,search_index,94.93,,
2021-09-01,chile,observed,target,0.0,,
2021-09-01,chile,signal,flight_capacity,0.0,,
2021-09-01,chile,signal,search_index,99.0,,
2021-10-01,chile,observed,target,111.0,,
2021-10-01,chile,signal,flight_capacity,0.0,,
2021-10-01,chile,signal,search_index,77.24000000000001,,
2021-11-01,chile,observed,target,289.0,,
2021-11-01,chile,signal,flight_capacity,0.0,,
2021-11-01,chile,signal,search_index,72.65,,
2021-12-01,chile,observed,target,237.0,,
2021-12-01,chile,signal,flight_capacity,0.0,,
2021-12-01,chile,signal,search_index,103.3,,
2022-01-01,chile,observed,target,232.0,,
2022-01-01,chile,signal,flight_capacity,0.0,,
2022-01-01,chile,signal,search_index,87.39,,
2022-02-01,chile,observed,target,233.0,,
2022-02-01,chile,signal,flight_capacity,0.0,,
2022-02-01,chile,signal,search_index,82.97,,
2022-03-01,chile,observed,target,294.0,,
2022-03-01,chile,signal,flight_capacity,0.0,,
2022-03-01,chile,signal,search_index,113.0,,
2022-04-01,chile,observed,target,380.0,,
2022-04-01,chile,signal,flight_capacity,0.0,,
2022-04-01,chile,signal,search_index,139.17,,
2022-05-01,chile,observed,target,404.0,,
2022-05-01,chile,signal,flight_capacity,0.0,,
2022-05-01,chile,signal,search_index,149.93,,
2022-06-01,chile,observed,target,430.0,,
2022-06-01,chile,signal,flight_capacity,0.0,,
2022-06-01,chile,signal,search_index,152.45,,
2022-07-01,chile,observed,target,537.0,,
2022-07-01,chile,signal,flight_capacity,0.0,,
2022-07-01,chile,signal,search_index,158.0,,
2022-08-01,chile,observed,target,648.0,,
2022-08-01,chile,signal,flight_capacity,0.0,,
2022-08-01,chile,signal,search_index,187.58,,
2022-09-01,chile,observed,target,579.0,,
2022-09-01,chile,signal,flight_capacity,0.0,,
2022-09-01,chile,signal,search_index,177.32,,
2022-10-01,chile,observed,target,822.0,,
2022-10-01,chile,signal,flight_capacity,0.0,,
2022-10-01,chile,signal,search_index,173.4,,
2022-11-01,chile,observed,target,1023.0,,
2022-11-01,chile,signal,flight_capacity,0.0,,
2022-11-01,chile,signal,search_index,169.1,,
2022-12-01,chile,observed,target,1372.0,,
2022-12-01,chile,signal,flight_capacity,0.0,,
2022-12-01,chile,signal,search_index,194.54,,
2023-01-01,chile,base_forecast,legacy_ensemble,3135.538273858934,,
2023-01-01,chile,observed,target,872.0,,
2023-01-01,chile,reference_forecast,legacy_average,1014.857142857143,,
2023-01-01,chile,signal,flight_capacity,0.0,,
2023-01-01,chile,signal,search_index,211.55,,
2023-02-01,chile,base_forecast,legacy_ensemble,3362.998213991023,,
2023-02-01,chile,reference_forecast,legacy_average,1163.819351677453,,
2023-02-01,chile,signal,flight_capacity,0.0,,
2023-02-01,chile,signal,search_index,223.77,,
2023-03-01,chile,base_forecast,legacy_ensemble,3558.705967750334,,
2023-03-01,chile,reference_forecast,legacy_average,1331.264803716421,,
2023-03-01,chile,signal,flight_capacity,0.0,,
2023-03-01,chile,signal,search_index,244.86,,
2023-04-01,chile,base_forecast,legacy_ensemble,3016.558511451033,,
2023-04-01,chile,reference_forecast,legacy_average,1140.485941573846,,
2023-04-01,chile,signal,flight_capacity,0.0,,
2023-04-01,chile,signal,search_index,221.13,,
2023-05-01,chile,base_forecast,legacy_ensemble,2681.737436196577,,
2023-05-01,chile,reference_forecast,legacy_average,1229.509640998296,,
2023-05-01,chile,signal,flight_capacity,0.0,,
2023-05-01,chile,signal,search_index,245.1,,
2023-06-01,chile,base_forecast,legacy_ensemble,2158.446201715896,,
2023-06-01,chile,reference_forecast,legacy_average,1091.659270554445,,
2023-06-01,chile,signal,flight_capacity,0.0,,
2023-06-01,chile,signal,search_index,219.9032258064516,,
2023-07-01,chile,base_forecast,legacy_ensemble,2078.735907863382,,
2023-08-01,chile,base_forecast,legacy_ensemble,2231.21907781848,,
2023-08-01,chile,recovery_forecast,legacy_final,1147.714173021068,,
2023-09-01,chile,base_forecast,legacy_ensemble,2435.252152806404,,
2023-09-01,chile,recovery_forecast,legacy_final,1079.682722381365,,
2023-10-01,chile,base_forecast,legacy_ensemble,2806.082118515432,,
2023-10-01,chile,recovery_forecast,legacy_final,1591.628706136162,,
2023-11-01,chile,base_forecast,legacy_ensemble,3055.435220466933,,
2023-11-01,chile,recovery_forecast,legacy_final,1918.325254137092,,
2023-12-01,chile,base_forecast,legacy_ensemble,3428.207331574373,,
2023-12-01,chile,recovery_forecast,legacy_final,1986.996795450882,,
2024-01-01,chile,base_forecast,legacy_ensemble,2992.945697048465,,
2024-01-01,chile,recovery_forecast,legacy_final,1772.126302485925,,
2024-02-01,chile,base_forecast,legacy_ensemble,3246.081675187966,,
2024-02-01,chile,recovery_forecast,legacy_final,1832.825148424864,,
2024-03-01,chile,base_forecast,legacy_ensemble,3420.221720016817,,
2024-03-01,chile,recovery_forecast,legacy_final,2128.238409216104,,
2024-04-01,chile,base_forecast,legacy_ensemble,2887.292096672647,,
2024-04-01,chile,recovery_forecast,legacy_final,1989.234674883391,,
2024-05-01,chile,base_forecast,legacy_ensemble,2563.59982159908,,
2024-05-01,chile,recovery_forecast,legacy_final,1684.584061028316,,
2024-06-01,chile,base_forecast,legacy_ensemble,2054.278325166809,,
2024-06-01,chile,recovery_forecast,legacy_final,1331.98204292642,,
2024-07-01,chile,base_forecast,legacy_ensemble,1979.413380515809,,
2024-07-01,chile,recovery_forecast,legacy_final,1387.169340772192,,
2024-07-01,chile,terminal_forecast,intervention_adjusted,1385.5893663610661,,
2024-08-01,chile,base_forecast,legacy_ensemble,2135.128795597537,,
2024-09-01,chile,base_forecast,legacy_ensemble,2323.242447801587,,
2024-10-01,chile,base_forecast,legacy_ensemble,2683.131512905753,,
2024-11-01,chile,base_forecast,legacy_ensemble,2918.901822041297,,
2024-12-01,chile,base_forecast,legacy_ensemble,3286.397677479621,,
2008-07-01,chinese_taipei,observed,target,30323.0,,
2008-08-01,chinese_taipei,observed,target,29281.0,,
2008-09-01,chinese_taipei,observed,target,33251.0,,
2008-10-01,chinese_taipei,observed,target,34780.0,,
2008-11-01,chinese_taipei,observed,target,35238.0,,
2008-12-01,chinese_taipei,observed,target,35114.0,,
2009-01-01,chinese_taipei,observed,target,43995.0,,
2009-02-01,chinese_taipei,observed,target,42248.0,,
2009-03-01,chinese_taipei,observed,target,87002.0,,
2009-04-01,chinese_taipei,observed,target,131464.0,,
2009-05-01,chinese_taipei,observed,target,110244.0,,
2009-06-01,chinese_taipei,observed,target,57472.0,,
2009-07-01,chinese_taipei,observed,target,70157.0,,
2009-08-01,chinese_taipei,observed,target,80883.0,,
2009-09-01,chinese_taipei,observed,target,64386.0,,
2009-10-01,chinese_taipei,observed,target,78175.0,,
2009-11-01,chinese_taipei,observed,target,113807.0,,
2009-12-01,chinese_taipei,observed,target,92290.0,,
2010-01-01,chinese_taipei,observed,target,86891.0,,
2010-02-01,chinese_taipei,observed,target,107628.0,,
2010-03-01,chinese_taipei,observed,target,149617.0,,
2010-04-01,chinese_taipei,observed,target,180915.0,,
2010-05-01,chinese_taipei,observed,target,179394.0,,
2010-06-01,chinese_taipei,observed,target,135603.0,,
2010-07-01,chinese_taipei,observed,target,129160.0,,
2010-08-01,chinese_taipei,observed,target,118616.0,,
2010-09-01,chinese_taipei,observed,target,105707.0,,
2010-10-01,chinese_taipei,observed,target,150221.0,,
2010-11-01,chinese_taipei,observed,target,165065.0,,
2010-12-01,chinese_taipei,observed,target,121918.0,,
2011-01-01,chinese_taipei,observed,target,101354.0,,
2011-02-01,chinese_taipei,observed,target,115845.0,,
2011-02-01,chinese_taipei,signal,search_index,2615.67,,
2011-03-01,chinese_taipei,observed,target,153649.0,,
2011-03-01,chinese_taipei,signal,search_index,3121.75,,
2011-04-01,chinese_taipei,observed,target,193457.0,,
2011-04-01,chinese_taipei,signal,search_index,3348.29,,
2011-05-01,chinese_taipei,observed,target,150479.0,,
2011-05-01,chinese_taipei,signal,search_index,3212.14,,
2011-06-01,chinese_taipei,observed,target,114435.0,,
2011-06-01,chinese_taipei,signal,search_index,3146.38,,
2011-07-01,chinese_taipei,observed,target,135968.0,,
2011-07-01,chinese_taipei,signal,search_index,3720.83,,
2011-08-01,chinese_taipei,observed,target,138673.0,,
2011-08-01,chinese_taipei,signal,search_index,4094.81,,
2011-09-01,chinese_taipei,observed,target,122574.0,,
2011-09-01,chinese_taipei,signal,search_index,4273.420000000001,,
2011-10-01,chinese_taipei,observed,target,163290.0,,
2011-10-01,chinese_taipei,signal,search_index,3527.530000000001,,
2011-11-01,chinese_taipei,observed,target,213144.0,,
2011-11-01,chinese_taipei,signal,search_index,3735.3,,
2011-12-01,chinese_taipei,observed,target,181317.0,,
2011-12-01,chinese_taipei,signal,search_index,4091.06,,
2012-01-01,chinese_taipei,observed,target,140432.0,,
2012-01-01,chinese_taipei,signal,search_index,4022.33,,
2012-02-01,chinese_taipei,observed,target,163442.0,,
2012-02-01,chinese_taipei,signal,search_index,3546.62,,
2012-03-01,chinese_taipei,observed,target,253205.0,,
2012-03-01,chinese_taipei,signal,search_index,5514.34,,
2012-04-01,chinese_taipei,observed,target,278715.0,,
2012-04-01,chinese_taipei,signal,search_index,5097.219999999999,,
2012-05-01,chinese_taipei,observed,target,228607.0,,
2012-05-01,chinese_taipei,signal,search_index,4867.81,,
2012-06-01,chinese_taipei,observed,target,199642.0,,
2012-06-01,chinese_taipei,signal,search_index,5227.620000000001,,
2012-07-01,chinese_taipei,observed,target,235447.0,,
2012-07-01,chinese_taipei,signal,search_index,5350.93,,
2012-08-01,chinese_taipei,observed,target,205002.0,,
2012-08-01,chinese_taipei,signal,search_index,5700.860000000001,,
2012-09-01,chinese_taipei,observed,target,185922.0,,
2012-09-01,chinese_taipei,signal,search_index,4897.139999999999,,
2012-10-01,chinese_taipei,observed,target,224872.0,,
2012-10-01,chinese_taipei,signal,search_index,4370.13,,
2012-11-01,chinese_taipei,observed,target,242967.0,,
2012-11-01,chinese_taipei,signal,search_index,4612.999999999999,,
2012-12-01,chinese_taipei,observed,target,228175.0,,
2012-12-01,chinese_taipei,signal,search_index,4794.049999999999,,
2013-01-01,chinese_taipei,observed,target,195388.0,,
2013-01-01,chinese_taipei,signal,search_index,5517.239999999999,,
2013-02-01,chinese_taipei,observed,target,216021.0,,
2013-02-01,chinese_taipei,signal,search_index,5007.699999999999,,
2013-03-01,chinese_taipei,observed,target,269455.0,,
2013-03-01,chinese_taipei,signal,search_index,5210.84,,
2013-04-01,chinese_taipei,observed,target,298059.0,,
2013-04-01,chinese_taipei,signal,search_index,5768.03,,
2013-05-01,chinese_taipei,observed,target,217260.0,,
2013-05-01,chinese_taipei,signal,search_index,5400.27,,
2013-06-01,chinese_taipei,observed,target,220894.0,,
2013-06-01,chinese_taipei,signal,search_index,5638.679999999999,,
2013-07-01,chinese_taipei,observed,target,248683.0,,
2013-07-01,chinese_taipei,signal,search_index,6714.800000000001,,
2013-08-01,chinese_taipei,observed,target,240490.0,,
2013-08-01,chinese_taipei,signal,search_index,7076.179999999999,,
2013-09-01,chinese_taipei,observed,target,270788.0,,
2013-09-01,chinese_taipei,signal,search_index,6549.299999999998,,
2013-10-01,chinese_taipei,observed,target,221004.0,,
2013-10-01,chinese_taipei,signal,search_index,5886.860000000001,,
2013-11-01,chinese_taipei,observed,target,236031.0,,
2013-11-01,chinese_taipei,signal,search_index,5406.3,,
2013-12-01,chinese_taipei,observed,target,240629.0,,
2013-12-01,chinese_taipei,signal,search_index,5184.27,,
2014-01-01,chinese_taipei,observed,target,266881.0,,
2014-01-01,chinese_taipei,signal,search_index,5883.900000000001,,
2014-02-01,chinese_taipei,observed,target,303038.0,,
2014-02-01,chinese_taipei,signal,search_index,5718.52,,
2014-03-01,chinese_taipei,observed,target,361150.0,,
2014-03-01,chinese_taipei,signal,search_index,7748.04,,
2014-04-01,chinese_taipei,observed,target,377197.0,,
2014-04-01,chinese_taipei,signal,search_index,7060.249999999999,,
2014-05-01,chinese_taipei,observed,target,333845.0,,
2014-05-01,chinese_taipei,signal,search_index,6563.870000000001,,
2014-06-01,chinese_taipei,observed,target,315166.0,,
2014-06-01,chinese_taipei,signal,search_index,7213.910000000001,,
2014-07-01,chinese_taipei,observed,target,343709.0,,
2014-07-01,chinese_taipei,signal,search_index,8683.970000000001,,
2014-08-01,chinese_taipei,observed,target,312549.0,,
2014-08-01,chinese_taipei,signal,search_index,8815.32,,
2014-09-01,chinese_taipei,observed,target,341729.0,,
2014-09-01,chinese_taipei,signal,search_index,7540.379999999999,,
2014-10-01,chinese_taipei,observed,target,347778.0,,
2014-10-01,chinese_taipei,signal,search_index,8216.14,,
2014-11-01,chinese_taipei,observed,target,332517.0,,
2014-11-01,chinese_taipei,signal,search_index,7891.73,,
2014-12-01,chinese_taipei,observed,target,346941.0,,
2014-12-01,chinese_taipei,signal,search_index,7336.66,,
2015-01-01,chinese_taipei,observed,target,321458.0,,
2015-01-01,chinese_taipei,signal,search_index,8026.639999999999,,
2015-02-01,chinese_taipei,observed,target,406239.0,,
2015-02-01,chinese_taipei,signal,search_index,8083.97,,
2015-03-01,chinese_taipei,observed,target,279703.0,,
2015-03-01,chinese_taipei,signal,search_index,6651.37,,
2015-04-01,chinese_taipei,observed,target,358798.0,,
2015-04-01,chinese_taipei,signal,search_index,8208.55,,
2015-05-01,chinese_taipei,observed,target,372766.0,,
2015-05-01,chinese_taipei,signal,search_index,7789.780000000001,,
2015-06-01,chinese_taipei,observed,target,308087.0,,
2015-06-01,chinese_taipei,signal,search_index,7527.41,,
2015-07-01,chinese_taipei,observed,target,352625.0,,
2015-07-01,chinese_taipei,signal,search_index,8680.88,,
2015-08-01,chinese_taipei,observed,target,367736.0,,
2015-08-01,chinese_taipei,signal,search_index,9090.199999999999,,
2015-09-01,chinese_taipei,observed,target,345243.0,,
2015-09-01,chinese_taipei,signal,search_index,8979.83,,
2015-10-01,chinese_taipei,observed,target,386663.0,,
2015-10-01,chinese_taipei,signal,search_index,7349.389999999999,,
2015-11-01,chinese_taipei,observed,target,357655.0,,
2015-11-01,chinese_taipei,signal,search_index,7093.799999999999,,
2015-12-01,chinese_taipei,observed,target,327129.0,,
2015-12-01,chinese_taipei,signal,search_index,7136.47,,
2016-01-01,chinese_taipei,observed,target,366409.0,,
2016-01-01,chinese_taipei,signal,search_index,7312.77,,
2016-02-01,chinese_taipei,observed,target,405307.0,,
2016-02-01,chinese_taipei,signal,search_index,7480.969999999999,,
2016-03-01,chinese_taipei,observed,target,363878.0,,
2016-03-01,chinese_taipei,signal,search_index,7002.590000000001,,
2016-04-01,chinese_taipei,observed,target,375567.0,,
2016-04-01,chinese_taipei,signal,search_index,7325.560000000001,,
2016-05-01,chinese_taipei,observed,target,327254.0,,
2016-05-01,chinese_taipei,signal,search_index,6466.660000000001,,
2016-06-01,chinese_taipei,observed,target,271478.0,,
2016-06-01,chinese_taipei,signal,search_index,6844.570000000001,,
2016-07-01,chinese_taipei,observed,target,299642.0,,
2016-07-01,chinese_taipei,signal,search_index,6734.400000000001,,
2016-08-01,chinese_taipei,observed,target,248538.0,,
2016-08-01,chinese_taipei,signal,search_index,7733.39,,
2016-09-01,chinese_taipei,observed,target,214764.0,,
2016-09-01,chinese_taipei,signal,search_index,5288.150000000001,,
2016-10-01,chinese_taipei,observed,target,215390.0,,
2016-10-01,chinese_taipei,signal,search_index,5594.559999999999,,
2016-11-01,chinese_taipei,observed,target,202986.0,,
2016-11-01,chinese_taipei,signal,search_index,5349.91,,
2016-12-01,chinese_taipei,observed,target,220358.0,,
2016-12-01,chinese_taipei,signal,search_index,4679.06,,
2017-01-01,chinese_taipei,observed,target,255689.0,,
2017-01-01,chinese_taipei,signal,search_index,5031.39,,
2017-02-01,chinese_taipei,observed,target,202287.0,,
2017-02-01,chinese_taipei,signal,search_index,4970.63,,
2017-03-01,chinese_taipei,observed,target,201599.0,,
2017-03-01,chinese_taipei,signal,search_index,5625.0,,
2017-04-01,chinese_taipei,observed,target,214196.0,,
2017-04-01,chinese_taipei,signal,search_index,5173.090000000001,,
2017-05-01,chinese_taipei,observed,target,201867.0,,
2017-05-01,chinese_taipei,signal,search_index,4731.7,,
2017-06-01,chinese_taipei,observed,target,189078.0,,
2017-06-01,chinese_taipei,signal,search_index,5372.91,,
2017-07-01,chinese_taipei,observed,target,237251.0,,
2017-07-01,chinese_taipei,signal,search_index,5859.870000000001,,
2017-08-01,chinese_taipei,observed,target,249999.0,,
2017-08-01,chinese_taipei,signal,search_index,5815.66,,
2017-09-01,chinese_taipei,observed,target,224691.0,,
2017-09-01,chinese_taipei,signal,search_index,5548.14,,
2017-10-01,chinese_taipei,observed,target,263826.0,,
2017-10-01,chinese_taipei,signal,search_index,5024.33,,
2017-11-01,chinese_taipei,observed,target,244056.0,,
2017-11-01,chinese_taipei,signal,search_index,4928.62,,
2017-12-01,chinese_taipei,observed,target,248010.0,,
2017-12-01,chinese_taipei,signal,search_index,4817.379999999999,,
2018-01-01,chinese_taipei,observed,target,218648.0,,
2018-01-01,chinese_taipei,signal,search_index,5025.609999999999,,
2018-02-01,chinese_taipei,observed,target,289758.0,,
2018-02-01,chinese_taipei,signal,search_index,5035.809999999999,,
2018-03-01,chinese_taipei,observed,target,191805.0,,
2018-03-01,chinese_taipei,signal,search_index,4335.39,,
2018-04-01,chinese_taipei,observed,target,227749.0,,
2018-04-01,chinese_taipei,signal,search_index,4532.74,,
2018-05-01,chinese_taipei,observed,target,191579.0,,
2018-05-01,chinese_taipei,signal,search_index,4405.57,,
2018-06-01,chinese_taipei,observed,target,193886.0,,
2018-06-01,chinese_taipei,signal,search_index,4252.030000000001,,
2018-07-01,chinese_taipei,observed,target,225176.0,,
2018-07-01,chinese_taipei,signal,search_index,4402.3,,
2018-08-01,chinese_taipei,observed,target,256944.0,,
2018-08-01,chinese_taipei,signal,search_index,4944.590000000001,,
2018-09-01,chinese_taipei,observed,target,218125.0,,
2018-09-01,chinese_taipei,signal,search_index,4578.25,,
2018-10-01,chinese_taipei,observed,target,241823.0,,
2018-10-01,chinese_taipei,signal,search_index,4139.2,,
2018-11-01,chinese_taipei,observed,target,207920.0,,
2018-11-01,chinese_taipei,signal,search_index,3927.38,,
2018-12-01,chinese_taipei,observed,target,232202.0,,
2018-12-01,chinese_taipei,signal,search_index,3978.39,,
2019-01-01,chinese_taipei,observed,target,238906.0,,
2019-01-01,chinese_taipei,signal,flight_capacity,13753.0,,
2019-01-01,chinese_taipei,signal,search_index,4279.58,,
2019-02-01,chinese_taipei,observed,target,283470.0,,
2019-02-01,chinese_taipei,signal,flight_capacity,13486.0,,
2019-02-01,chinese_taipei,signal,search_index,4278.950000000001,,
2019-03-01,chinese_taipei,observed,target,270192.0,,
2019-03-01,chinese_taipei,signal,flight_capacity,14280.0,,
2019-03-01,chinese_taipei,signal,search_index,4645.309999999999,,
2019-04-01,chinese_taipei,observed,target,307354.0,,
2019-04-01,chinese_taipei,signal,flight_capacity,15521.0,,
2019-04-01,chinese_taipei,signal,search_index,4764.910000000001,,
2019-05-01,chinese_taipei,observed,target,316168.0,,
2019-05-01,chinese_taipei,signal,flight_capacity,16057.0,,
2019-05-01,chinese_taipei,signal,search_index,4622.5,,
2019-06-01,chinese_taipei,observed,target,260919.0,,
2019-06-01,chinese_taipei,signal,flight_capacity,16229.0,,
2019-06-01,chinese_taipei,signal,search_index,4372.049999999999,,
2019-07-01,chinese_taipei,observed,target,322444.0,,
2019-07-01,chinese_taipei,signal,flight_capacity,17650.0,,
2019-07-01,chinese_taipei,signal,search_index,4525.59,,
2019-08-01,chinese_taipei,observed,target,282999.0,,
2019-08-01,chinese_taipei,signal,flight_capacity,16473.0,,
2019-08-01,chinese_taipei,signal,search_index,5915.94,,
2019-09-01,chinese_taipei,observed,target,116037.0,,
2019-09-01,chinese_taipei,signal,flight_capacity,14871.0,,
2019-09-01,chinese_taipei,signal,search_index,5218.61,,
2019-10-01,chinese_taipei,observed,target,114852.0,,
2019-10-01,chinese_taipei,signal,flight_capacity,15327.0,,
2019-10-01,chinese_taipei,signal,search_index,2557.47,,
2019-11-01,chinese_taipei,observed,target,96933.0,,
2019-11-01,chinese_taipei,signal,flight_capacity,14585.0,,
2019-11-01,chinese_taipei,signal,search_index,2523.14,,
2019-12-01,chinese_taipei,observed,target,103791.0,,
2019-12-01,chinese_taipei,signal,flight_capacity,13141.0,,
2019-12-01,chinese_taipei,signal,search_index,2416.13,,
2020-01-01,chinese_taipei,observed,target,91085.0,,
2020-01-01,chinese_taipei,signal,flight_capacity,12330.0,,
2020-01-01,chinese_taipei,signal,search_index,2489.64,,
2020-02-01,chinese_taipei,observed,target,5540.0,,
2020-02-01,chinese_taipei,signal,flight_capacity,6587.0,,
2020-02-01,chinese_taipei,signal,search_index,2221.65,,
2020-03-01,chinese_taipei,observed,target,1511.0,,
2020-03-01,chinese_taipei,signal,flight_capacity,5647.0,,
2020-03-01,chinese_taipei,signal,search_index,1937.01,,
2020-04-01,chinese_taipei,observed,target,476.0,,
2020-04-01,chinese_taipei,signal,flight_capacity,5359.0,,
2020-04-01,chinese_taipei,signal,search_index,1686.26,,
2020-05-01,chinese_taipei,observed,target,581.0,,
2020-05-01,chinese_taipei,signal,flight_capacity,6189.0,,
2020-05-01,chinese_taipei,signal,search_index,1527.53,,
2020-06-01,chinese_taipei,observed,target,767.0,,
2020-06-01,chinese_taipei,signal,flight_capacity,7031.0,,
2020-06-01,chinese_taipei,signal,search_index,1508.9,,
2020-07-01,chinese_taipei,observed,target,908.0,,
2020-07-01,chinese_taipei,signal,flight_capacity,9090.0,,
2020-07-01,chinese_taipei,signal,search_index,1466.33,,
2020-08-01,chinese_taipei,observed,target,1393.0,,
2020-08-01,chinese_taipei,signal,flight_capacity,7544.0,,
2020-08-01,chinese_taipei,signal,search_index,1493.18,,
2020-09-01,chinese_taipei,observed,target,4590.0,,
2020-09-01,chinese_taipei,signal,flight_capacity,6421.0,,
2020-09-01,chinese_taipei,signal,search_index,1559.68,,
2020-10-01,chinese_taipei,observed,target,1810.0,,
2020-10-01,chinese_taipei,signal,flight_capacity,7416.0,,
2020-10-01,chinese_taipei,signal,search_index,1581.87,,
2020-11-01,chinese_taipei,observed,target,1201.0,,
2020-11-01,chinese_taipei,signal,flight_capacity,5786.0,,
2020-11-01,chinese_taipei,signal,search_index,1712.13,,
2020-12-01,chinese_taipei,observed,target,1188.0,,
2020-12-01,chinese_taipei,signal,flight_capacity,5808.0,,
2020-12-01,chinese_taipei,signal,search_index,1434.62,,
2021-01-01,chinese_taipei,observed,target,1421.0,,
2021-01-01,chinese_taipei,signal,flight_capacity,6191.0,,
2021-01-01,chinese_taipei,signal,search_index,1194.29,,
2021-02-01,chinese_taipei,observed,target,566.0,,
2021-02-01,chinese_taipei,signal,flight_capacity,5169.0,,
2021-02-01,chinese_taipei,signal,search_index,1099.42,,
2021-03-01,chinese_taipei,observed,target,1281.0,,
2021-03-01,chinese_taipei,signal,flight_capacity,5323.0,,
2021-03-01,chinese_taipei,signal,search_index,1141.75,,
2021-04-01,chinese_taipei,observed,target,958.0,,
2021-04-01,chinese_taipei,signal,flight_capacity,6293.0,,
2021-04-01,chinese_taipei,signal,search_index,1400.06,,
2021-05-01,chinese_taipei,observed,target,677.0,,
2021-05-01,chinese_taipei,signal,flight_capacity,4300.0,,
2021-05-01,chinese_taipei,signal,search_index,1380.63,,
2021-06-01,chinese_taipei,observed,target,283.0,,
2021-06-01,chinese_taipei,signal,flight_capacity,1147.0,,
2021-06-01,chinese_taipei,signal,search_index,1315.67,,
2021-07-01,chinese_taipei,observed,target,518.0,,
2021-07-01,chinese_taipei,signal,flight_capacity,1640.0,,
2021-07-01,chinese_taipei,signal,search_index,1009.53,,
2021-08-01,chinese_taipei,observed,target,1147.0,,
2021-08-01,chinese_taipei,signal,flight_capacity,3272.0,,
2021-08-01,chinese_taipei,signal,search_index,1028.19,,
2021-09-01,chinese_taipei,observed,target,2186.0,,
2021-09-01,chinese_taipei,signal,flight_capacity,4358.0,,
2021-09-01,chinese_taipei,signal,search_index,1038.09,,
2021-10-01,chinese_taipei,observed,target,1605.0,,
2021-10-01,chinese_taipei,signal,flight_capacity,4898.0,,
2021-10-01,chinese_taipei,signal,search_index,1010.86,,
2021-11-01,chinese_taipei,observed,target,1245.0,,
2021-11-01,chinese_taipei,signal,flight_capacity,4414.0,,
2021-11-01,chinese_taipei,signal,search_index,1121.94,,
2021-12-01,chinese_taipei,observed,target,1380.0,,
2021-12-01,chinese_taipei,signal,flight_capacity,4263.0,,
2021-12-01,chinese_taipei,signal,search_index,1176.48,,
2022-01-01,chinese_taipei,observed,target,1077.0,,
2022-01-01,chinese_taipei,signal,flight_capacity,5207.0,,
2022-01-01,chinese_taipei,signal,search_index,954.06,,
2022-02-01,chinese_taipei,observed,target,1380.0,,
2022-02-01,chinese_taipei,signal,flight_capacity,4690.0,,
2022-02-01,chinese_taipei,signal,search_index,893.04,,
2022-03-01,chinese_taipei,observed,target,1182.0,,
2022-03-01,chinese_taipei,signal,flight_capacity,4482.0,,
2022-03-01,chinese_taipei,signal,search_index,1039.85,,
2022-04-01,chinese_taipei,observed,target,764.0,,
2022-04-01,chinese_taipei,signal,flight_capacity,5426.0,,
2022-04-01,chinese_taipei,signal,search_index,1069.97,,
2022-05-01,chinese_taipei,observed,target,707.0,,
2022-05-01,chinese_taipei,signal,flight_capacity,5570.0,,
2022-05-01,chinese_taipei,signal,search_index,1073.97,,
2022-06-01,chinese_taipei,observed,target,974.0,,
2022-06-01,chinese_taipei,signal,flight_capacity,5461.0,,
2022-06-01,chinese_taipei,signal,search_index,1102.68,,
2022-07-01,chinese_taipei,observed,target,1813.0,,
2022-07-01,chinese_taipei,signal,flight_capacity,9083.0,,
2022-07-01,chinese_taipei,signal,search_index,1079.33,,
2022-08-01,chinese_taipei,observed,target,2305.0,,
2022-08-01,chinese_taipei,signal,flight_capacity,8101.0,,
2022-08-01,chinese_taipei,signal,search_index,1174.71,,
2022-09-01,chinese_taipei,observed,target,2633.0,,
2022-09-01,chinese_taipei,signal,flight_capacity,7278.0,,
2022-09-01,chinese_taipei,signal,search_index,1874.77,,
2022-10-01,chinese_taipei,observed,target,2461.0,,
2022-10-01,chinese_taipei,signal,flight_capacity,7082.0,,
2022-10-01,chinese_taipei,signal,search_index,1156.59,,
2022-11-01,chinese_taipei,observed,target,3645.0,,
2022-11-01,chinese_taipei,signal,flight_capacity,6558.0,,
2022-11-01,chinese_taipei,signal,search_index,1158.28,,
2022-12-01,chinese_taipei,observed,target,5437.0,,
2022-12-01,chinese_taipei,signal,flight_capacity,6922.0,,
2022-12-01,chinese_taipei,signal,search_index,1035.13,,
2023-01-01,chinese_taipei,base_forecast,legacy_ensemble,133163.7605001326,,
2023-01-01,chinese_taipei,observed,target,9633.0,,
2023-01-01,chinese_taipei,reference_forecast,legacy_average,9033.571428571428,,
2023-01-01,chinese_taipei,signal,flight_capacity,6270.0,,
2023-01-01,chinese_taipei,signal,search_index,1032.41,,
2023-02-01,chinese_taipei,base_forecast,legacy_ensemble,147308.5575022704,,
2023-02-01,chinese_taipei,reference_forecast,legacy_average,11907.65626067121,,
2023-02-01,chinese_taipei,signal,flight_capacity,6498.0,,
2023-02-01,chinese_taipei,signal,search_index,1206.16,,
2023-03-01,chinese_taipei,base_forecast,legacy_ensemble,130538.6029982451,,
2023-03-01,chinese_taipei,reference_forecast,legacy_average,13938.10448408719,,
2023-03-01,chinese_taipei,signal,flight_capacity,8189.0,,
2023-03-01,chinese_taipei,signal,search_index,1407.71,,
2023-04-01,chinese_taipei,base_forecast,legacy_ensemble,149767.6775940795,,
2023-04-01,chinese_taipei,reference_forecast,legacy_average,17896.75444549663,,
2023-04-01,chinese_taipei,signal,flight_capacity,9119.0,,
2023-04-01,chinese_taipei,signal,search_index,1479.81,,
2023-05-01,chinese_taipei,base_forecast,legacy_ensemble,141528.3355597004,,
2023-05-01,chinese_taipei,reference_forecast,legacy_average,18337.19467072162,,
2023-05-01,chinese_taipei,signal,flight_capacity,10969.0,,
2023-05-01,chinese_taipei,signal,search_index,1455.01,,
2023-06-01,chinese_taipei,base_forecast,legacy_ensemble,124010.4818267347,,
2023-06-01,chinese_taipei,reference_forecast,legacy_average,17316.96784298875,,
2023-06-01,chinese_taipei,signal,flight_capacity,11031.0,,
2023-06-01,chinese_taipei,signal,search_index,1576.774193548387,,
2023-07-01,chinese_taipei,base_forecast,legacy_ensemble,155107.0734885678,,
2023-08-01,chinese_taipei,base_forecast,legacy_ensemble,153159.6951919442,,
2023-08-01,chinese_taipei,recovery_forecast,legacy_final,30718.36788899149,,
2023-09-01,chinese_taipei,base_forecast,legacy_ensemble,106568.7134302497,,
2023-09-01,chinese_taipei,recovery_forecast,legacy_final,30460.7561021287,,
2023-10-01,chinese_taipei,base_forecast,legacy_ensemble,116925.4613292287,,
2023-10-01,chinese_taipei,recovery_forecast,legacy_final,36634.02239180641,,
2023-11-01,chinese_taipei,base_forecast,legacy_ensemble,104746.2207276558,,
2023-11-01,chinese_taipei,recovery_forecast,legacy_final,40113.3406026536,,
2023-12-01,chinese_taipei,base_forecast,legacy_ensemble,109620.5857745266,,
2023-12-01,chinese_taipei,recovery_forecast,legacy_final,44995.31587007824,,
2024-01-01,chinese_taipei,base_forecast,legacy_ensemble,121871.9863293341,,
2024-01-01,chinese_taipei,recovery_forecast,legacy_final,50141.58164003629,,
2024-02-01,chinese_taipei,base_forecast,legacy_ensemble,136325.2620266374,,
2024-02-01,chinese_taipei,recovery_forecast,legacy_final,61348.58069167662,,
2024-03-01,chinese_taipei,base_forecast,legacy_ensemble,117737.4345325144,,
2024-03-01,chinese_taipei,recovery_forecast,legacy_final,67468.22168247912,,
2024-04-01,chinese_taipei,base_forecast,legacy_ensemble,136659.6868236738,,
2024-04-01,chinese_taipei,recovery_forecast,legacy_final,83631.57574315536,,
2024-05-01,chinese_taipei,base_forecast,legacy_ensemble,127720.7639368145,,
2024-05-01,chinese_taipei,recovery_forecast,legacy_final,80837.83292091703,,
2024-06-01,chinese_taipei,base_forecast,legacy_ensemble,108798.5925754506,,
2024-06-01,chinese_taipei,recovery_forecast,legacy_final,75945.35959766201,,
2024-07-01,chinese_taipei,base_forecast,legacy_ensemble,139062.1734691915,,
2024-07-01,chinese_taipei,recovery_forecast,legacy_final,92413.50201291754,,
2024-07-01,chinese_taipei,terminal_forecast,intervention_adjusted,83437.3040815149,,
2024-08-01,chinese_taipei,base_forecast,legacy_ensemble,137614.3126027315,,
2024-09-01,chinese_taipei,base_forecast,legacy_ensemble,89602.06912582881,,
2024-10-01,chinese_taipei,base_forecast,legacy_ensemble,101301.1938540703,,
2024-11-01,chinese_taipei,base_forecast,legacy_ensemble,91104.52391051306,,
2024-12-01,chinese_taipei,base_forecast,legacy_ensemble,97734.8562030432,,
2011-02-01,czech,signal,search_index,135.74,,
2011-03-01,czech,signal,search_index,171.5,,
2011-04-01,czech,signal,search_index,195.22,,
2011-05-01,czech,signal,search_index,197.2,,
2011-06-01,czech,signal,search_index,231.96,,
2011-07-01,czech,signal,search_index,214.1,,
2011-08-01,czech,signal,search_index,237.97,,
2011-09-01,czech,signal,search_index,212.91,,
2011-10-01,czech,signal,search_index,197.27,,
2011-11-01,czech,signal,search_index,200.42,,
2011-12-01,czech,signal,search_index,195.77,,
2012-01-01,czech,observed,target,9107.0,,
2012-01-01,czech,signal,search_index,181.2,,
2012-02-01,czech,observed,target,8394.0,,
2012-02-01,czech,signal,search_index,201.67,,
2012-03-01,czech,observed,target,10751.0,,
2012-03-01,czech,signal,search_index,252.14,,
2012-04-01,czech,observed,target,17670.0,,
2012-04-01,czech,signal,search_index,281.52,,
2012-05-01,czech,observed,target,24155.0,,
2012-05-01,czech,signal,search_index,251.77,,
2012-06-01,czech,observed,target,24884.0,,
2012-06-01,czech,signal,search_index,248.71,,
2012-07-01,czech,observed,target,36180.0,,
2012-07-01,czech,signal,search_index,282.74,,
2012-08-01,czech,observed,target,33573.0,,
2012-08-01,czech,signal,search_index,293.71,,
2012-09-01,czech,observed,target,26589.0,,
2012-09-01,czech,signal,search_index,301.35,,
2012-10-01,czech,observed,target,28984.0,,
2012-10-01,czech,signal,search_index,253.83,,
2012-11-01,czech,observed,target,14460.0,,
2012-11-01,czech,signal,search_index,270.13,,
2012-12-01,czech,observed,target,14164.0,,
2012-12-01,czech,signal,search_index,262.84,,
2013-01-01,czech,observed,target,8288.0,,
2013-01-01,czech,signal,search_index,252.9,,
2013-02-01,czech,observed,target,11018.0,,
2013-02-01,czech,signal,search_index,264.22,,
2013-03-01,czech,observed,target,15651.0,,
2013-03-01,czech,signal,search_index,283.18,,
2013-04-01,czech,observed,target,18033.0,,
2013-04-01,czech,signal,search_index,294.55,,
2013-05-01,czech,observed,target,24469.0,,
2013-05-01,czech,signal,search_index,278.94,,
2013-06-01,czech,observed,target,32829.0,,
2013-06-01,czech,signal,search_index,286.68,,
2013-07-01,czech,observed,target,39862.0,,
2013-07-01,czech,signal,search_index,317.33,,
2013-08-01,czech,observed,target,34256.0,,
2013-08-01,czech,signal,search_index,292.45,,
2013-09-01,czech,observed,target,29873.0,,
2013-09-01,czech,signal,search_index,306.65,,
2013-10-01,czech,observed,target,28748.0,,
2013-10-01,czech,signal,search_index,321.2,,
2013-11-01,czech,observed,target,17998.0,,
2013-11-01,czech,signal,search_index,259.0,,
2013-12-01,czech,observed,target,17092.0,,
2013-12-01,czech,signal,search_index,283.23,,
2014-01-01,czech,observed,target,10522.0,,
2014-01-01,czech,signal,search_index,292.22,,
2014-02-01,czech,observed,target,12741.0,,
2014-02-01,czech,signal,search_index,279.94,,
2014-03-01,czech,observed,target,14802.0,,
2014-03-01,czech,signal,search_index,308.25,,
2014-04-01,czech,observed,target,23986.0,,
2014-04-01,czech,signal,search_index,323.55,,
2014-05-01,czech,observed,target,30506.0,,
2014-05-01,czech,signal,search_index,329.76,,
2014-06-01,czech,observed,target,37833.0,,
2014-06-01,czech,signal,search_index,351.97,,
2014-07-01,czech,observed,target,49311.0,,
2014-07-01,czech,signal,search_index,406.0,,
2014-08-01,czech,observed,target,44836.0,,
2014-08-01,czech,signal,search_index,413.97,,
2014-09-01,czech,observed,target,38651.0,,
2014-09-01,czech,signal,search_index,403.38,,
2014-10-01,czech,observed,target,40851.0,,
2014-10-01,czech,signal,search_index,385.43,,
2014-11-01,czech,observed,target,18164.0,,
2014-11-01,czech,signal,search_index,391.9299999999999,,
2014-12-01,czech,observed,target,22035.0,,
2014-12-01,czech,signal,search_index,348.7,,
2015-01-01,czech,observed,target,11529.0,,
2015-01-01,czech,signal,search_index,357.16,,
2015-02-01,czech,observed,target,17787.0,,
2015-02-01,czech,signal,search_index,365.65,,
2015-03-01,czech,observed,target,19844.0,,
2015-03-01,czech,signal,search_index,439.22,,
2015-04-01,czech,observed,target,31656.0,,
2015-04-01,czech,signal,search_index,467.16,,
2015-05-01,czech,observed,target,45746.0,,
2015-05-01,czech,signal,search_index,436.93,,
2015-06-01,czech,observed,target,62275.0,,
2015-06-01,czech,signal,search_index,516.13,,
2015-07-01,czech,observed,target,71735.0,,
2015-07-01,czech,signal,search_index,539.6,,
2015-08-01,czech,observed,target,67035.0,,
2015-08-01,czech,signal,search_index,603.07,,
2015-09-01,czech,observed,target,52750.0,,
2015-09-01,czech,signal,search_index,596.55,,
2015-10-01,czech,observed,target,49383.0,,
2015-10-01,czech,signal,search_index,522.63,,
2015-11-01,czech,observed,target,25853.0,,
2015-11-01,czech,signal,search_index,642.93,,
2015-12-01,czech,observed,target,22896.0,,
2015-12-01,czech,signal,search_index,711.0,,
2016-01-01,czech,observed,target,15857.0,,
2016-01-01,czech,signal,search_index,497.33,,
2016-02-01,czech,observed,target,22857.0,,
2016-02-01,czech,signal,search_index,486.2,,
2016-03-01,czech,observed,target,30212.0,,
2016-03-01,czech,signal,search_index,539.2,,
2016-04-01,czech,observed,target,32694.0,,
2016-04-01,czech,signal,search_index,849.81,,
2016-05-01,czech,observed,target,52578.0,,
2016-05-01,czech,signal,search_index,857.9000000000001,,
2016-06-01,czech,observed,target,61897.0,,
2016-06-01,czech,signal,search_index,669.94,,
2016-07-01,czech,observed,target,77135.0,,
2016-07-01,czech,signal,search_index,718.6700000000001,,
2016-08-01,czech,observed,target,75086.0,,
2016-08-01,czech,signal,search_index,690.55,,
2016-09-01,czech,observed,target,65086.0,,
2016-09-01,czech,signal,search_index,774.94,,
2016-10-01,czech,observed,target,67506.0,,
2016-10-01,czech,signal,search_index,697.4,,
2016-11-01,czech,observed,target,36931.0,,
2016-11-01,czech,signal,search_index,642.9,,
2016-12-01,czech,observed,target,31272.0,,
2016-12-01,czech,signal,search_index,564.97,,
2017-01-01,czech,observed,target,30507.0,,
2017-01-01,czech,signal,search_index,544.8399999999999,,
2017-02-01,czech,observed,target,29456.0,,
2017-02-01,czech,signal,search_index,565.39,,
2017-03-01,czech,observed,target,37227.0,,
2017-03-01,czech,signal,search_index,654.5,,
2017-04-01,czech,observed,target,53943.0,,
2017-04-01,czech,signal,search_index,648.0699999999999,,
2017-05-01,czech,observed,target,77451.0,,
2017-05-01,czech,signal,search_index,607.86,,
2017-06-01,czech,observed,target,80888.0,,
2017-06-01,czech,signal,search_index,761.2,,
2017-07-01,czech,observed,target,95324.0,,
2017-07-01,czech,signal,search_index,1237.13,,
2017-08-01,czech,observed,target,93881.0,,
2017-08-01,czech,signal,search_index,975.19,,
2017-09-01,czech,observed,target,77873.0,,
2017-09-01,czech,signal,search_index,779.2,,
2017-10-01,czech,observed,target,87966.0,,
2017-10-01,czech,signal,search_index,674.24,,
2017-11-01,czech,observed,target,44185.0,,
2017-11-01,czech,signal,search_index,693.4200000000001,,
2017-12-01,czech,observed,target,36651.0,,
2017-12-01,czech,signal,search_index,620.63,,
2018-01-01,czech,observed,target,28801.0,,
2018-01-01,czech,signal,search_index,604.0999999999999,,
2018-02-01,czech,observed,target,50260.0,,
2018-02-01,czech,signal,search_index,642.68,,
2018-03-01,czech,observed,target,47053.0,,
2018-03-01,czech,signal,search_index,680.71,,
2018-04-01,czech,observed,target,60450.0,,
2018-04-01,czech,signal,search_index,762.84,,
2018-05-01,czech,observed,target,88510.0,,
2018-05-01,czech,signal,search_index,642.67,,
2018-06-01,czech,observed,target,110766.0,,
2018-06-01,czech,signal,search_index,604.74,,
2018-07-01,czech,observed,target,113035.0,,
2018-07-01,czech,signal,search_index,657.4000000000001,,
2018-08-01,czech,observed,target,113195.0,,
2018-08-01,czech,signal,search_index,678.87,,
2018-09-01,czech,observed,target,97406.0,,
2018-09-01,czech,signal,search_index,670.03,,
2018-10-01,czech,observed,target,99485.0,,
2018-10-01,czech,signal,search_index,609.04,,
2018-11-01,czech,observed,target,57739.0,,
2018-11-01,czech,signal,search_index,577.9300000000001,,
2018-12-01,czech,observed,target,45921.0,,
2018-12-01,czech,signal,search_index,556.44,,
2019-01-01,czech,observed,target,37486.0,,
2019-01-01,czech,signal,flight_capacity,80.0,,
2019-01-01,czech,signal,search_index,635.19,,
2019-02-01,czech,observed,target,55687.0,,
2019-02-01,czech,signal,flight_capacity,72.0,,
2019-02-01,czech,signal,search_index,604.45,,
2019-03-01,czech,observed,target,48821.0,,
2019-03-01,czech,signal,flight_capacity,80.0,,
2019-03-01,czech,signal,search_index,616.46,,
2019-04-01,czech,observed,target,65368.0,,
2019-04-01,czech,signal,flight_capacity,76.0,,
2019-04-01,czech,signal,search_index,680.1600000000001,,
2019-05-01,czech,observed,target,94606.0,,
2019-05-01,czech,signal,flight_capacity,88.0,,
2019-05-01,czech,signal,search_index,595.3,,
2019-06-01,czech,observed,target,105304.0,,
2019-06-01,czech,signal,flight_capacity,87.0,,
2019-06-01,czech,signal,search_index,579.5799999999999,,
2019-07-01,czech,observed,target,113545.0,,
2019-07-01,czech,signal,flight_capacity,90.0,,
2019-07-01,czech,signal,search_index,593.6,,
2019-08-01,czech,observed,target,109052.0,,
2019-08-01,czech,signal,flight_capacity,88.0,,
2019-08-01,czech,signal,search_index,567.29,,
2019-09-01,czech,observed,target,92281.0,,
2019-09-01,czech,signal,flight_capacity,86.0,,
2019-09-01,czech,signal,search_index,529.6800000000001,,
2019-10-01,czech,observed,target,96646.0,,
2019-10-01,czech,signal,flight_capacity,88.0,,
2019-10-01,czech,signal,search_index,475.2,,
2019-11-01,czech,observed,target,54735.0,,
2019-11-01,czech,signal,flight_capacity,84.0,,
2019-11-01,czech,signal,search_index,436.26,,
2019-12-01,czech,observed,target,43441.0,,
2019-12-01,czech,signal,flight_capacity,84.0,,
2019-12-01,czech,signal,search_index,405.4,,
2020-01-01,czech,observed,target,45955.0,,
2020-01-01,czech,signal,flight_capacity,86.0,,
2020-01-01,czech,signal,search_index,401.61,,
2020-02-01,czech,observed,target,12690.0,,
2020-02-01,czech,signal,flight_capacity,20.0,,
2020-02-01,czech,signal,search_index,358.87,,
2020-03-01,czech,observed,target,2630.0,,
2020-03-01,czech,signal,flight_capacity,5.0,,
2020-03-01,czech,signal,search_index,322.9,,
2020-04-01,czech,observed,target,816.0,,
2020-04-01,czech,signal,flight_capacity,8.0,,
2020-04-01,czech,signal,search_index,298.45,,
2020-05-01,czech,observed,target,874.0,,
2020-05-01,czech,signal,flight_capacity,2.0,,
2020-05-01,czech,signal,search_index,229.6,,
2020-06-01,czech,observed,target,1300.0,,
2020-06-01,czech,signal,flight_capacity,0.0,,
2020-06-01,czech,signal,search_index,193.9,,
2020-07-01,czech,observed,target,1709.0,,
2020-07-01,czech,signal,flight_capacity,0.0,,
2020-07-01,czech,signal,search_index,189.73,,
2020-08-01,czech,observed,target,1696.0,,
2020-08-01,czech,signal,flight_capacity,0.0,,
2020-08-01,czech,signal,search_index,188.19,,
2020-09-01,czech,observed,target,1017.0,,
2020-09-01,czech,signal,flight_capacity,0.0,,
2020-09-01,czech,signal,search_index,153.58,,
2020-10-01,czech,observed,target,468.0,,
2020-10-01,czech,signal,flight_capacity,0.0,,
2020-10-01,czech,signal,search_index,192.3,,
2020-11-01,czech,observed,target,174.0,,
2020-11-01,czech,signal,flight_capacity,0.0,,
2020-11-01,czech,signal,search_index,126.22,,
2020-12-01,czech,observed,target,191.0,,
2020-12-01,czech,signal,flight_capacity,0.0,,
2020-12-01,czech,signal,search_index,134.1,,
2021-01-01,czech,observed,target,211.0,,
2021-01-01,czech,signal,flight_capacity,0.0,,
2021-01-01,czech,signal,search_index,102.0,,
2021-02-01,czech,observed,target,77.0,,
2021-02-01,czech,signal,flight_capacity,0.0,,
2021-02-01,czech,signal,search_index,106.51,,
2021-03-01,czech,observed,target,300.0,,
2021-03-01,czech,signal,flight_capacity,0.0,,
2021-03-01,czech,signal,search_index,101.5,,
2021-04-01,czech,observed,target,318.0,,
2021-04-01,czech,signal,flight_capacity,0.0,,
2021-04-01,czech,signal,search_index,75.50999999999999,,
2021-05-01,czech,observed,target,509.0,,
2021-05-01,czech,signal,flight_capacity,0.0,,
2021-05-01,czech,signal,search_index,63.27,,
2021-06-01,czech,observed,target,695.0,,
2021-06-01,czech,signal,flight_capacity,0.0,,
2021-06-01,czech,signal,search_index,55.12,,
2021-07-01,czech,observed,target,1867.0,,
2021-07-01,czech,signal,flight_capacity,0.0,,
2021-07-01,czech,signal,search_index,82.1,,
2021-08-01,czech,observed,target,2661.0,,
2021-08-01,czech,signal,flight_capacity,0.0,,
2021-08-01,czech,signal,search_index,68.77,,
2021-09-01,czech,observed,target,2430.0,,
2021-09-01,czech,signal,flight_capacity,0.0,,
2021-09-01,czech,signal,search_index,54.81,,
2021-10-01,czech,observed,target,2339.0,,
2021-10-01,czech,signal,flight_capacity,0.0,,
2021-10-01,czech,signal,search_index,36.13,,
2021-11-01,czech,observed,target,2502.0,,
2021-11-01,czech,signal,flight_capacity,0.0,,
2021-11-01,czech,signal,search_index,38.45,,
2021-12-01,czech,observed,target,3629.0,,
2021-12-01,czech,signal,flight_capacity,0.0,,
2021-12-01,czech,signal,search_index,35.37,,
2022-01-01,czech,observed,target,2662.0,,
2022-01-01,czech,signal,flight_capacity,0.0,,
2022-01-01,czech,signal,search_index,28.51,,
2022-02-01,czech,observed,target,2905.0,,
2022-02-01,czech,signal,flight_capacity,0.0,,
2022-02-01,czech,signal,search_index,38.7,,
2022-03-01,czech,observed,target,3477.0,,
2022-03-01,czech,signal,flight_capacity,0.0,,
2022-03-01,czech,signal,search_index,66.89,,
2022-04-01,czech,observed,target,5633.0,,
2022-04-01,czech,signal,flight_capacity,1.0,,
2022-04-01,czech,signal,search_index,76.81,,
2022-05-01,czech,observed,target,4975.0,,
2022-05-01,czech,signal,flight_capacity,1.0,,
2022-05-01,czech,signal,search_index,60.7,,
2022-06-01,czech,observed,target,6960.0,,
2022-06-01,czech,signal,flight_capacity,0.0,,
2022-06-01,czech,signal,search_index,69.84,,
2022-07-01,czech,observed,target,10329.0,,
2022-07-01,czech,signal,flight_capacity,0.0,,
2022-07-01,czech,signal,search_index,57.87,,
2022-08-01,czech,observed,target,10473.0,,
2022-08-01,czech,signal,flight_capacity,0.0,,
2022-08-01,czech,signal,search_index,113.93,,
2022-09-01,czech,observed,target,7977.0,,
2022-09-01,czech,signal,flight_capacity,0.0,,
2022-09-01,czech,signal,search_index,124.52,,
2022-10-01,czech,observed,target,7180.0,,
2022-10-01,czech,signal,flight_capacity,0.0,,
2022-10-01,czech,signal,search_index,115.7,,
2022-11-01,czech,observed,target,8048.0,,
2022-11-01,czech,signal,flight_capacity,0.0,,
2022-11-01,czech,signal,search_index,105.36,,
2022-12-01,czech,observed,target,9546.0,,
2022-12-01,czech,signal,flight_capacity,0.0,,
2022-12-01,czech,signal,search_index,131.9,,
2023-01-01,czech,base_forecast,legacy_ensemble,42183.56381106481,,
2023-01-01,czech,reference_forecast,legacy_average,7995.866960762435,,
2023-01-01,czech,signal,flight_capacity,0.0,,
2023-01-01,czech,signal,search_index,141.97,,
2023-02-01,czech,base_forecast,legacy_ensemble,54894.73542402106,,
2023-02-01,czech,reference_forecast,legacy_average,12064.82028480885,,
2023-02-01,czech,signal,flight_capacity,0.0,,
2023-02-01,czech,signal,search_index,195.65,,
2023-03-01,czech,base_forecast,legacy_ensemble,54455.63728750596,,
2023-03-01,czech,reference_forecast,legacy_average,15598.55652951591,,
2023-03-01,czech,signal,flight_capacity,0.0,,
2023-03-01,czech,signal,search_index,249.43,,
2023-04-01,czech,base_forecast,legacy_ensemble,68383.7045855796,,
2023-04-01,czech,reference_forecast,legacy_average,14944.17756370096,,
2023-04-01,czech,signal,flight_capacity,0.0,,
2023-04-01,czech,signal,search_index,232.71,,
2023-05-01,czech,base_forecast,legacy_ensemble,94701.55338132993,,
2023-05-01,czech,reference_forecast,legacy_average,18174.44542637133,,
2023-05-01,czech,signal,flight_capacity,0.0,,
2023-05-01,czech,signal,search_index,244.17,,
2023-06-01,czech,base_forecast,legacy_ensemble,108242.5730065089,,
2023-06-01,czech,reference_forecast,legacy_average,16818.13100364529,,
2023-06-01,czech,signal,flight_capacity,0.0,,
2023-06-01,czech,signal,search_index,208.9677419354839,,
2023-07-01,czech,base_forecast,legacy_ensemble,119033.8543473801,,
2023-08-01,czech,base_forecast,legacy_ensemble,112691.8674842867,,
2023-08-01,czech,recovery_forecast,legacy_final,30648.27689579767,,
2023-09-01,czech,base_forecast,legacy_ensemble,96075.48089664223,,
2023-09-01,czech,recovery_forecast,legacy_final,29098.84510884351,,
2023-10-01,czech,base_forecast,legacy_ensemble,97330.06810345786,,
2023-10-01,czech,recovery_forecast,legacy_final,32301.22542575258,,
2023-11-01,czech,base_forecast,legacy_ensemble,54598.11521023959,,
2023-11-01,czech,recovery_forecast,legacy_final,18469.32300789489,,
2023-12-01,czech,base_forecast,legacy_ensemble,45141.61745117489,,
2023-12-01,czech,recovery_forecast,legacy_final,17275.17772086216,,
2024-01-01,czech,base_forecast,legacy_ensemble,37453.51467950735,,
2024-01-01,czech,recovery_forecast,legacy_final,9011.188093625606,,
2024-02-01,czech,base_forecast,legacy_ensemble,50133.70875933389,,
2024-02-01,czech,recovery_forecast,legacy_final,17944.27429447655,,
2024-03-01,czech,base_forecast,legacy_ensemble,49964.48041824445,,
2024-03-01,czech,recovery_forecast,legacy_final,22675.43515508388,,
2024-04-01,czech,base_forecast,legacy_ensemble,64259.70967130436,,
2024-04-01,czech,recovery_forecast,legacy_final,33912.05435929754,,
2024-05-01,czech,base_forecast,legacy_ensemble,89714.34694010438,,
2024-05-01,czech,recovery_forecast,legacy_final,49951.85480085445,,
2024-06-01,czech,base_forecast,legacy_ensemble,103369.5165858376,,
2024-06-01,czech,recovery_forecast,legacy_final,61576.93510918191,,
2024-07-01,czech,base_forecast,legacy_ensemble,114216.687239375,,
2024-07-01,czech,recovery_forecast,legacy_final,73289.75595374014,,
2024-07-01,czech,terminal_forecast,intervention_adjusted,74240.84670559375,,
2024-08-01,czech,base_forecast,legacy_ensemble,108002.1399647163,,
2024-09-01,czech,base_forecast,legacy_ensemble,91329.65214922056,,
2024-10-01,czech,base_forecast,legacy_ensemble,92502.51117534464,,
2024-11-01,czech,base_forecast,legacy_ensemble,50923.9726065599,,
2024-12-01,czech,base_forecast,legacy_ensemble,40808.87832789499,,
1989-01-01,hawaii,observed,target,532.0,,
1989-02-01,hawaii,observed,target,1550.0,,
1989-03-01,hawaii,observed,target,822.0,,
1989-04-01,hawaii,observed,target,1010.0,,
1989-05-01,hawaii,observed,target,1383.0,,
1989-06-01,hawaii,observed,target,1698.0,,
1989-07-01,hawaii,observed,target,1959.0,,
1989-08-01,hawaii,observed,target,1451.0,,
1989-09-01,hawaii,observed,target,1124.0,,
1989-10-01,hawaii,observed,target,1048.0,,
1989-11-01,hawaii,observed,target,879.0,,
1989-12-01,hawaii,observed,target,1024.0,,
1990-01-01,hawaii,observed,target,2564.0,,
1990-02-01,hawaii,observed,target,815.0,,
1990-03-01,hawaii,observed,target,459.0,,
1990-04-01,hawaii,observed,target,647.0,,
1990-05-01,hawaii,observed,target,524.0,,
1990-06-01,hawaii,observed,target,1172.0,,
1990-07-01,hawaii,observed,target,1473.0,,
1990-08-01,hawaii,observed,target,886.0,,
1990-09-01,hawaii,observed,target,479.0,,
1990-10-01,hawaii,observed,target,460.0,,
1990-11-01,hawaii,observed,target,357.0,,
1990-12-01,hawaii,observed,target,420.0,,
1991-01-01,hawaii,observed,target,411.0,,
1991-02-01,hawaii,observed,target,315.0,,
1991-03-01,hawaii,observed,target,580.0,,
1991-04-01,hawaii,observed,target,397.0,,
1991-05-01,hawaii,observed,target,1093.0,,
1991-06-01,hawaii,observed,target,1222.0,,
1991-07-01,hawaii,observed,target,1373.0,,
1991-08-01,hawaii,observed,target,762.0,,
1991-09-01,hawaii,observed,target,659.0,,
1991-10-01,hawaii,observed,target,562.0,,
1991-11-01,hawaii,observed,target,442.0,,
1991-12-01,hawaii,observed,target,1160.0,,
1992-01-01,hawaii,observed,target,713.0,,
1992-02-01,hawaii,observed,target,770.0,,
1992-03-01,hawaii,observed,target,731.0,,
1992-04-01,hawaii,observed,target,604.0,,
1992-05-01,hawaii,observed,target,799.0,,
1992-06-01,hawaii,observed,target,1430.0,,
1992-07-01,hawaii,observed,target,1550.0,,
1992-08-01,hawaii,observed,target,857.0,,
1992-09-01,hawaii,observed,target,829.0,,
1992-10-01,hawaii,observed,target,579.0,,
1992-11-01,hawaii,observed,target,1154.0,,
1992-12-01,hawaii,observed,target,897.0,,
1993-01-01,hawaii,observed,target,946.0,,
1993-02-01,hawaii,observed,target,549.0,,
1993-03-01,hawaii,observed,target,754.0,,
1993-04-01,hawaii,observed,target,1239.0,,
1993-05-01,hawaii,observed,target,1016.0,,
1993-06-01,hawaii,observed,target,1430.0,,
1993-07-01,hawaii,observed,target,1403.0,,
1993-08-01,hawaii,observed,target,1033.0,,
1993-09-01,hawaii,observed,target,1209.0,,
1993-10-01,hawaii,observed,target,1082.0,,
1993-11-01,hawaii,observed,target,946.0,,
1993-12-01,hawaii,observed,target,889.0,,
1994-01-01,hawaii,observed,target,623.0,,
1994-02-01,hawaii,observed,target,513.0,,
1994-03-01,hawaii,observed,target,521.0,,
1994-04-01,hawaii,observed,target,715.0,,
1994-05-01,hawaii,observed,target,1352.0,,
1994-06-01,hawaii,observed,target,1139.0,,
1994-07-01,hawaii,observed,target,1318.0,,
1994-08-01,hawaii,observed,target,1436.0,,
1994-09-01,hawaii,observed,target,2261.0,,
1994-10-01,hawaii,observed,target,1738.0,,
1994-11-01,hawaii,observed,target,1686.0,,
1994-12-01,hawaii,observed,target,1520.0,,
1995-01-01,hawaii,observed,target,981.0,,
1995-02-01,hawaii,observed,target,816.0,,
1995-03-01,hawaii,observed,target,946.0,,
1995-04-01,hawaii,observed,target,1229.0,,
1995-05-01,hawaii,observed,target,1310.0,,
1995-06-01,hawaii,observed,target,2044.0,,
1995-07-01,hawaii,observed,target,1353.0,,
1995-08-01,hawaii,observed,target,1293.0,,
1995-09-01,hawaii,observed,target,1863.0,,
1995-10-01,hawaii,observed,target,1446.0,,
1995-11-01,hawaii,observed,target,1957.0,,
1995-12-01,hawaii,observed,target,2066.0,,
1996-01-01,hawaii,observed,target,1056.0,,
1996-02-01,hawaii,observed,target,1088.0,,
1996-03-01,hawaii,observed,target,1207.0,,
1996-04-01,hawaii,observed,target,1292.0,,
1996-05-01,hawaii,observed,target,2228.0,,
1996-06-01,hawaii,observed,target,1827.0,,
1996-07-01,hawaii,observed,target,2656.0,,
1996-08-01,hawaii,observed,target,1553.0,,
1996-09-01,hawaii,observed,target,2241.0,,
1996-10-01,hawaii,observed,target,2675.0,,
1996-11-01,hawaii,observed,target,3045.0,,
1996-12-01,hawaii,observed,target,2238.0,,
1997-01-01,hawaii,observed,target,1318.0,,
1997-02-01,hawaii,observed,target,1476.0,,
1997-03-01,hawaii,observed,target,1754.0,,
1997-04-01,hawaii,observed,target,1675.0,,
1997-05-01,hawaii,observed,target,2687.0,,
1997-06-01,hawaii,observed,target,2417.0,,
1997-07-01,hawaii,observed,target,2093.0,,
1997-08-01,hawaii,observed,target,3321.0,,
1997-09-01,hawaii,observed,target,2221.0,,
1997-10-01,hawaii,observed,target,2572.0,,
1997-11-01,hawaii,observed,target,2896.0,,
1997-12-01,hawaii,observed,target,3153.0,,
1998-01-01,hawaii,observed,target,1656.0,,
1998-02-01,hawaii,observed,target,1424.0,,
1998-03-01,hawaii,observed,target,1827.0,,
1998-04-01,hawaii,observed,target,1772.0,,
1998-05-01,hawaii,observed,target,2432.0,,
1998-06-01,hawaii,observed,target,3256.0,,
1998-07-01,hawaii,observed,target,3436.0,,
1998-08-01,hawaii,observed,target,2236.0,,
1998-09-01,hawaii,observed,target,2332.0,,
1998-10-01,hawaii,observed,target,3110.0,,
1998-11-01,hawaii,observed,target,3832.0,,
1998-12-01,hawaii,observed,target,2549.0,,
1999-01-01,hawaii,observed,target,1672.0,,
1999-02-01,hawaii,observed,target,1473.0,,
1999-03-01,hawaii,observed,target,1935.0,,
1999-04-01,hawaii,observed,target,1857.0,,
1999-05-01,hawaii,observed,target,2030.0,,
1999-06-01,hawaii,observed,target,1868.0,,
1999-07-01,hawaii,observed,target,2007.0,,
1999-08-01,hawaii,observed,target,2331.0,,
1999-09-01,hawaii,observed,target,2706.0,,
1999-10-01,hawaii,observed,target,2710.0,,
1999-11-01,hawaii,observed,target,3171.0,,
1999-12-01,hawaii,observed,target,3705.0,,
2000-01-01,hawaii,observed,target,2245.0,,
2000-02-01,hawaii,observed,target,1942.0,,
2000-03-01,hawaii,observed,target,1862.0,,
2000-04-01,hawaii,observed,target,2708.0,,
2000-05-01,hawaii,observed,target,2700.0,,
2000-06-01,hawaii,observed,target,2980.0,,
2000-07-01,hawaii,observed,target,2728.0,,
2000-08-01,hawaii,observed,target,2864.0,,
2000-09-01,hawaii,observed,target,4565.0,,
2000-10-01,hawaii,observed,target,4382.0,,
2000-11-01,hawaii,observed,target,3984.0,,
2000-12-01,hawaii,observed,target,3590.0,,
2001-01-01,hawaii,observed,target,2403.0,,
2001-02-01,hawaii,observed,target,1504.0,,
2001-03-01,hawaii,observed,target,2343.0,,
2001-04-01,hawaii,observed,target,2992.0,,
2001-05-01,hawaii,observed,target,2760.0,,
2001-06-01,hawaii,observed,target,2511.0,,
2001-07-01,hawaii,observed,target,3525.0,,
2001-08-01,hawaii,observed,target,3009.0,,
2001-09-01,hawaii,observed,target,2965.0,,
2001-10-01,hawaii,observed,target,769.0,,
2001-11-01,hawaii,observed,target,1440.0,,
2001-12-01,hawaii,observed,target,2442.0,,
2002-01-01,hawaii,observed,target,1621.0,,
2002-02-01,hawaii,observed,target,2139.0,,
2002-03-01,hawaii,observed,target,2658.0,,
2002-04-01,hawaii,observed,target,3571.0,,
2002-05-01,hawaii,observed,target,2992.0,,
2002-06-01,hawaii,observed,target,3419.0,,
2002-07-01,hawaii,observed,target,3496.0,,
2002-08-01,hawaii,observed,target,3510.0,,
2002-09-01,hawaii,observed,target,3950.0,,
2002-10-01,hawaii,observed,target,3489.0,,
2002-11-01,hawaii,observed,target,4299.0,,
2002-12-01,hawaii,observed,target,3780.0,,
2003-01-01,hawaii,observed,target,2615.0,,
2003-02-01,hawaii,observed,target,2513.0,,
2003-03-01,hawaii,observed,target,1943.0,,
2003-04-01,hawaii,observed,target,987.0,,
2003-05-01,hawaii,observed,target,665.0,,
2003-06-01,hawaii,observed,target,707.0,,
2003-07-01,hawaii,observed,target,1233.0,,
2003-08-01,hawaii,observed,target,2143.0,,
2003-09-01,hawaii,observed,target,2977.0,,
2003-10-01,hawaii,observed,target,2774.0,,
2003-11-01,hawaii,observed,target,3378.0,,
2003-12-01,hawaii,observed,target,3510.0,,
2004-01-01,hawaii,observed,target,2934.0,,
2004-02-01,hawaii,observed,target,2747.0,,
2004-03-01,hawaii,observed,target,3100.0,,
2004-04-01,hawaii,observed,target,3057.0,,
2004-05-01,hawaii,observed,target,2424.0,,
2004-06-01,hawaii,observed,target,2059.0,,
2004-07-01,hawaii,observed,target,1876.0,,
2004-08-01,hawaii,observed,target,2021.0,,
2004-09-01,hawaii,observed,target,2731.0,,
2004-10-01,hawaii,observed,target,3617.0,,
2004-11-01,hawaii,observed,target,4109.0,,
2004-12-01,hawaii,observed,target,3543.0,,
2005-01-01,hawaii,observed,target,2792.0,,
2005-02-01,hawaii,observed,target,2579.0,,
2005-03-01,hawaii,observed,target,2438.0,,
2005-04-01,hawaii,observed,target,3090.0,,
2005-05-01,hawaii,observed,target,3015.0,,
2005-06-01,hawaii,observed,target,2681.0,,
2005-07-01,hawaii,observed,target,2759.0,,
2005-08-01,hawaii,observed,target,3196.0,,
2005-09-01,hawaii,observed,target,4578.0,,
2005-10-01,hawaii,observed,target,4829.0,,
2005-11-01,hawaii,observed,target,5726.0,,
2005-12-01,hawaii,observed,target,4844.0,,
2006-01-01,hawaii,observed,target,3280.0,,
2006-02-01,hawaii,observed,target,2887.0,,
2006-03-01,hawaii,observed,target,3151.0,,
2006-04-01,hawaii,observed,target,4592.0,,
2006-05-01,hawaii,observed,target,4884.0,,
2006-06-01,hawaii,observed,target,3656.0,,
2006-07-01,hawaii,observed,target,3892.0,,
2006-08-01,hawaii,observed,target,3806.0,,
2006-09-01,hawaii,observed,target,6736.0,,
2006-10-01,hawaii,observed,target,6456.0,,
2006-11-01,hawaii,observed,target,7066.0,,
2006-12-01,hawaii,observed,target,4518.0,,
2007-01-01,hawaii,observed,target,3522.0,,
2007-02-01,hawaii,observed,target,3925.0,,
2007-03-01,hawaii,observed,target,2876.0,,
2007-04-01,hawaii,observed,target,4052.0,,
2007-05-01,hawaii,observed,target,4107.0,,
2007-06-01,hawaii,observed,target,4454.0,,
2007-07-01,hawaii,observed,target,5014.0,,
2007-08-01,hawaii,observed,target,4566.0,,
2007-09-01,hawaii,observed,target,6456.0,,
2007-10-01,hawaii,observed,target,5663.0,,
2007-11-01,hawaii,observed,target,6494.0,,
2007-12-01,hawaii,observed,target,5455.0,,
2008-01-01,hawaii,observed,target,4200.0,,
2008-02-01,hawaii,observed,target,4203.0,,
2008-03-01,hawaii,observed,target,3967.0,,
2008-04-01,hawaii,observed,target,4862.0,,
2008-05-01,hawaii,observed,target,5971.0,,
2008-06-01,hawaii,observed,target,4614.0,,
2008-07-01,hawaii,observed,target,3574.0,,
2008-08-01,hawaii,observed,target,2613.0,,
2008-09-01,hawaii,observed,target,6389.0,,
2008-10-01,hawaii,observed,target,5490.0,,
2008-11-01,hawaii,observed,target,4665.0,,
2008-12-01,hawaii,observed,target,3686.0,,
2009-01-01,hawaii,observed,target,6005.0,,
2009-02-01,hawaii,observed,target,2362.0,,
2009-03-01,hawaii,observed,target,2409.0,,
2009-04-01,hawaii,observed,target,4361.0,,
2009-05-01,hawaii,observed,target,2499.0,,
2009-06-01,hawaii,observed,target,1620.0,,
2009-07-01,hawaii,observed,target,2129.0,,
2009-08-01,hawaii,observed,target,3050.0,,
2009-09-01,hawaii,observed,target,4580.0,,
2009-10-01,hawaii,observed,target,5407.0,,
2009-11-01,hawaii,observed,target,3814.0,,
2009-12-01,hawaii,observed,target,3688.0,,
2010-01-01,hawaii,observed,target,3803.0,,
2010-02-01,hawaii,observed,target,7296.0,,
2010-03-01,hawaii,observed,target,3193.0,,
2010-04-01,hawaii,observed,target,4493.0,,
2010-05-01,hawaii,observed,target,5624.0,,
2010-06-01,hawaii,observed,target,5177.0,,
2010-07-01,hawaii,observed,target,4477.0,,
2010-08-01,hawaii,observed,target,4450.0,,
2010-09-01,hawaii,observed,target,6601.0,,
2010-10-01,hawaii,observed,target,7132.0,,
2010-11-01,hawaii,observed,target,4884.0,,
2010-12-01,hawaii,observed,target,4325.0,,
2011-01-01,hawaii,observed,target,5849.0,,
2011-02-01,hawaii,observed,target,6542.0,,
2011-02-01,hawaii,signal,search_index,500.45,,
2011-03-01,hawaii,observed,target,3655.0,,
2011-03-01,hawaii,signal,search_index,560.47,,
2011-04-01,hawaii,observed,target,4624.0,,
2011-04-01,hawaii,signal,search_index,502.55,,
2011-05-01,hawaii,observed,target,7844.0,,
2011-05-01,hawaii,signal,search_index,489.14,,
2011-06-01,hawaii,observed,target,5899.0,,
2011-06-01,hawaii,signal,search_index,656.3199999999999,,
2011-07-01,hawaii,observed,target,6614.0,,
2011-07-01,hawaii,signal,search_index,699.96,,
2011-08-01,hawaii,observed,target,7321.0,,
2011-08-01,hawaii,signal,search_index,688.7700000000001,,
2011-09-01,hawaii,observed,target,10481.0,,
2011-09-01,hawaii,signal,search_index,732.58,,
2011-10-01,hawaii,observed,target,8728.0,,
2011-10-01,hawaii,signal,search_index,620.53,,
2011-11-01,hawaii,observed,target,7179.0,,
2011-11-01,hawaii,signal,search_index,649.52,,
2011-12-01,hawaii,observed,target,7002.0,,
2011-12-01,hawaii,signal,search_index,789.87,,
2012-01-01,hawaii,observed,target,14057.0,,
2012-01-01,hawaii,signal,search_index,695.2,,
2012-02-01,hawaii,observed,target,5704.0,,
2012-02-01,hawaii,signal,search_index,707.64,,
2012-03-01,hawaii,observed,target,5499.0,,
2012-03-01,hawaii,signal,search_index,866.3399999999999,,
2012-04-01,hawaii,observed,target,9600.0,,
2012-04-01,hawaii,signal,search_index,684.51,,
2012-05-01,hawaii,observed,target,11911.0,,
2012-05-01,hawaii,signal,search_index,693.0,,
2012-06-01,hawaii,observed,target,10190.0,,
2012-06-01,hawaii,signal,search_index,712.8399999999999,,
2012-07-01,hawaii,observed,target,11443.0,,
2012-07-01,hawaii,signal,search_index,705.0,,
2012-08-01,hawaii,observed,target,10486.0,,
2012-08-01,hawaii,signal,search_index,746.12,,
2012-09-01,hawaii,observed,target,12130.0,,
2012-09-01,hawaii,signal,search_index,713.78,,
2012-10-01,hawaii,observed,target,11125.0,,
2012-10-01,hawaii,signal,search_index,647.27,,
2012-11-01,hawaii,observed,target,7100.0,,
2012-11-01,hawaii,signal,search_index,681.04,,
2012-12-01,hawaii,observed,target,7622.0,,
2012-12-01,hawaii,signal,search_index,680.37,,
2013-01-01,hawaii,observed,target,9550.0,,
2013-01-01,hawaii,signal,search_index,821.19,,
2013-02-01,hawaii,observed,target,14595.0,,
2013-02-01,hawaii,signal,search_index,824.38,,
2013-03-01,hawaii,observed,target,6460.0,,
2013-03-01,hawaii,signal,search_index,824.39,,
2013-04-01,hawaii,observed,target,9893.0,,
2013-04-01,hawaii,signal,search_index,738.61,,
2013-05-01,hawaii,observed,target,13155.0,,
2013-05-01,hawaii,signal,search_index,738.4,,
2013-06-01,hawaii,observed,target,11261.0,,
2013-06-01,hawaii,signal,search_index,767.3499999999999,,
2013-07-01,hawaii,observed,target,11880.0,,
2013-07-01,hawaii,signal,search_index,805.97,,
2013-08-01,hawaii,observed,target,11736.0,,
2013-08-01,hawaii,signal,search_index,791.75,,
2013-09-01,hawaii,observed,target,12546.0,,
2013-09-01,hawaii,signal,search_index,825.51,,
2013-10-01,hawaii,observed,target,9410.0,,
2013-10-01,hawaii,signal,search_index,1087.23,,
2013-11-01,hawaii,observed,target,6347.0,,
2013-11-01,hawaii,signal,search_index,1177.22,,
2013-12-01,hawaii,observed,target,8176.0,,
2013-12-01,hawaii,signal,search_index,802.56,,
2014-01-01,hawaii,observed,target,15527.0,,
2014-01-01,hawaii,signal,search_index,811.87,,
2014-02-01,hawaii,observed,target,13008.0,,
2014-02-01,hawaii,signal,search_index,832.42,,
2014-03-01,hawaii,observed,target,7892.0,,
2014-03-01,hawaii,signal,search_index,1006.53,,
2014-04-01,hawaii,observed,target,11585.0,,
2014-04-01,hawaii,signal,search_index,821.5799999999999,,
2014-05-01,hawaii,observed,target,15885.0,,
2014-05-01,hawaii,signal,search_index,850.5,,
2014-06-01,hawaii,observed,target,13387.0,,
2014-06-01,hawaii,signal,search_index,884.45,,
2014-07-01,hawaii,observed,target,17220.0,,
2014-07-01,hawaii,signal,search_index,1050.66,,
2014-08-01,hawaii,observed,target,15441.0,,
2014-08-01,hawaii,signal,search_index,1127.8,,
2014-09-01,hawaii,observed,target,16150.0,,
2014-09-01,hawaii,signal,search_index,995.49,,
2014-10-01,hawaii,observed,target,12061.0,,
2014-10-01,hawaii,signal,search_index,899.8299999999999,,
2014-11-01,hawaii,observed,target,9871.0,,
2014-11-01,hawaii,signal,search_index,979.32,,
2014-12-01,hawaii,observed,target,11691.0,,
2014-12-01,hawaii,signal,search_index,1107.77,,
2015-01-01,hawaii,observed,target,10476.0,,
2015-01-01,hawaii,signal,search_index,1206.48,,
2015-02-01,hawaii,observed,target,22112.0,,
2015-02-01,hawaii,signal,search_index,1097.03,,
2015-03-01,hawaii,observed,target,10386.0,,
2015-03-01,hawaii,signal,search_index,1071.32,,
2015-04-01,hawaii,observed,target,12747.0,,
2015-04-01,hawaii,signal,search_index,1095.84,,
2015-05-01,hawaii,observed,target,18759.0,,
2015-05-01,hawaii,signal,search_index,963.8,,
2015-06-01,hawaii,observed,target,17048.0,,
2015-06-01,hawaii,signal,search_index,951.74,,
2015-07-01,hawaii,observed,target,15861.0,,
2015-07-01,hawaii,signal,search_index,1053.44,,
2015-08-01,hawaii,observed,target,16512.0,,
2015-08-01,hawaii,signal,search_index,1099.75,,
2015-09-01,hawaii,observed,target,15893.0,,
2015-09-01,hawaii,signal,search_index,1088.78,,
2015-10-01,hawaii,observed,target,13440.0,,
2015-10-01,hawaii,signal,search_index,897.97,,
2015-11-01,hawaii,observed,target,8673.0,,
2015-11-01,hawaii,signal,search_index,900.74,,
2015-12-01,hawaii,observed,target,11613.0,,
2015-12-01,hawaii,signal,search_index,972.6,,
2016-01-01,hawaii,observed,target,13419.0,,
2016-01-01,hawaii,signal,search_index,1063.0,,
2016-02-01,hawaii,observed,target,18122.0,,
2016-02-01,hawaii,signal,search_index,1078.9,,
2016-03-01,hawaii,observed,target,9418.0,,
2016-03-01,hawaii,signal,search_index,1230.72,,
2016-04-01,hawaii,observed,target,13062.0,,
2016-04-01,hawaii,signal,search_index,1010.03,,
2016-05-01,hawaii,observed,target,20164.0,,
2016-05-01,hawaii,signal,search_index,1027.43,,
2016-06-01,hawaii,observed,target,18298.0,,
2016-06-01,hawaii,signal,search_index,1113.61,,
2016-07-01,hawaii,observed,target,15982.0,,
2016-07-01,hawaii,signal,search_index,1234.37,,
2016-08-01,hawaii,observed,target,13281.0,,
2016-08-01,hawaii,signal,search_index,1345.84,,
2016-09-01,hawaii,observed,target,12720.0,,
2016-09-01,hawaii,signal,search_index,1544.13,,
2016-10-01,hawaii,observed,target,14265.0,,
2016-10-01,hawaii,signal,search_index,1339.33,,
2016-11-01,hawaii,observed,target,6992.0,,
2016-11-01,hawaii,signal,search_index,1337.68,,
2016-12-01,hawaii,observed,target,8603.0,,
2016-12-01,hawaii,signal,search_index,2111.9,,
2017-01-01,hawaii,observed,target,19758.0,,
2017-01-01,hawaii,signal,search_index,2354.13,,
2017-02-01,hawaii,observed,target,9701.0,,
2017-02-01,hawaii,signal,search_index,1292.48,,
2017-03-01,hawaii,observed,target,7295.0,,
2017-03-01,hawaii,signal,search_index,926.25,,
2017-04-01,hawaii,observed,target,14099.0,,
2017-04-01,hawaii,signal,search_index,795.0,,
2017-05-01,hawaii,observed,target,14260.0,,
2017-05-01,hawaii,signal,search_index,760.13,,
2017-06-01,hawaii,observed,target,11400.0,,
2017-06-01,hawaii,signal,search_index,856.94,,
2017-07-01,hawaii,observed,target,12408.0,,
2017-07-01,hawaii,signal,search_index,974.0,,
2017-08-01,hawaii,observed,target,11346.0,,
2017-08-01,hawaii,signal,search_index,887.58,,
2017-09-01,hawaii,observed,target,13193.0,,
2017-09-01,hawaii,signal,search_index,895.65,,
2017-10-01,hawaii,observed,target,10508.0,,
2017-10-01,hawaii,signal,search_index,852.5,,
2017-11-01,hawaii,observed,target,7559.0,,
2017-11-01,hawaii,signal,search_index,802.3199999999999,,
2017-12-01,hawaii,observed,target,9705.0,,
2017-12-01,hawaii,signal,search_index,795.23,,
2018-01-01,hawaii,observed,target,8919.0,,
2018-01-01,hawaii,signal,search_index,842.64,,
2018-02-01,hawaii,observed,target,19266.0,,
2018-02-01,hawaii,signal,search_index,930.51,,
2018-03-01,hawaii,observed,target,7860.0,,
2018-03-01,hawaii,signal,search_index,971.25,,
2018-04-01,hawaii,observed,target,10396.0,,
2018-04-01,hawaii,signal,search_index,831.3599999999999,,
2018-05-01,hawaii,observed,target,12262.0,,
2018-05-01,hawaii,signal,search_index,646.2,,
2018-06-01,hawaii,observed,target,12691.0,,
2018-06-01,hawaii,signal,search_index,643.61,,
2018-07-01,hawaii,observed,target,8965.0,,
2018-07-01,hawaii,signal,search_index,579.46,,
2018-08-01,hawaii,observed,target,10015.0,,
2018-08-01,hawaii,signal,search_index,614.62,,
2018-09-01,hawaii,observed,target,11177.0,,
2018-09-01,hawaii,signal,search_index,573.8399999999999,,
2018-10-01,hawaii,observed,target,7325.0,,
2018-10-01,hawaii,signal,search_index,499.13,,
2018-11-01,hawaii,observed,target,6184.0,,
2018-11-01,hawaii,signal,search_index,540.97,,
2018-12-01,hawaii,observed,target,8187.0,,
2018-12-01,hawaii,signal,search_index,581.7,,
2019-01-01,hawaii,observed,target,10944.0,,
2019-01-01,hawaii,signal,flight_capacity,1.0,,
2019-01-01,hawaii,signal,search_index,652.29,,
2019-02-01,hawaii,observed,target,11604.0,,
2019-02-01,hawaii,signal,flight_capacity,1.0,,
2019-02-01,hawaii,signal,search_index,633.29,,
2019-03-01,hawaii,observed,target,6740.0,,
2019-03-01,hawaii,signal,flight_capacity,1.0,,
2019-03-01,hawaii,signal,search_index,608.5,,
2019-04-01,hawaii,observed,target,6502.0,,
2019-04-01,hawaii,signal,flight_capacity,1.0,,
2019-04-01,hawaii,signal,search_index,533.35,,
2019-05-01,hawaii,observed,target,8231.0,,
2019-05-01,hawaii,signal,flight_capacity,1.0,,
2019-05-01,hawaii,signal,search_index,442.8,,
2019-06-01,hawaii,observed,target,9119.0,,
2019-06-01,hawaii,signal,flight_capacity,1.0,,
2019-06-01,hawaii,signal,search_index,427.96,,
2019-07-01,hawaii,observed,target,8562.0,,
2019-07-01,hawaii,signal,flight_capacity,1.0,,
2019-07-01,hawaii,signal,search_index,427.47,,
2019-08-01,hawaii,observed,target,7924.0,,
2019-08-01,hawaii,signal,flight_capacity,1.0,,
2019-08-01,hawaii,signal,search_index,429.71,,
2019-09-01,hawaii,observed,target,6179.0,,
2019-09-01,hawaii,signal,flight_capacity,1.0,,
2019-09-01,hawaii,signal,search_index,396.38,,
2019-10-01,hawaii,observed,target,5039.0,,
2019-10-01,hawaii,signal,flight_capacity,1.0,,
2019-10-01,hawaii,signal,search_index,374.56,,
2019-11-01,hawaii,observed,target,4258.0,,
2019-11-01,hawaii,signal,flight_capacity,1.0,,
2019-11-01,hawaii,signal,search_index,367.26,,
2019-12-01,hawaii,observed,target,6980.0,,
2019-12-01,hawaii,signal,flight_capacity,1.0,,
2019-12-01,hawaii,signal,search_index,379.1,,
2020-01-01,hawaii,observed,target,12445.0,,
2020-01-01,hawaii,signal,flight_capacity,1.0,,
2020-01-01,hawaii,signal,search_index,389.65,,
2020-02-01,hawaii,observed,target,2151.0,,
2020-02-01,hawaii,signal,flight_capacity,1.0,,
2020-02-01,hawaii,signal,search_index,371.48,,
2020-03-01,hawaii,observed,target,467.0,,
2020-03-01,hawaii,signal,flight_capacity,1.0,,
2020-03-01,hawaii,signal,search_index,315.62,,
2020-04-01,hawaii,observed,target,11.0,,
2020-04-01,hawaii,signal,flight_capacity,1.0,,
2020-04-01,hawaii,signal,search_index,194.36,,
2020-05-01,hawaii,observed,target,18.0,,
2020-05-01,hawaii,signal,flight_capacity,1.0,,
2020-05-01,hawaii,signal,search_index,141.73,,
2020-06-01,hawaii,observed,target,29.0,,
2020-06-01,hawaii,signal,flight_capacity,1.0,,
2020-06-01,hawaii,signal,search_index,104.71,,
2020-07-01,hawaii,observed,target,20.0,,
2020-07-01,hawaii,signal,flight_capacity,1.0,,
2020-07-01,hawaii,signal,search_index,89.37,,
2020-08-01,hawaii,observed,target,44.0,,
2020-08-01,hawaii,signal,flight_capacity,1.0,,
2020-08-01,hawaii,signal,search_index,123.91,,
2020-09-01,hawaii,observed,target,27.0,,
2020-09-01,hawaii,signal,flight_capacity,1.0,,
2020-09-01,hawaii,signal,search_index,154.84,,
2020-10-01,hawaii,observed,target,73.0,,
2020-10-01,hawaii,signal,flight_capacity,1.0,,
2020-10-01,hawaii,signal,search_index,127.93,,
2020-11-01,hawaii,observed,target,188.0,,
2020-11-01,hawaii,signal,flight_capacity,1.0,,
2020-11-01,hawaii,signal,search_index,133.39,,
2020-12-01,hawaii,observed,target,404.0,,
2020-12-01,hawaii,signal,flight_capacity,1.0,,
2020-12-01,hawaii,signal,search_index,174.77,,
2021-01-01,hawaii,observed,target,105.0,,
2021-01-01,hawaii,signal,flight_capacity,1.0,,
2021-01-01,hawaii,signal,search_index,168.74,,
2021-02-01,hawaii,observed,target,81.0,,
2021-02-01,hawaii,signal,flight_capacity,1.0,,
2021-02-01,hawaii,signal,search_index,154.97,,
2021-03-01,hawaii,observed,target,141.0,,
2021-03-01,hawaii,signal,flight_capacity,1.0,,
2021-03-01,hawaii,signal,search_index,157.25,,
2021-04-01,hawaii,observed,target,167.0,,
2021-04-01,hawaii,signal,flight_capacity,1.0,,
2021-04-01,hawaii,signal,search_index,180.25,,
2021-05-01,hawaii,observed,target,654.0,,
2021-05-01,hawaii,signal,flight_capacity,1.0,,
2021-05-01,hawaii,signal,search_index,159.64,,
2021-06-01,hawaii,observed,target,597.0,,
2021-06-01,hawaii,signal,flight_capacity,1.0,,
2021-06-01,hawaii,signal,search_index,180.51,,
2021-07-01,hawaii,observed,target,463.0,,
2021-07-01,hawaii,signal,flight_capacity,1.0,,
2021-07-01,hawaii,signal,search_index,181.13,,
2021-08-01,hawaii,observed,target,564.0,,
2021-08-01,hawaii,signal,flight_capacity,1.0,,
2021-08-01,hawaii,signal,search_index,199.04,,
2021-09-01,hawaii,observed,target,340.0,,
2021-09-01,hawaii,signal,flight_capacity,1.0,,
2021-09-01,hawaii,signal,search_index,153.29,,
2021-10-01,hawaii,observed,target,361.0,,
2021-10-01,hawaii,signal,flight_capacity,1.0,,
2021-10-01,hawaii,signal,search_index,164.53,,
2021-11-01,hawaii,observed,target,873.0,,
2021-11-01,hawaii,signal,flight_capacity,1.0,,
2021-11-01,hawaii,signal,search_index,167.87,,
2021-12-01,hawaii,observed,target,2341.0,,
2021-12-01,hawaii,signal,flight_capacity,1.0,,
2021-12-01,hawaii,signal,search_index,181.5,,
2022-01-01,hawaii,observed,target,789.0,,
2022-01-01,hawaii,signal,flight_capacity,1.0,,
2022-01-01,hawaii,signal,search_index,208.42,,
2022-02-01,hawaii,observed,target,358.0,,
2022-02-01,hawaii,signal,flight_capacity,1.0,,
2022-02-01,hawaii,signal,search_index,182.77,,
2022-03-01,hawaii,observed,target,1560.0,,
2022-03-01,hawaii,signal,flight_capacity,1.0,,
2022-03-01,hawaii,signal,search_index,181.07,,
2022-04-01,hawaii,observed,target,588.0,,
2022-04-01,hawaii,signal,flight_capacity,1.0,,
2022-04-01,hawaii,signal,search_index,181.9,,
2022-05-01,hawaii,observed,target,1143.0,,
2022-05-01,hawaii,signal,flight_capacity,1.0,,
2022-05-01,hawaii,signal,search_index,190.87,,
2022-06-01,hawaii,observed,target,1080.0,,
2022-06-01,hawaii,signal,flight_capacity,1.0,,
2022-06-01,hawaii,signal,search_index,194.45,,
2022-07-01,hawaii,observed,target,859.0,,
2022-07-01,hawaii,signal,flight_capacity,1.0,,
2022-07-01,hawaii,signal,search_index,196.8,,
2022-08-01,hawaii,observed,target,852.0,,
2022-08-01,hawaii,signal,flight_capacity,1.0,,
2022-08-01,hawaii,signal,search_index,231.29,,
2022-09-01,hawaii,observed,target,684.0,,
2022-09-01,hawaii,signal,flight_capacity,1.0,,
2022-09-01,hawaii,signal,search_index,213.49,,
2022-10-01,hawaii,observed,target,434.0,,
2022-10-01,hawaii,signal,flight_capacity,1.0,,
2022-10-01,hawaii,signal,search_index,206.0,,
2022-11-01,hawaii,observed,target,795.0,,
2022-11-01,hawaii,signal,flight_capacity,1.0,,
2022-11-01,hawaii,signal,search_index,188.87,,
2022-12-01,hawaii,observed,target,2068.0,,
2022-12-01,hawaii,signal,flight_capacity,1.0,,
2022-12-01,hawaii,signal,search_index,221.67,,
2023-01-01,hawaii,base_forecast,legacy_ensemble,7864.348734112238,,
2023-01-01,hawaii,observed,target,1164.0,,
2023-01-01,hawaii,reference_forecast,legacy_average,1422.285714285714,,
2023-01-01,hawaii,signal,flight_capacity,1.0,,
2023-01-01,hawaii,signal,search_index,263.87,,
2023-02-01,hawaii,base_forecast,legacy_ensemble,8298.461256211012,,
2023-02-01,hawaii,reference_forecast,legacy_average,1807.104678905511,,
2023-02-01,hawaii,signal,flight_capacity,1.0,,
2023-02-01,hawaii,signal,search_index,248.64,,
2023-03-01,hawaii,base_forecast,legacy_ensemble,4251.672541866218,,
2023-03-01,hawaii,reference_forecast,legacy_average,1540.626059714827,,
2023-03-01,hawaii,signal,flight_capacity,1.0,,
2023-03-01,hawaii,signal,search_index,261.72,,
2023-04-01,hawaii,base_forecast,legacy_ensemble,5805.18512683925,,
2023-04-01,hawaii,reference_forecast,legacy_average,1653.65334647361,,
2023-04-01,hawaii,signal,flight_capacity,1.0,,
2023-04-01,hawaii,signal,search_index,248.2,,
2023-05-01,hawaii,base_forecast,legacy_ensemble,7085.286936406466,,
2023-05-01,hawaii,reference_forecast,legacy_average,2702.055536614371,,
2023-05-01,hawaii,signal,flight_capacity,1.0,,
2023-05-01,hawaii,signal,search_index,296.47,,
2023-06-01,hawaii,base_forecast,legacy_ensemble,6562.816767762803,,
2023-06-01,hawaii,reference_forecast,legacy_average,2900.487296652789,,
2023-06-01,hawaii,signal,flight_capacity,1.0,,
2023-06-01,hawaii,signal,search_index,356.0322580645161,,
2023-07-01,hawaii,base_forecast,legacy_ensemble,6066.755137313045,,
2023-08-01,hawaii,base_forecast,legacy_ensemble,5739.496403250094,,
2023-08-01,hawaii,recovery_forecast,legacy_final,2684.704367912136,,
2023-09-01,hawaii,base_forecast,legacy_ensemble,5661.685868898472,,
2023-09-01,hawaii,recovery_forecast,legacy_final,2618.255973970898,,
2023-10-01,hawaii,base_forecast,legacy_ensemble,4279.511166938182,,
2023-10-01,hawaii,recovery_forecast,legacy_final,2568.325244348521,,
2023-11-01,hawaii,base_forecast,legacy_ensemble,2983.301913440679,,
2023-11-01,hawaii,recovery_forecast,legacy_final,2312.19605154817,,
2023-12-01,hawaii,base_forecast,legacy_ensemble,4250.493965798964,,
2023-12-01,hawaii,recovery_forecast,legacy_final,2871.234673675921,,
2024-01-01,hawaii,base_forecast,legacy_ensemble,5783.982203224482,,
2024-01-01,hawaii,recovery_forecast,legacy_final,3528.869982731447,,
2024-02-01,hawaii,base_forecast,legacy_ensemble,6661.337465192999,,
2024-02-01,hawaii,recovery_forecast,legacy_final,3860.161495092551,,
2024-03-01,hawaii,base_forecast,legacy_ensemble,2749.531018443362,,
2024-03-01,hawaii,recovery_forecast,legacy_final,3110.763470779302,,
2024-04-01,hawaii,base_forecast,legacy_ensemble,4061.245836924925,,
2024-04-01,hawaii,recovery_forecast,legacy_final,3642.483110532312,,
2024-05-01,hawaii,base_forecast,legacy_ensemble,5182.528838818391,,
2024-05-01,hawaii,recovery_forecast,legacy_final,4211.293149703196,,
2024-06-01,hawaii,base_forecast,legacy_ensemble,4828.739050448788,,
2024-06-01,hawaii,recovery_forecast,legacy_final,4164.007226352742,,
2024-07-01,hawaii,base_forecast,legacy_ensemble,4227.12605275326,,
2024-07-01,hawaii,recovery_forecast,legacy_final,4155.611997711512,,
2024-07-01,hawaii,terminal_forecast,intervention_adjusted,3381.7008422026083,,
2024-08-01,hawaii,base_forecast,legacy_ensemble,4061.850919492872,,
2024-09-01,hawaii,base_forecast,legacy_ensemble,3967.111330450401,,
2024-10-01,hawaii,base_forecast,legacy_ensemble,2678.509029635333,,
2024-11-01,hawaii,base_forecast,legacy_ensemble,1639.049971088568,,
2024-12-01,hawaii,base_forecast,legacy_ensemble,2869.98674182259,,
1999-01-01,hong_kong,observed,target,257085.0,,
1999-02-01,hong_kong,observed,target,307609.0,,
1999-03-01,hong_kong,observed,target,236152.0,,
1999-04-01,hong_kong,observed,target,249008.0,,
1999-05-01,hong_kong,observed,target,261447.0,,
1999-06-01,hong_kong,observed,target,233513.0,,
1999-07-01,hong_kong,observed,target,291015.0,,
1999-08-01,hong_kong,observed,target,296856.0,,
1999-09-01,hong_kong,observed,target,229189.0,,
1999-10-01,hong_kong,observed,target,260744.0,,
1999-11-01,hong_kong,observed,target,287683.0,,
1999-12-01,hong_kong,observed,target,296151.0,,
2000-01-01,hong_kong,observed,target,308782.0,,
2000-02-01,hong_kong,observed,target,293947.0,,
2000-03-01,hong_kong,observed,target,288798.0,,
2000-04-01,hong_kong,observed,target,305229.0,,
2000-05-01,hong_kong,observed,target,334287.0,,
2000-06-01,hong_kong,observed,target,279273.0,,
2000-07-01,hong_kong,observed,target,332684.0,,
2000-08-01,hong_kong,observed,target,354895.0,,
2000-09-01,hong_kong,observed,target,311743.0,,
2000-10-01,hong_kong,observed,target,317061.0,,
2000-11-01,hong_kong,observed,target,304466.0,,
2000-12-01,hong_kong,observed,target,354680.0,,
2001-01-01,hong_kong,observed,target,370531.0,,
2001-02-01,hong_kong,observed,target,277074.0,,
2001-03-01,hong_kong,observed,target,329777.0,,
2001-04-01,hong_kong,observed,target,318899.0,,
2001-05-01,hong_kong,observed,target,380989.0,,
2001-06-01,hong_kong,observed,target,337137.0,,
2001-07-01,hong_kong,observed,target,400172.0,,
2001-08-01,hong_kong,observed,target,423883.0,,
2001-09-01,hong_kong,observed,target,348174.0,,
2001-10-01,hong_kong,observed,target,397809.0,,
2001-11-01,hong_kong,observed,target,406225.0,,
2001-12-01,hong_kong,observed,target,457913.0,,
2002-01-01,hong_kong,observed,target,454817.0,,
2002-02-01,hong_kong,observed,target,471528.0,,
2002-03-01,hong_kong,observed,target,465230.0,,
2002-04-01,hong_kong,observed,target,525498.0,,
2002-05-01,hong_kong,observed,target,544163.0,,
2002-06-01,hong_kong,observed,target,423763.0,,
2002-07-01,hong_kong,observed,target,565322.0,,
2002-08-01,hong_kong,observed,target,659726.0,,
2002-09-01,hong_kong,observed,target,593509.0,,
2002-10-01,hong_kong,observed,target,669828.0,,
2002-11-01,hong_kong,observed,target,697841.0,,
2002-12-01,hong_kong,observed,target,753974.0,,
2003-01-01,hong_kong,observed,target,750929.0,,
2003-02-01,hong_kong,observed,target,713489.0,,
2003-03-01,hong_kong,observed,target,666343.0,,
2003-04-01,hong_kong,observed,target,322216.0,,
2003-05-01,hong_kong,observed,target,311821.0,,
2003-06-01,hong_kong,observed,target,470562.0,,
2003-07-01,hong_kong,observed,target,693008.0,,
2003-08-01,hong_kong,observed,target,946122.0,,
2003-09-01,hong_kong,observed,target,762001.0,,
2003-10-01,hong_kong,observed,target,878581.0,,
2003-11-01,hong_kong,observed,target,930432.0,,
2003-12-01,hong_kong,observed,target,1021707.0,,
2004-01-01,hong_kong,observed,target,1115151.0,,
2004-02-01,hong_kong,observed,target,824619.0,,
2004-03-01,hong_kong,observed,target,979338.0,,
2004-04-01,hong_kong,observed,target,908741.0,,
2004-05-01,hong_kong,observed,target,972837.0,,
2004-06-01,hong_kong,observed,target,867445.0,,
2004-07-01,hong_kong,observed,target,1160530.0,,
2004-08-01,hong_kong,observed,target,1238091.0,,
2004-09-01,hong_kong,observed,target,912723.0,,
2004-10-01,hong_kong,observed,target,1079392.0,,
2004-11-01,hong_kong,observed,target,1040982.0,,
2004-12-01,hong_kong,observed,target,1146013.0,,
2005-01-01,hong_kong,observed,target,1065487.0,,
2005-02-01,hong_kong,observed,target,1041061.0,,
2005-03-01,hong_kong,observed,target,932243.0,,
2005-04-01,hong_kong,observed,target,987091.0,,
2005-05-01,hong_kong,observed,target,972313.0,,
2005-06-01,hong_kong,observed,target,885596.0,,
2005-07-01,hong_kong,observed,target,1147076.0,,
2005-08-01,hong_kong,observed,target,1221159.0,,
2005-09-01,hong_kong,observed,target,925417.0,,
2005-10-01,hong_kong,observed,target,1115023.0,,
2005-11-01,hong_kong,observed,target,1070488.0,,
2005-12-01,hong_kong,observed,target,1178446.0,,
2006-01-01,hong_kong,observed,target,1324888.0,,
2006-02-01,hong_kong,observed,target,1141391.0,,
2006-03-01,hong_kong,observed,target,1125564.0,,
2006-04-01,hong_kong,observed,target,1109401.0,,
2006-05-01,hong_kong,observed,target,1045744.0,,
2006-06-01,hong_kong,observed,target,959404.0,,
2006-07-01,hong_kong,observed,target,1196987.0,,
2006-08-01,hong_kong,observed,target,1364825.0,,
2006-09-01,hong_kong,observed,target,930532.0,,
2006-10-01,hong_kong,observed,target,1083361.0,,
2006-11-01,hong_kong,observed,target,1043726.0,,
2006-12-01,hong_kong,observed,target,1265519.0,,
2007-01-01,hong_kong,observed,target,1210562.0,,
2007-02-01,hong_kong,observed,target,1481029.0,,
2007-03-01,hong_kong,observed,target,1086645.0,,
2007-04-01,hong_kong,observed,target,1089240.0,,
2007-05-01,hong_kong,observed,target,1212715.0,,
2007-06-01,hong_kong,observed,target,1019524.0,,
2007-07-01,hong_kong,observed,target,1390554.0,,
2007-08-01,hong_kong,observed,target,1685555.0,,
2007-09-01,hong_kong,observed,target,1136325.0,,
2007-10-01,hong_kong,observed,target,1359194.0,,
2007-11-01,hong_kong,observed,target,1291307.0,,
2007-12-01,hong_kong,observed,target,1523139.0,,
2008-01-01,hong_kong,observed,target,1441667.0,,
2008-02-01,hong_kong,observed,target,1442302.0,,
2008-03-01,hong_kong,observed,target,1269673.0,,
2008-04-01,hong_kong,observed,target,1305002.0,,
2008-05-01,hong_kong,observed,target,1290806.0,,
2008-06-01,hong_kong,observed,target,1145551.0,,
2008-07-01,hong_kong,observed,target,1660243.0,,
2008-08-01,hong_kong,observed,target,1699309.0,,
2008-09-01,hong_kong,observed,target,1249545.0,,
2008-10-01,hong_kong,observed,target,1373910.0,,
2008-11-01,hong_kong,observed,target,1363167.0,,
2008-12-01,hong_kong,observed,target,1620828.0,,
2009-01-01,hong_kong,observed,target,1892336.0,,
2009-02-01,hong_kong,observed,target,1345291.0,,
2009-03-01,hong_kong,observed,target,1438182.0,,
2009-04-01,hong_kong,observed,target,1406500.0,,
2009-05-01,hong_kong,observed,target,1167230.0,,
2009-06-01,hong_kong,observed,target,1012386.0,,
2009-07-01,hong_kong,observed,target,1432740.0,,
2009-08-01,hong_kong,observed,target,1855907.0,,
2009-09-01,hong_kong,observed,target,1326110.0,,
2009-10-01,hong_kong,observed,target,1686686.0,,
2009-11-01,hong_kong,observed,target,1544531.0,,
2009-12-01,hong_kong,observed,target,1848832.0,,
2010-01-01,hong_kong,observed,target,1907827.0,,
2010-02-01,hong_kong,observed,target,2009922.0,,
2010-03-01,hong_kong,observed,target,1631163.0,,
2010-04-01,hong_kong,observed,target,1660538.0,,
2010-05-01,hong_kong,observed,target,1713687.0,,
2010-06-01,hong_kong,observed,target,1564062.0,,
2010-07-01,hong_kong,observed,target,2011837.0,,
2010-08-01,hong_kong,observed,target,2369813.0,,
2010-09-01,hong_kong,observed,target,1626556.0,,
2010-10-01,hong_kong,observed,target,2035735.0,,
2010-11-01,hong_kong,observed,target,1878060.0,,
2010-12-01,hong_kong,observed,target,2275188.0,,
2011-01-01,hong_kong,observed,target,2503151.0,,
2011-02-01,hong_kong,observed,target,2008173.0,,
2011-02-01,hong_kong,signal,search_index,5399.01,,
2011-03-01,hong_kong,observed,target,2009130.0,,
2011-03-01,hong_kong,signal,search_index,5456.54,,
2011-04-01,hong_kong,observed,target,2136896.0,,
2011-04-01,hong_kong,signal,search_index,5658.860000000001,,
2011-05-01,hong_kong,observed,target,2115413.0,,
2011-05-01,hong_kong,signal,search_index,5927.26,,
2011-06-01,hong_kong,observed,target,1924603.0,,
2011-06-01,hong_kong,signal,search_index,6036.32,,
2011-07-01,hong_kong,observed,target,2677326.0,,
2011-07-01,hong_kong,signal,search_index,7214.24,,
2011-08-01,hong_kong,observed,target,2914914.0,,
2011-08-01,hong_kong,signal,search_index,8817.1,,
2011-09-01,hong_kong,observed,target,2094360.0,,
2011-09-01,hong_kong,signal,search_index,8668.47,,
2011-10-01,hong_kong,observed,target,2542465.0,,
2011-10-01,hong_kong,signal,search_index,7037.210000000001,,
2011-11-01,hong_kong,observed,target,2343939.0,,
2011-11-01,hong_kong,signal,search_index,6913.960000000001,,
2011-12-01,hong_kong,observed,target,2829759.0,,
2011-12-01,hong_kong,signal,search_index,7864.220000000001,,
2012-01-01,hong_kong,observed,target,3101578.0,,
2012-01-01,hong_kong,signal,search_index,8304.92,,
2012-02-01,hong_kong,observed,target,2296814.0,,
2012-02-01,hong_kong,signal,search_index,7586.279999999999,,
2012-03-01,hong_kong,observed,target,2497061.0,,
2012-03-01,hong_kong,signal,search_index,8459.7,,
2012-04-01,hong_kong,observed,target,2647026.0,,
2012-04-01,hong_kong,signal,search_index,8504.740000000002,,
2012-05-01,hong_kong,observed,target,2525600.0,,
2012-05-01,hong_kong,signal,search_index,7997.370000000001,,
2012-06-01,hong_kong,observed,target,2514688.0,,
2012-06-01,hong_kong,signal,search_index,7501.43,,
2012-07-01,hong_kong,observed,target,3264385.0,,
2012-07-01,hong_kong,signal,search_index,8324.91,,
2012-08-01,hong_kong,observed,target,3727949.0,,
2012-08-01,hong_kong,signal,search_index,10091.58,,
2012-09-01,hong_kong,observed,target,2751427.0,,
2012-09-01,hong_kong,signal,search_index,9701.649999999998,,
2012-10-01,hong_kong,observed,target,3064966.0,,
2012-10-01,hong_kong,signal,search_index,8599.630000000001,,
2012-11-01,hong_kong,observed,target,3040360.0,,
2012-11-01,hong_kong,signal,search_index,8515.34,,
2012-12-01,hong_kong,observed,target,3479541.0,,
2012-12-01,hong_kong,signal,search_index,9231.65,,
2013-01-01,hong_kong,observed,target,3526182.0,,
2013-01-01,hong_kong,signal,search_index,9714.599999999999,,
2013-02-01,hong_kong,observed,target,3132415.0,,
2013-02-01,hong_kong,signal,search_index,10199.74,,
2013-03-01,hong_kong,observed,target,2842002.0,,
2013-03-01,hong_kong,signal,search_index,11592.85,,
2013-04-01,hong_kong,observed,target,3110141.0,,
2013-04-01,hong_kong,signal,search_index,11338.1,,
2013-05-01,hong_kong,observed,target,3053892.0,,
2013-05-01,hong_kong,signal,search_index,9985.27,,
2013-06-01,hong_kong,observed,target,3150563.0,,
2013-06-01,hong_kong,signal,search_index,10280.22,,
2013-07-01,hong_kong,observed,target,3777462.0,,
2013-07-01,hong_kong,signal,search_index,13206.27,,
2013-08-01,hong_kong,observed,target,4224639.0,,
2013-08-01,hong_kong,signal,search_index,13824.42,,
2013-09-01,hong_kong,observed,target,3283859.0,,
2013-09-01,hong_kong,signal,search_index,12828.54,,
2013-10-01,hong_kong,observed,target,3406001.0,,
2013-10-01,hong_kong,signal,search_index,11038.59,,
2013-11-01,hong_kong,observed,target,3348121.0,,
2013-11-01,hong_kong,signal,search_index,10298.38,,
2013-12-01,hong_kong,observed,target,3890000.0,,
2013-12-01,hong_kong,signal,search_index,9540.14,,
2014-01-01,hong_kong,observed,target,4347400.0,,
2014-01-01,hong_kong,signal,search_index,10836.99,,
2014-02-01,hong_kong,observed,target,3458215.0,,
2014-02-01,hong_kong,signal,search_index,11982.7,,
2014-03-01,hong_kong,observed,target,3601086.0,,
2014-03-01,hong_kong,signal,search_index,12552.77,,
2014-04-01,hong_kong,observed,target,3568064.0,,
2014-04-01,hong_kong,signal,search_index,11757.65,,
2014-05-01,hong_kong,observed,target,3452734.0,,
2014-05-01,hong_kong,signal,search_index,11595.62,,
2014-06-01,hong_kong,observed,target,3395330.0,,
2014-06-01,hong_kong,signal,search_index,12109.58,,
2014-07-01,hong_kong,observed,target,4261796.0,,
2014-07-01,hong_kong,signal,search_index,13156.15,,
2014-08-01,hong_kong,observed,target,4896001.0,,
2014-08-01,hong_kong,signal,search_index,15035.23,,
2014-09-01,hong_kong,observed,target,3681736.0,,
2014-09-01,hong_kong,signal,search_index,14489.22,,
2014-10-01,hong_kong,observed,target,4027944.0,,
2014-10-01,hong_kong,signal,search_index,15085.31,,
2014-11-01,hong_kong,observed,target,4155524.0,,
2014-11-01,hong_kong,signal,search_index,12685.54,,
2014-12-01,hong_kong,observed,target,4401845.0,,
2014-12-01,hong_kong,signal,search_index,12059.34,,
2015-01-01,hong_kong,observed,target,4490420.0,,
2015-01-01,hong_kong,signal,search_index,13648.83,,
2015-02-01,hong_kong,observed,target,4551825.0,,
2015-02-01,hong_kong,signal,search_index,14712.69,,
2015-03-01,hong_kong,observed,target,3240825.0,,
2015-03-01,hong_kong,signal,search_index,13694.04,,
2015-04-01,hong_kong,observed,target,3604713.0,,
2015-04-01,hong_kong,signal,search_index,12196.97,,
2015-05-01,hong_kong,observed,target,3625308.0,,
2015-05-01,hong_kong,signal,search_index,10980.96,,
2015-06-01,hong_kong,observed,target,3333433.0,,
2015-06-01,hong_kong,signal,search_index,10578.0,,
2015-07-01,hong_kong,observed,target,3845273.0,,
2015-07-01,hong_kong,signal,search_index,11836.92,,
2015-08-01,hong_kong,observed,target,4550148.0,,
2015-08-01,hong_kong,signal,search_index,14784.03,,
2015-09-01,hong_kong,observed,target,3509432.0,,
2015-09-01,hong_kong,signal,search_index,15582.12,,
2015-10-01,hong_kong,observed,target,3857524.0,,
2015-10-01,hong_kong,signal,search_index,12901.93,,
2015-11-01,hong_kong,observed,target,3512410.0,,
2015-11-01,hong_kong,signal,search_index,12161.97,,
2015-12-01,hong_kong,observed,target,3721049.0,,
2015-12-01,hong_kong,signal,search_index,10686.56,,
2016-01-01,hong_kong,observed,target,4043000.0,,
2016-01-01,hong_kong,signal,search_index,10764.32,,
2016-02-01,hong_kong,observed,target,3367736.0,,
2016-02-01,hong_kong,signal,search_index,10870.83,,
2016-03-01,hong_kong,observed,target,3017173.0,,
2016-03-01,hong_kong,signal,search_index,10804.87,,
2016-04-01,hong_kong,observed,target,3459000.0,,
2016-04-01,hong_kong,signal,search_index,10005.1,,
2016-05-01,hong_kong,observed,target,3322758.0,,
2016-05-01,hong_kong,signal,search_index,9499.34,,
2016-06-01,hong_kong,observed,target,3206043.0,,
2016-06-01,hong_kong,signal,search_index,10518.52,,
2016-07-01,hong_kong,observed,target,3930526.0,,
2016-07-01,hong_kong,signal,search_index,11037.39,,
2016-08-01,hong_kong,observed,target,4037005.0,,
2016-08-01,hong_kong,signal,search_index,12982.32,,
2016-09-01,hong_kong,observed,target,3333627.0,,
2016-09-01,hong_kong,signal,search_index,12878.71,,
2016-10-01,hong_kong,observed,target,3723837.0,,
2016-10-01,hong_kong,signal,search_index,12719.34,,
2016-11-01,hong_kong,observed,target,3388958.0,,
2016-11-01,hong_kong,signal,search_index,12217.45,,
2016-12-01,hong_kong,observed,target,3948482.0,,
2016-12-01,hong_kong,signal,search_index,11374.23,,
2017-01-01,hong_kong,observed,target,4353505.0,,
2017-01-01,hong_kong,signal,search_index,13400.17,,
2017-02-01,hong_kong,observed,target,3138728.0,,
2017-02-01,hong_kong,signal,search_index,14267.93,,
2017-03-01,hong_kong,observed,target,3330769.0,,
2017-03-01,hong_kong,signal,search_index,16333.06,,
2017-04-01,hong_kong,observed,target,3521932.0,,
2017-04-01,hong_kong,signal,search_index,13962.84,,
2017-05-01,hong_kong,observed,target,3450028.0,,
2017-05-01,hong_kong,signal,search_index,13172.79,,
2017-06-01,hong_kong,observed,target,3097716.0,,
2017-06-01,hong_kong,signal,search_index,12328.18,,
2017-07-01,hong_kong,observed,target,4077183.0,,
2017-07-01,hong_kong,signal,search_index,14766.63,,
2017-08-01,hong_kong,observed,target,3955989.0,,
2017-08-01,hong_kong,signal,search_index,18237.45,,
2017-09-01,hong_kong,observed,target,3572769.0,,
2017-09-01,hong_kong,signal,search_index,18232.29,,
2017-10-01,hong_kong,observed,target,4033473.0,,
2017-10-01,hong_kong,signal,search_index,17062.9,,
2017-11-01,hong_kong,observed,target,3680755.0,,
2017-11-01,hong_kong,signal,search_index,15555.01,,
2017-12-01,hong_kong,observed,target,4232412.0,,
2017-12-01,hong_kong,signal,search_index,14596.56,,
2018-01-01,hong_kong,observed,target,4113241.0,,
2018-01-01,hong_kong,signal,search_index,15154.18,,
2018-02-01,hong_kong,observed,target,4399696.0,,
2018-02-01,hong_kong,signal,search_index,15996.45,,
2018-03-01,hong_kong,observed,target,3668375.0,,
2018-03-01,hong_kong,signal,search_index,16680.11,,
2018-04-01,hong_kong,observed,target,4056097.0,,
2018-04-01,hong_kong,signal,search_index,17712.59,,
2018-05-01,hong_kong,observed,target,3817370.0,,
2018-05-01,hong_kong,signal,search_index,16584.77,,
2018-06-01,hong_kong,observed,target,3634089.0,,
2018-06-01,hong_kong,signal,search_index,15515.36,,
2018-07-01,hong_kong,observed,target,4402955.0,,
2018-07-01,hong_kong,signal,search_index,17372.56,,
2018-08-01,hong_kong,observed,target,4825547.0,,
2018-08-01,hong_kong,signal,search_index,19534.69,,
2018-09-01,hong_kong,observed,target,3713464.0,,
2018-09-01,hong_kong,signal,search_index,17939.32,,
2018-10-01,hong_kong,observed,target,4654391.0,,
2018-10-01,hong_kong,signal,search_index,17622.31,,
2018-11-01,hong_kong,observed,target,4631378.0,,
2018-11-01,hong_kong,signal,search_index,17004.49,,
2018-12-01,hong_kong,observed,target,5121627.0,,
2018-12-01,hong_kong,signal,search_index,18305.31,,
2019-01-01,hong_kong,observed,target,5542896.0,,
2019-01-01,hong_kong,signal,flight_capacity,7432.0,,
2019-01-01,hong_kong,signal,search_index,16435.57,,
2019-02-01,hong_kong,observed,target,4560963.0,,
2019-02-01,hong_kong,signal,flight_capacity,6832.0,,
2019-02-01,hong_kong,signal,search_index,17802.8,,
2019-03-01,hong_kong,observed,target,4478389.0,,
2019-03-01,hong_kong,signal,flight_capacity,7427.0,,
2019-03-01,hong_kong,signal,search_index,19038.14,,
2019-04-01,hong_kong,observed,target,4272755.0,,
2019-04-01,hong_kong,signal,flight_capacity,7345.0,,
2019-04-01,hong_kong,signal,search_index,15004.7,,
2019-05-01,hong_kong,observed,target,4717520.0,,
2019-05-01,hong_kong,signal,flight_capacity,7555.0,,
2019-05-01,hong_kong,signal,search_index,14140.75,,
2019-06-01,hong_kong,observed,target,4000994.0,,
2019-06-01,hong_kong,signal,flight_capacity,7208.0,,
2019-06-01,hong_kong,signal,search_index,12303.61,,
2019-07-01,hong_kong,observed,target,4160688.0,,
2019-07-01,hong_kong,signal,flight_capacity,7600.0,,
2019-07-01,hong_kong,signal,search_index,11972.89,,
2019-08-01,hong_kong,observed,target,2782897.0,,
2019-08-01,hong_kong,signal,flight_capacity,6864.0,,
2019-08-01,hong_kong,signal,search_index,11869.19,,
2019-09-01,hong_kong,observed,target,2412459.0,,
2019-09-01,hong_kong,signal,flight_capacity,6238.0,,
2019-09-01,hong_kong,signal,search_index,7700.85,,
2019-10-01,hong_kong,observed,target,2519243.0,,
2019-10-01,hong_kong,signal,flight_capacity,6613.0,,
2019-10-01,hong_kong,signal,search_index,5487.82,,
2019-11-01,hong_kong,observed,target,1927649.0,,
2019-11-01,hong_kong,signal,flight_capacity,5722.0,,
2019-11-01,hong_kong,signal,search_index,4562.63,,
2019-12-01,hong_kong,observed,target,2398232.0,,
2019-12-01,hong_kong,signal,flight_capacity,5802.0,,
2019-12-01,hong_kong,signal,search_index,4145.54,,
2020-01-01,hong_kong,observed,target,2536768.0,,
2020-01-01,hong_kong,signal,flight_capacity,5730.0,,
2020-01-01,hong_kong,signal,search_index,5067.75,,
2020-02-01,hong_kong,observed,target,98804.0,,
2020-02-01,hong_kong,signal,flight_capacity,1325.0,,
2020-02-01,hong_kong,signal,search_index,4288.12,,
2020-03-01,hong_kong,observed,target,30370.0,,
2020-03-01,hong_kong,signal,flight_capacity,644.0,,
2020-03-01,hong_kong,signal,search_index,3054.41,,
2020-04-01,hong_kong,observed,target,2947.0,,
2020-04-01,hong_kong,signal,flight_capacity,517.0,,
2020-04-01,hong_kong,signal,search_index,2970.4,,
2020-05-01,hong_kong,observed,target,5670.0,,
2020-05-01,hong_kong,signal,flight_capacity,621.0,,
2020-05-01,hong_kong,signal,search_index,2447.18,,
2020-06-01,hong_kong,observed,target,6682.0,,
2020-06-01,hong_kong,signal,flight_capacity,513.0,,
2020-06-01,hong_kong,signal,search_index,2677.84,,
2020-07-01,hong_kong,observed,target,5735.0,,
2020-07-01,hong_kong,signal,flight_capacity,509.0,,
2020-07-01,hong_kong,signal,search_index,2670.87,,
2020-08-01,hong_kong,observed,target,2337.0,,
2020-08-01,hong_kong,signal,flight_capacity,512.0,,
2020-08-01,hong_kong,signal,search_index,2672.58,,
2020-09-01,hong_kong,observed,target,6226.0,,
2020-09-01,hong_kong,signal,flight_capacity,530.0,,
2020-09-01,hong_kong,signal,search_index,2658.09,,
2020-10-01,hong_kong,observed,target,4855.0,,
2020-10-01,hong_kong,signal,flight_capacity,497.0,,
2020-10-01,hong_kong,signal,search_index,2877.3,,
2020-11-01,hong_kong,observed,target,3571.0,,
2020-11-01,hong_kong,signal,flight_capacity,313.0,,
2020-11-01,hong_kong,signal,search_index,2865.06,,
2020-12-01,hong_kong,observed,target,2433.0,,
2020-12-01,hong_kong,signal,flight_capacity,359.0,,
2020-12-01,hong_kong,signal,search_index,2738.27,,
2021-01-01,hong_kong,observed,target,2877.0,,
2021-01-01,hong_kong,signal,flight_capacity,360.0,,
2021-01-01,hong_kong,signal,search_index,2485.8,,
2021-02-01,hong_kong,observed,target,3802.0,,
2021-02-01,hong_kong,signal,flight_capacity,229.0,,
2021-02-01,hong_kong,signal,search_index,2407.94,,
2021-03-01,hong_kong,observed,target,4918.0,,
2021-03-01,hong_kong,signal,flight_capacity,308.0,,
2021-03-01,hong_kong,signal,search_index,2460.25,,
2021-04-01,hong_kong,observed,target,4118.0,,
2021-04-01,hong_kong,signal,flight_capacity,244.0,,
2021-04-01,hong_kong,signal,search_index,2722.55,,
2021-05-01,hong_kong,observed,target,3897.0,,
2021-05-01,hong_kong,signal,flight_capacity,346.0,,
2021-05-01,hong_kong,signal,search_index,2719.74,,
2021-06-01,hong_kong,observed,target,4651.0,,
2021-06-01,hong_kong,signal,flight_capacity,421.0,,
2021-06-01,hong_kong,signal,search_index,2555.34,,
2021-07-01,hong_kong,observed,target,6304.0,,
2021-07-01,hong_kong,signal,flight_capacity,472.0,,
2021-07-01,hong_kong,signal,search_index,2402.64,,
2021-08-01,hong_kong,observed,target,8529.0,,
2021-08-01,hong_kong,signal,flight_capacity,640.0,,
2021-08-01,hong_kong,signal,search_index,2531.059999999999,,
2021-09-01,hong_kong,observed,target,6960.0,,
2021-09-01,hong_kong,signal,flight_capacity,697.0,,
2021-09-01,hong_kong,signal,search_index,2425.12,,
2021-10-01,hong_kong,observed,target,6699.0,,
2021-10-01,hong_kong,signal,flight_capacity,663.0,,
2021-10-01,hong_kong,signal,search_index,2598.1,,
2021-11-01,hong_kong,observed,target,6464.0,,
2021-11-01,hong_kong,signal,flight_capacity,513.0,,
2021-11-01,hong_kong,signal,search_index,2237.27,,
2021-12-01,hong_kong,observed,target,6502.0,,
2021-12-01,hong_kong,signal,flight_capacity,385.0,,
2021-12-01,hong_kong,signal,search_index,2335.62,,
2022-01-01,hong_kong,observed,target,5792.0,,
2022-01-01,hong_kong,signal,flight_capacity,462.0,,
2022-01-01,hong_kong,signal,search_index,2362.72,,
2022-02-01,hong_kong,observed,target,1809.0,,
2022-02-01,hong_kong,signal,flight_capacity,404.0,,
2022-02-01,hong_kong,signal,search_index,2182.81,,
2022-03-01,hong_kong,observed,target,997.0,,
2022-03-01,hong_kong,signal,flight_capacity,388.0,,
2022-03-01,hong_kong,signal,search_index,2518.74,,
2022-04-01,hong_kong,observed,target,3608.0,,
2022-04-01,hong_kong,signal,flight_capacity,279.0,,
2022-04-01,hong_kong,signal,search_index,2487.3,,
2022-05-01,hong_kong,observed,target,14403.0,,
2022-05-01,hong_kong,signal,flight_capacity,272.0,,
2022-05-01,hong_kong,signal,search_index,2492.33,,
2022-06-01,hong_kong,observed,target,35348.0,,
2022-06-01,hong_kong,signal,flight_capacity,356.0,,
2022-06-01,hong_kong,signal,search_index,2743.6,,
2022-07-01,hong_kong,observed,target,40083.0,,
2022-07-01,hong_kong,signal,flight_capacity,553.0,,
2022-07-01,hong_kong,signal,search_index,2911.96,,
2022-08-01,hong_kong,observed,target,48269.0,,
2022-08-01,hong_kong,signal,flight_capacity,592.0,,
2022-08-01,hong_kong,signal,search_index,2750.88,,
2022-09-01,hong_kong,observed,target,51276.0,,
2022-09-01,hong_kong,signal,flight_capacity,656.0,,
2022-09-01,hong_kong,signal,search_index,2812.17,,
2022-10-01,hong_kong,observed,target,47607.0,,
2022-10-01,hong_kong,signal,flight_capacity,832.0,,
2022-10-01,hong_kong,signal,search_index,2707.8,,
2022-11-01,hong_kong,observed,target,58694.0,,
2022-11-01,hong_kong,signal,flight_capacity,806.0,,
2022-11-01,hong_kong,signal,search_index,2672.22,,
2022-12-01,hong_kong,observed,target,67244.0,,
2022-12-01,hong_kong,signal,flight_capacity,959.0,,
2022-12-01,hong_kong,signal,search_index,2689.89,,
2023-01-01,hong_kong,base_forecast,legacy_ensemble,2665648.135316254,,
2023-01-01,hong_kong,observed,target,280525.0,,
2023-01-01,hong_kong,reference_forecast,legacy_average,219587.5714285714,,
2023-01-01,hong_kong,signal,flight_capacity,1468.0,,
2023-01-01,hong_kong,signal,search_index,3147.23,,
2023-02-01,hong_kong,base_forecast,legacy_ensemble,2197391.561041208,,
2023-02-01,hong_kong,observed,target,48275.0,,
2023-02-01,hong_kong,reference_forecast,legacy_average,114632.1428571429,,
2023-02-01,hong_kong,signal,flight_capacity,2039.0,,
2023-02-01,hong_kong,signal,search_index,4914.45,,
2023-03-01,hong_kong,base_forecast,legacy_ensemble,2036551.263623425,,
2023-03-01,hong_kong,reference_forecast,legacy_average,387599.5087375388,,
2023-03-01,hong_kong,signal,flight_capacity,2927.0,,
2023-03-01,hong_kong,signal,search_index,6129.27,,
2023-04-01,hong_kong,base_forecast,legacy_ensemble,2119435.988872234,,
2023-04-01,hong_kong,reference_forecast,legacy_average,429153.2683309385,,
2023-04-01,hong_kong,signal,flight_capacity,3516.0,,
2023-04-01,hong_kong,signal,search_index,5797.76,,
2023-05-01,hong_kong,base_forecast,legacy_ensemble,2158720.080935979,,
2023-05-01,hong_kong,reference_forecast,legacy_average,508270.617828413,,
2023-05-01,hong_kong,signal,flight_capacity,3802.0,,
2023-05-01,hong_kong,signal,search_index,6126.700000000001,,
2023-06-01,hong_kong,base_forecast,legacy_ensemble,1938403.367083475,,
2023-06-01,hong_kong,reference_forecast,legacy_average,464714.3138689613,,
2023-06-01,hong_kong,signal,flight_capacity,3940.0,,
2023-06-01,hong_kong,signal,search_index,5901.032258064515,,
2023-07-01,hong_kong,base_forecast,legacy_ensemble,2279268.461577601,,
2023-08-01,hong_kong,base_forecast,legacy_ensemble,2168554.9464705,,
2023-08-01,hong_kong,recovery_forecast,legacy_final,989177.3828048777,,
2023-09-01,hong_kong,base_forecast,legacy_ensemble,1736765.637111375,,
2023-09-01,hong_kong,recovery_forecast,legacy_final,864158.3144849447,,
2023-10-01,hong_kong,base_forecast,legacy_ensemble,1957660.245773979,,
2023-10-01,hong_kong,recovery_forecast,legacy_final,1076611.55684076,,
2023-11-01,hong_kong,base_forecast,legacy_ensemble,1775831.037281735,,
2023-11-01,hong_kong,recovery_forecast,legacy_final,1120306.758293063,,
2023-12-01,hong_kong,base_forecast,legacy_ensemble,2080075.863184026,,
2023-12-01,hong_kong,recovery_forecast,legacy_final,1388320.45940244,,
2024-01-01,hong_kong,base_forecast,legacy_ensemble,2290645.298952859,,
2024-01-01,hong_kong,recovery_forecast,legacy_final,1571964.711464869,,
2024-02-01,hong_kong,base_forecast,legacy_ensemble,1912217.100557787,,
2024-02-01,hong_kong,recovery_forecast,legacy_final,1486043.055536519,,
2024-03-01,hong_kong,base_forecast,legacy_ensemble,1720162.162714676,,
2024-03-01,hong_kong,recovery_forecast,legacy_final,1465483.838192966,,
2024-04-01,hong_kong,base_forecast,legacy_ensemble,1772355.708796397,,
2024-04-01,hong_kong,recovery_forecast,legacy_final,1603655.658445181,,
2024-05-01,hong_kong,base_forecast,legacy_ensemble,1845545.826926725,,
2024-05-01,hong_kong,recovery_forecast,legacy_final,1681936.175216958,,
2024-06-01,hong_kong,base_forecast,legacy_ensemble,1625505.278032743,,
2024-06-01,hong_kong,recovery_forecast,legacy_final,1639396.912801398,,
2024-07-01,hong_kong,base_forecast,legacy_ensemble,1906338.766503612,,
2024-07-01,hong_kong,recovery_forecast,legacy_final,2126491.457343042,,
2024-07-01,hong_kong,terminal_forecast,intervention_adjusted,1620387.9515280703,,
2024-08-01,hong_kong,base_forecast,legacy_ensemble,1785333.598614695,,
2024-09-01,hong_kong,base_forecast,legacy_ensemble,1358257.387384097,,
2024-10-01,hong_kong,base_forecast,legacy_ensemble,1558472.419817723,,
2024-11-01,hong_kong,base_forecast,legacy_ensemble,1406275.327221008,,
2024-12-01,hong_kong,base_forecast,legacy_ensemble,1720144.187857881,,
2011-02-01,indonesia,signal,search_index,2991.77,,
2011-03-01,indonesia,signal,search_index,3323.75,,
2011-04-01,indonesia,signal,search_index,3506.91,,
2011-05-01,indonesia,signal,search_index,4035.06,,
2011-06-01,indonesia,signal,search_index,4034.42,,
2011-07-01,indonesia,signal,search_index,4762.099999999999,,
2011-08-01,indonesia,signal,search_index,4876.09,,
2011-09-01,indonesia,signal,search_index,4386.84,,
2011-10-01,indonesia,signal,search_index,4162.27,,
2011-11-01,indonesia,signal,search_index,4096.07,,
2011-12-01,indonesia,signal,search_index,4038.33,,
2012-01-01,indonesia,signal,search_index,4047.33,,
2012-02-01,indonesia,signal,search_index,4012.78,,
2012-03-01,indonesia,signal,search_index,5342.62,,
2012-04-01,indonesia,signal,search_index,4774.040000000001,,
2012-05-01,indonesia,signal,search_index,4401.5,,
2012-06-01,indonesia,signal,search_index,4771.87,,
2012-07-01,indonesia,signal,search_index,4964.59,,
2012-08-01,indonesia,signal,search_index,5335.77,,
2012-09-01,indonesia,signal,search_index,5010.61,,
2012-10-01,indonesia,signal,search_index,4189.3,,
2012-11-01,indonesia,signal,search_index,4488.84,,
2012-12-01,indonesia,signal,search_index,4359.63,,
2013-01-01,indonesia,observed,target,53203.0,,
2013-01-01,indonesia,signal,search_index,4334.39,,
2013-02-01,indonesia,observed,target,87018.0,,
2013-02-01,indonesia,signal,search_index,5379.2,,
2013-03-01,indonesia,observed,target,54359.0,,
2013-03-01,indonesia,signal,search_index,5609.93,,
2013-04-01,indonesia,observed,target,54110.0,,
2013-04-01,indonesia,signal,search_index,5902.74,,
2013-05-01,indonesia,observed,target,52632.0,,
2013-05-01,indonesia,signal,search_index,5893.23,,
2013-06-01,indonesia,observed,target,62669.0,,
2013-06-01,indonesia,signal,search_index,5647.030000000001,,
2013-07-01,indonesia,observed,target,71815.0,,
2013-07-01,indonesia,signal,search_index,6672.63,,
2013-08-01,indonesia,observed,target,70006.0,,
2013-08-01,indonesia,signal,search_index,6595.809999999999,,
2013-09-01,indonesia,observed,target,69392.0,,
2013-09-01,indonesia,signal,search_index,5968.4,,
2013-10-01,indonesia,observed,target,58717.0,,
2013-10-01,indonesia,signal,search_index,5239.4,,
2013-11-01,indonesia,observed,target,61763.0,,
2013-11-01,indonesia,signal,search_index,5592.650000000001,,
2013-12-01,indonesia,observed,target,52237.0,,
2013-12-01,indonesia,signal,search_index,4973.37,,
2014-01-01,indonesia,observed,target,88583.0,,
2014-01-01,indonesia,signal,search_index,5217.88,,
2014-02-01,indonesia,observed,target,96794.0,,
2014-02-01,indonesia,signal,search_index,11107.33,,
2014-03-01,indonesia,observed,target,71927.0,,
2014-03-01,indonesia,signal,search_index,9117.539999999999,,
2014-04-01,indonesia,observed,target,67030.0,,
2014-04-01,indonesia,signal,search_index,8384.68,,
2014-05-01,indonesia,observed,target,55581.0,,
2014-05-01,indonesia,signal,search_index,7348.37,,
2014-06-01,indonesia,observed,target,71887.0,,
2014-06-01,indonesia,signal,search_index,7528.71,,
2014-07-01,indonesia,observed,target,97131.0,,
2014-07-01,indonesia,signal,search_index,7812.23,,
2014-08-01,indonesia,observed,target,96550.0,,
2014-08-01,indonesia,signal,search_index,10684.19,,
2014-09-01,indonesia,observed,target,82519.0,,
2014-09-01,indonesia,signal,search_index,9804.16,,
2014-10-01,indonesia,observed,target,85640.0,,
2014-10-01,indonesia,signal,search_index,8861.289999999999,,
2014-11-01,indonesia,observed,target,70083.0,,
2014-11-01,indonesia,signal,search_index,8118.709999999999,,
2014-12-01,indonesia,observed,target,75506.0,,
2014-12-01,indonesia,signal,search_index,7153.23,,
2015-01-01,indonesia,observed,target,80842.0,,
2015-01-01,indonesia,signal,search_index,8800.59,,
2015-02-01,indonesia,observed,target,137181.0,,
2015-02-01,indonesia,signal,search_index,10189.22,,
2015-03-01,indonesia,observed,target,82687.0,,
2015-03-01,indonesia,signal,search_index,9990.53,,
2015-04-01,indonesia,observed,target,79000.0,,
2015-04-01,indonesia,signal,search_index,10800.42,,
2015-05-01,indonesia,observed,target,70803.0,,
2015-05-01,indonesia,signal,search_index,9606.23,,
2015-06-01,indonesia,observed,target,91038.0,,
2015-06-01,indonesia,signal,search_index,9105.68,,
2015-07-01,indonesia,observed,target,117139.0,,
2015-07-01,indonesia,signal,search_index,11514.73,,
2015-08-01,indonesia,observed,target,120658.0,,
2015-08-01,indonesia,signal,search_index,14610.19,,
2015-09-01,indonesia,observed,target,94549.0,,
2015-09-01,indonesia,signal,search_index,12057.23,,
2015-10-01,indonesia,observed,target,93091.0,,
2015-10-01,indonesia,signal,search_index,8726.87,,
2015-11-01,indonesia,observed,target,77353.0,,
2015-11-01,indonesia,signal,search_index,9196.8,,
2015-12-01,indonesia,observed,target,76725.0,,
2015-12-01,indonesia,signal,search_index,9035.570000000002,,
2016-01-01,indonesia,observed,target,108563.0,,
2016-01-01,indonesia,signal,search_index,9207.61,,
2016-02-01,indonesia,observed,target,159371.0,,
2016-02-01,indonesia,signal,search_index,11419.61,,
2016-03-01,indonesia,observed,target,97014.0,,
2016-03-01,indonesia,signal,search_index,12675.35,,
2016-04-01,indonesia,observed,target,103744.0,,
2016-04-01,indonesia,signal,search_index,15415.07,,
2016-05-01,indonesia,observed,target,105207.0,,
2016-05-01,indonesia,signal,search_index,12515.97,,
2016-06-01,indonesia,observed,target,111175.0,,
2016-06-01,indonesia,signal,search_index,12309.48,,
2016-07-01,indonesia,observed,target,146504.0,,
2016-07-01,indonesia,signal,search_index,13507.8,,
2016-08-01,indonesia,observed,target,148616.0,,
2016-08-01,indonesia,signal,search_index,23196.71,,
2016-09-01,indonesia,observed,target,123309.0,,
2016-09-01,indonesia,signal,search_index,16528.26,,
2016-10-01,indonesia,observed,target,117919.0,,
2016-10-01,indonesia,signal,search_index,11400.83,,
2016-11-01,indonesia,observed,target,119338.0,,
2016-11-01,indonesia,signal,search_index,11527.04,,
2016-12-01,indonesia,observed,target,112211.0,,
2016-12-01,indonesia,signal,search_index,10553.8,,
2017-01-01,indonesia,observed,target,206939.0,,
2017-01-01,indonesia,signal,search_index,11383.19,,
2017-02-01,indonesia,observed,target,199440.0,,
2017-02-01,indonesia,signal,search_index,13463.55,,
2017-03-01,indonesia,observed,target,147016.0,,
2017-03-01,indonesia,signal,search_index,15635.74,,
2017-04-01,indonesia,observed,target,158147.0,,
2017-04-01,indonesia,signal,search_index,14502.88,,
2017-05-01,indonesia,observed,target,157335.0,,
2017-05-01,indonesia,signal,search_index,13777.93,,
2017-06-01,indonesia,observed,target,156452.0,,
2017-06-01,indonesia,signal,search_index,16339.16,,
2017-07-01,indonesia,observed,target,213447.0,,
2017-07-01,indonesia,signal,search_index,17393.83,,
2017-08-01,indonesia,observed,target,219705.0,,
2017-08-01,indonesia,signal,search_index,20179.33,,
2017-09-01,indonesia,observed,target,178813.0,,
2017-09-01,indonesia,signal,search_index,16455.84,,
2017-10-01,indonesia,observed,target,162376.0,,
2017-10-01,indonesia,signal,search_index,14048.3,,
2017-11-01,indonesia,observed,target,136770.0,,
2017-11-01,indonesia,signal,search_index,11567.27,,
2017-12-01,indonesia,observed,target,64325.0,,
2017-12-01,indonesia,signal,search_index,11348.33,,
2018-01-01,indonesia,observed,target,101961.0,,
2018-01-01,indonesia,signal,search_index,8971.58,,
2018-02-01,indonesia,observed,target,214484.0,,
2018-02-01,indonesia,signal,search_index,9062.88,,
2018-03-01,indonesia,observed,target,180454.0,,
2018-03-01,indonesia,signal,search_index,12813.61,,
2018-04-01,indonesia,observed,target,185179.0,,
2018-04-01,indonesia,signal,search_index,13727.58,,
2018-05-01,indonesia,observed,target,181342.0,,
2018-05-01,indonesia,signal,search_index,13190.87,,
2018-06-01,indonesia,observed,target,185330.0,,
2018-06-01,indonesia,signal,search_index,12840.19,,
2018-07-01,indonesia,observed,target,226024.0,,
2018-07-01,indonesia,signal,search_index,12680.4,,
2018-08-01,indonesia,observed,target,215352.0,,
2018-08-01,indonesia,signal,search_index,14294.48,,
2018-09-01,indonesia,observed,target,197747.0,,
2018-09-01,indonesia,signal,search_index,11959.13,,
2018-10-01,indonesia,observed,target,183377.0,,
2018-10-01,indonesia,signal,search_index,8598.54,,
2018-11-01,indonesia,observed,target,124848.0,,
2018-11-01,indonesia,signal,search_index,8779.26,,
2018-12-01,indonesia,observed,target,143063.0,,
2018-12-01,indonesia,signal,search_index,6834.1,,
2019-01-01,indonesia,observed,target,178665.0,,
2019-01-01,indonesia,signal,flight_capacity,1567.0,,
2019-01-01,indonesia,signal,search_index,8058.0,,
2019-02-01,indonesia,observed,target,199960.0,,
2019-02-01,indonesia,signal,flight_capacity,1568.0,,
2019-02-01,indonesia,signal,search_index,8996.71,,
2019-03-01,indonesia,observed,target,167995.0,,
2019-03-01,indonesia,signal,flight_capacity,1623.0,,
2019-03-01,indonesia,signal,search_index,11076.21,,
2019-04-01,indonesia,observed,target,170136.0,,
2019-04-01,indonesia,signal,flight_capacity,1644.0,,
2019-04-01,indonesia,signal,search_index,9444.71,,
2019-05-01,indonesia,observed,target,164936.0,,
2019-05-01,indonesia,signal,flight_capacity,1574.0,,
2019-05-01,indonesia,signal,search_index,9719.44,,
2019-06-01,indonesia,observed,target,168269.0,,
2019-06-01,indonesia,signal,flight_capacity,1573.0,,
2019-06-01,indonesia,signal,search_index,9013.52,,
2019-07-01,indonesia,observed,target,193594.0,,
2019-07-01,indonesia,signal,flight_capacity,1572.0,,
2019-07-01,indonesia,signal,search_index,8506.699999999999,,
2019-08-01,indonesia,observed,target,193859.0,,
2019-08-01,indonesia,signal,flight_capacity,1610.0,,
2019-08-01,indonesia,signal,search_index,8681.93,,
2019-09-01,indonesia,observed,target,172856.0,,
2019-09-01,indonesia,signal,flight_capacity,1480.0,,
2019-09-01,indonesia,signal,search_index,7367.87,,
2019-10-01,indonesia,observed,target,160300.0,,
2019-10-01,indonesia,signal,flight_capacity,1527.0,,
2019-10-01,indonesia,signal,search_index,6330.84,,
2019-11-01,indonesia,observed,target,147334.0,,
2019-11-01,indonesia,signal,flight_capacity,1433.0,,
2019-11-01,indonesia,signal,search_index,5274.03,,
2019-12-01,indonesia,observed,target,154175.0,,
2019-12-01,indonesia,signal,flight_capacity,1531.0,,
2019-12-01,indonesia,signal,search_index,5015.860000000001,,
2020-01-01,indonesia,observed,target,183685.0,,
2020-01-01,indonesia,signal,flight_capacity,1679.0,,
2020-01-01,indonesia,signal,search_index,5632.78,,
2020-02-01,indonesia,observed,target,11586.0,,
2020-02-01,indonesia,signal,flight_capacity,139.0,,
2020-02-01,indonesia,signal,search_index,5240.639999999999,,
2020-03-01,indonesia,observed,target,4985.0,,
2020-03-01,indonesia,signal,flight_capacity,4.0,,
2020-03-01,indonesia,signal,search_index,3375.18,,
2020-04-01,indonesia,observed,target,1748.0,,
2020-04-01,indonesia,signal,flight_capacity,41.0,,
2020-04-01,indonesia,signal,search_index,2475.78,,
2020-05-01,indonesia,observed,target,1965.0,,
2020-05-01,indonesia,signal,flight_capacity,78.0,,
2020-05-01,indonesia,signal,search_index,1886.19,,
2020-06-01,indonesia,observed,target,2079.0,,
2020-06-01,indonesia,signal,flight_capacity,50.0,,
2020-06-01,indonesia,signal,search_index,1624.16,,
2020-07-01,indonesia,observed,target,2681.0,,
2020-07-01,indonesia,signal,flight_capacity,65.0,,
2020-07-01,indonesia,signal,search_index,1476.17,,
2020-08-01,indonesia,observed,target,3635.0,,
2020-08-01,indonesia,signal,flight_capacity,104.0,,
2020-08-01,indonesia,signal,search_index,1834.97,,
2020-09-01,indonesia,observed,target,6934.0,,
2020-09-01,indonesia,signal,flight_capacity,120.0,,
2020-09-01,indonesia,signal,search_index,1703.87,,
2020-10-01,indonesia,observed,target,6863.0,,
2020-10-01,indonesia,signal,flight_capacity,128.0,,
2020-10-01,indonesia,signal,search_index,1504.87,,
2020-11-01,indonesia,observed,target,6481.0,,
2020-11-01,indonesia,signal,flight_capacity,102.0,,
2020-11-01,indonesia,signal,search_index,1431.81,,
2020-12-01,indonesia,observed,target,7126.0,,
2020-12-01,indonesia,signal,flight_capacity,88.0,,
2020-12-01,indonesia,signal,search_index,1424.26,,
2021-01-01,indonesia,observed,target,1353.0,,
2021-01-01,indonesia,signal,flight_capacity,95.0,,
2021-01-01,indonesia,signal,search_index,1389.26,,
2021-02-01,indonesia,observed,target,2703.0,,
2021-02-01,indonesia,signal,flight_capacity,48.0,,
2021-02-01,indonesia,signal,search_index,1396.8,,
2021-03-01,indonesia,observed,target,8272.0,,
2021-03-01,indonesia,signal,flight_capacity,101.0,,
2021-03-01,indonesia,signal,search_index,1411.25,,
2021-04-01,indonesia,observed,target,9639.0,,
2021-04-01,indonesia,signal,flight_capacity,65.0,,
2021-04-01,indonesia,signal,search_index,1552.87,,
2021-05-01,indonesia,observed,target,4961.0,,
2021-05-01,indonesia,signal,flight_capacity,51.0,,
2021-05-01,indonesia,signal,search_index,1630.6,,
2021-06-01,indonesia,observed,target,6421.0,,
2021-06-01,indonesia,signal,flight_capacity,63.0,,
2021-06-01,indonesia,signal,search_index,1408.81,,
2021-07-01,indonesia,observed,target,2941.0,,
2021-07-01,indonesia,signal,flight_capacity,37.0,,
2021-07-01,indonesia,signal,search_index,1325.64,,
2021-08-01,indonesia,observed,target,897.0,,
2021-08-01,indonesia,signal,flight_capacity,24.0,,
2021-08-01,indonesia,signal,search_index,1368.26,,
2021-09-01,indonesia,observed,target,2119.0,,
2021-09-01,indonesia,signal,flight_capacity,26.0,,
2021-09-01,indonesia,signal,search_index,1299.9,,
2021-10-01,indonesia,observed,target,6005.0,,
2021-10-01,indonesia,signal,flight_capacity,23.0,,
2021-10-01,indonesia,signal,search_index,1246.9,,
2021-11-01,indonesia,observed,target,4889.0,,
2021-11-01,indonesia,signal,flight_capacity,31.0,,
2021-11-01,indonesia,signal,search_index,1231.2,,
2021-12-01,indonesia,observed,target,4513.0,,
2021-12-01,indonesia,signal,flight_capacity,43.0,,
2021-12-01,indonesia,signal,search_index,1234.1,,
2022-01-01,indonesia,observed,target,2523.0,,
2022-01-01,indonesia,signal,flight_capacity,45.0,,
2022-01-01,indonesia,signal,search_index,1251.04,,
2022-02-01,indonesia,observed,target,3126.0,,
2022-02-01,indonesia,signal,flight_capacity,30.0,,
2022-02-01,indonesia,signal,search_index,1209.19,,
2022-03-01,indonesia,observed,target,5124.0,,
2022-03-01,indonesia,signal,flight_capacity,49.0,,
2022-03-01,indonesia,signal,search_index,1337.32,,
2022-04-01,indonesia,observed,target,5300.0,,
2022-04-01,indonesia,signal,flight_capacity,76.0,,
2022-04-01,indonesia,signal,search_index,1407.42,,
2022-05-01,indonesia,observed,target,6853.0,,
2022-05-01,indonesia,signal,flight_capacity,41.0,,
2022-05-01,indonesia,signal,search_index,1529.2,,
2022-06-01,indonesia,observed,target,11362.0,,
2022-06-01,indonesia,signal,flight_capacity,45.0,,
2022-06-01,indonesia,signal,search_index,1547.51,,
2022-07-01,indonesia,observed,target,13541.0,,
2022-07-01,indonesia,signal,flight_capacity,51.0,,
2022-07-01,indonesia,signal,search_index,1672.17,,
2022-08-01,indonesia,observed,target,13800.0,,
2022-08-01,indonesia,signal,flight_capacity,77.0,,
2022-08-01,indonesia,signal,search_index,1671.0,,
2022-09-01,indonesia,observed,target,15653.0,,
2022-09-01,indonesia,signal,flight_capacity,82.0,,
2022-09-01,indonesia,signal,search_index,1466.87,,
2022-10-01,indonesia,observed,target,17166.0,,
2022-10-01,indonesia,signal,flight_capacity,97.0,,
2022-10-01,indonesia,signal,search_index,1406.66,,
2022-11-01,indonesia,observed,target,20065.0,,
2022-11-01,indonesia,signal,flight_capacity,127.0,,
2022-11-01,indonesia,signal,search_index,1494.71,,
2022-12-01,indonesia,observed,target,29642.0,,
2022-12-01,indonesia,signal,flight_capacity,166.0,,
2022-12-01,indonesia,signal,search_index,8114.2,,
2023-01-01,indonesia,base_forecast,legacy_ensemble,214541.4589488857,,
2023-01-01,indonesia,observed,target,27080.0,,
2023-01-01,indonesia,reference_forecast,legacy_average,27446.0,,
2023-01-01,indonesia,signal,flight_capacity,174.0,,
2023-01-01,indonesia,signal,search_index,1721.65,,
2023-02-01,indonesia,base_forecast,legacy_ensemble,244686.9874776618,,
2023-02-01,indonesia,reference_forecast,legacy_average,39707.60070823431,,
2023-02-01,indonesia,signal,flight_capacity,234.0,,
2023-02-01,indonesia,signal,search_index,2651.04,,
2023-03-01,indonesia,base_forecast,legacy_ensemble,204430.3471188169,,
2023-03-01,indonesia,reference_forecast,legacy_average,45078.99042451151,,
2023-03-01,indonesia,signal,flight_capacity,377.0,,
2023-03-01,indonesia,signal,search_index,3290.46,,
2023-04-01,indonesia,base_forecast,legacy_ensemble,207119.2105464489,,
2023-04-01,indonesia,reference_forecast,legacy_average,51408.34065128599,,
2023-04-01,indonesia,signal,flight_capacity,463.0,,
2023-04-01,indonesia,signal,search_index,3232.96,,
2023-05-01,indonesia,base_forecast,legacy_ensemble,203387.2181604221,,
2023-05-01,indonesia,reference_forecast,legacy_average,63766.4887336165,,
2023-05-01,indonesia,signal,flight_capacity,575.0,,
2023-05-01,indonesia,signal,search_index,4587.03,,
2023-06-01,indonesia,base_forecast,legacy_ensemble,208533.5901109132,,
2023-06-01,indonesia,reference_forecast,legacy_average,136943.189087209,,
2023-06-01,indonesia,signal,flight_capacity,601.0,,
2023-06-01,indonesia,signal,search_index,17850.38709677419,,
2023-07-01,indonesia,base_forecast,legacy_ensemble,241078.6808233716,,
2023-08-01,indonesia,base_forecast,legacy_ensemble,240035.1792145992,,
2023-08-01,indonesia,recovery_forecast,legacy_final,115454.8785506817,,
2023-09-01,indonesia,base_forecast,legacy_ensemble,218850.418117296,,
2023-09-01,indonesia,recovery_forecast,legacy_final,104405.0571810106,,
2023-10-01,indonesia,base_forecast,legacy_ensemble,209186.7807855526,,
2023-10-01,indonesia,recovery_forecast,legacy_final,101209.8930970763,,
2023-11-01,indonesia,base_forecast,legacy_ensemble,191061.8070851789,,
2023-11-01,indonesia,recovery_forecast,legacy_final,90709.35678470356,,
2023-12-01,indonesia,base_forecast,legacy_ensemble,180747.8534525867,,
2023-12-01,indonesia,recovery_forecast,legacy_final,81806.80472666137,,
2024-01-01,indonesia,base_forecast,legacy_ensemble,217658.0501130899,,
2024-01-01,indonesia,recovery_forecast,legacy_final,123561.5303005678,,
2024-02-01,indonesia,base_forecast,legacy_ensemble,254655.9017739185,,
2024-02-01,indonesia,recovery_forecast,legacy_final,169651.6359615069,,
2024-03-01,indonesia,base_forecast,legacy_ensemble,213258.0669805763,,
2024-03-01,indonesia,recovery_forecast,legacy_final,126668.6484720709,,
2024-04-01,indonesia,base_forecast,legacy_ensemble,215797.9536837007,,
2024-04-01,indonesia,recovery_forecast,legacy_final,130538.9013894017,,
2024-05-01,indonesia,base_forecast,legacy_ensemble,211552.3649590183,,
2024-05-01,indonesia,recovery_forecast,legacy_final,125968.8246066178,,
2024-06-01,indonesia,base_forecast,legacy_ensemble,216805.769939908,,
2024-06-01,indonesia,recovery_forecast,legacy_final,144194.2584181065,,
2024-07-01,indonesia,base_forecast,legacy_ensemble,249243.0201080535,,
2024-07-01,indonesia,recovery_forecast,legacy_final,183156.6831947741,,
2024-07-01,indonesia,terminal_forecast,intervention_adjusted,199394.4160864428,,
2024-08-01,indonesia,base_forecast,legacy_ensemble,248176.5389074362,,
2024-09-01,indonesia,base_forecast,legacy_ensemble,226824.370427754,,
2024-10-01,indonesia,base_forecast,legacy_ensemble,217426.9730629271,,
2024-11-01,indonesia,base_forecast,legacy_ensemble,197998.6687189382,,
2024-12-01,indonesia,base_forecast,legacy_ensemble,190378.9773494278,,
1997-01-01,japan,observed,target,23402.0,,
1997-02-01,japan,observed,target,17981.0,,
1997-03-01,japan,observed,target,21737.0,,
1997-04-01,japan,observed,target,21289.0,,
1997-05-01,japan,observed,target,22495.0,,
1997-06-01,japan,observed,target,19179.0,,
1997-07-01,japan,observed,target,20884.0,,
1997-08-01,japan,observed,target,23896.0,,
1997-09-01,japan,observed,target,24163.0,,
1997-10-01,japan,observed,target,25633.0,,
1997-11-01,japan,observed,target,23484.0,,
1997-12-01,japan,observed,target,16484.0,,
1998-01-01,japan,observed,target,22454.0,,
1998-02-01,japan,observed,target,20156.0,,
1998-03-01,japan,observed,target,23411.0,,
1998-04-01,japan,observed,target,22745.0,,
1998-05-01,japan,observed,target,22480.0,,
1998-06-01,japan,observed,target,18786.0,,
1998-07-01,japan,observed,target,21140.0,,
1998-08-01,japan,observed,target,26418.0,,
1998-09-01,japan,observed,target,23779.0,,
1998-10-01,japan,observed,target,26647.0,,
1998-11-01,japan,observed,target,22894.0,,
1998-12-01,japan,observed,target,16270.0,,
1999-01-01,japan,observed,target,27581.0,,
1999-02-01,japan,observed,target,19492.0,,
1999-03-01,japan,observed,target,26271.0,,
1999-04-01,japan,observed,target,24505.0,,
1999-05-01,japan,observed,target,24180.0,,
1999-06-01,japan,observed,target,20491.0,,
1999-07-01,japan,observed,target,24047.0,,
1999-08-01,japan,observed,target,29519.0,,
1999-09-01,japan,observed,target,25875.0,,
1999-10-01,japan,observed,target,28822.0,,
1999-11-01,japan,observed,target,24465.0,,
1999-12-01,japan,observed,target,19689.0,,
2000-01-01,japan,observed,target,30983.0,,
2000-02-01,japan,observed,target,24741.0,,
2000-03-01,japan,observed,target,28311.0,,
2000-04-01,japan,observed,target,31404.0,,
2000-05-01,japan,observed,target,29541.0,,
2000-06-01,japan,observed,target,24541.0,,
2000-07-01,japan,observed,target,29053.0,,
2000-08-01,japan,observed,target,32890.0,,
2000-09-01,japan,observed,target,33584.0,,
2000-10-01,japan,observed,target,33474.0,,
2000-11-01,japan,observed,target,28972.0,,
2000-12-01,japan,observed,target,24294.0,,
2001-01-01,japan,observed,target,35000.0,,
2001-02-01,japan,observed,target,25690.0,,
2001-03-01,japan,observed,target,33380.0,,
2001-04-01,japan,observed,target,37762.0,,
2001-05-01,japan,observed,target,30667.0,,
2001-06-01,japan,observed,target,27508.0,,
2001-07-01,japan,observed,target,34900.0,,
2001-08-01,japan,observed,target,38590.0,,
2001-09-01,japan,observed,target,38255.0,,
2001-10-01,japan,observed,target,37137.0,,
2001-11-01,japan,observed,target,28492.0,,
2001-12-01,japan,observed,target,24003.0,,
2002-01-01,japan,observed,target,36398.0,,
2002-02-01,japan,observed,target,33413.0,,
2002-03-01,japan,observed,target,41046.0,,
2002-04-01,japan,observed,target,46367.0,,
2002-05-01,japan,observed,target,37436.0,,
2002-06-01,japan,observed,target,25312.0,,
2002-07-01,japan,observed,target,39051.0,,
2002-08-01,japan,observed,target,44025.0,,
2002-09-01,japan,observed,target,44753.0,,
2002-10-01,japan,observed,target,44118.0,,
2002-11-01,japan,observed,target,33201.0,,
2002-12-01,japan,observed,target,27300.0,,
2003-01-01,japan,observed,target,40824.0,,
2003-02-01,japan,observed,target,41864.0,,
2003-03-01,japan,observed,target,49676.0,,
2003-04-01,japan,observed,target,42706.0,,
2003-05-01,japan,observed,target,11280.0,,
2003-06-01,japan,observed,target,12915.0,,
2003-07-01,japan,observed,target,28767.0,,
2003-08-01,japan,observed,target,46765.0,,
2003-09-01,japan,observed,target,47303.0,,
2003-10-01,japan,observed,target,51007.0,,
2003-11-01,japan,observed,target,42929.0,,
2003-12-01,japan,observed,target,32746.0,,
2004-01-01,japan,observed,target,59645.0,,
2004-02-01,japan,observed,target,37906.0,,
2004-03-01,japan,observed,target,55370.0,,
2004-04-01,japan,observed,target,56782.0,,
2004-05-01,japan,observed,target,47561.0,,
2004-06-01,japan,observed,target,41477.0,,
2004-07-01,japan,observed,target,56512.0,,
2004-08-01,japan,observed,target,60316.0,,
2004-09-01,japan,observed,target,58031.0,,
2004-10-01,japan,observed,target,56111.0,,
2004-11-01,japan,observed,target,47522.0,,
2004-12-01,japan,observed,target,38776.0,,
2005-01-01,japan,observed,target,48412.0,,
2005-02-01,japan,observed,target,51101.0,,
2005-03-01,japan,observed,target,50649.0,,
2005-04-01,japan,observed,target,56321.0,,
2005-05-01,japan,observed,target,50721.0,,
2005-06-01,japan,observed,target,44086.0,,
2005-07-01,japan,observed,target,60844.0,,
2005-08-01,japan,observed,target,65026.0,,
2005-09-01,japan,observed,target,66216.0,,
2005-10-01,japan,observed,target,61239.0,,
2005-11-01,japan,observed,target,52670.0,,
2005-12-01,japan,observed,target,45535.0,,
2006-01-01,japan,observed,target,68854.0,,
2006-02-01,japan,observed,target,55842.0,,
2006-03-01,japan,observed,target,70491.0,,
2006-04-01,japan,observed,target,73932.0,,
2006-05-01,japan,observed,target,64298.0,,
2006-06-01,japan,observed,target,51243.0,,
2006-07-01,japan,observed,target,81476.0,,
2006-08-01,japan,observed,target,81117.0,,
2006-09-01,japan,observed,target,75161.0,,
2006-10-01,japan,observed,target,76381.0,,
2006-11-01,japan,observed,target,62997.0,,
2006-12-01,japan,observed,target,49883.0,,
2007-01-01,japan,observed,target,63093.0,,
2007-02-01,japan,observed,target,75246.0,,
2007-03-01,japan,observed,target,84323.0,,
2007-04-01,japan,observed,target,79778.0,,
2007-05-01,japan,observed,target,70212.0,,
2007-06-01,japan,observed,target,61800.0,,
2007-07-01,japan,observed,target,101370.0,,
2007-08-01,japan,observed,target,99355.0,,
2007-09-01,japan,observed,target,93068.0,,
2007-10-01,japan,observed,target,91186.0,,
2007-11-01,japan,observed,target,69597.0,,
2007-12-01,japan,observed,target,53411.0,,
2008-01-01,japan,observed,target,84038.0,,
2008-02-01,japan,observed,target,85134.0,,
2008-03-01,japan,observed,target,90850.0,,
2008-04-01,japan,observed,target,103013.0,,
2008-05-01,japan,observed,target,74637.0,,
2008-06-01,japan,observed,target,61355.0,,
2008-07-01,japan,observed,target,101192.0,,
2008-08-01,japan,observed,target,92976.0,,
2008-09-01,japan,observed,target,93921.0,,
2008-10-01,japan,observed,target,86570.0,,
2008-11-01,japan,observed,target,73131.0,,
2008-12-01,japan,observed,target,53599.0,,
2009-01-01,japan,observed,target,110262.0,,
2009-02-01,japan,observed,target,62981.0,,
2009-03-01,japan,observed,target,100951.0,,
2009-04-01,japan,observed,target,106816.0,,
2009-05-01,japan,observed,target,60530.0,,
2009-06-01,japan,observed,target,36597.0,,
2009-07-01,japan,observed,target,67944.0,,
2009-08-01,japan,observed,target,109017.0,,
2009-09-01,japan,observed,target,98697.0,,
2009-10-01,japan,observed,target,108301.0,,
2009-11-01,japan,observed,target,81462.0,,
2009-12-01,japan,observed,target,62527.0,,
2010-01-01,japan,observed,target,92120.0,,
2010-02-01,japan,observed,target,121494.0,,
2010-03-01,japan,observed,target,123314.0,,
2010-04-01,japan,observed,target,150788.0,,
2010-05-01,japan,observed,target,112558.0,,
2010-06-01,japan,observed,target,103706.0,,
2010-07-01,japan,observed,target,164944.0,,
2010-08-01,japan,observed,target,171503.0,,
2010-09-01,japan,observed,target,137333.0,,
2010-10-01,japan,observed,target,106237.0,,
2010-11-01,japan,observed,target,68385.0,,
2010-12-01,japan,observed,target,60493.0,,
2011-01-01,japan,observed,target,99131.0,,
2011-02-01,japan,observed,target,105362.0,,
2011-02-01,japan,signal,search_index,3203.39,,
2011-03-01,japan,observed,target,62449.0,,
2011-03-01,japan,signal,search_index,3871.82,,
2011-04-01,japan,observed,target,76164.0,,
2011-04-01,japan,signal,search_index,4324.13,,
2011-05-01,japan,observed,target,58608.0,,
2011-05-01,japan,signal,search_index,2492.690000000001,,
2011-06-01,japan,observed,target,61419.0,,
2011-06-01,japan,signal,search_index,3347.5,,
2011-07-01,japan,observed,target,86963.0,,
2011-07-01,japan,signal,search_index,4370.9,,
2011-08-01,japan,observed,target,102640.0,,
2011-08-01,japan,signal,search_index,4058.340000000001,,
2011-09-01,japan,observed,target,112493.0,,
2011-09-01,japan,signal,search_index,4264.22,,
2011-10-01,japan,observed,target,106174.0,,
2011-10-01,japan,signal,search_index,4879.75,,
2011-11-01,japan,observed,target,92154.0,,
2011-11-01,japan,signal,search_index,4424.709999999999,,
2011-12-01,japan,observed,target,79688.0,,
2011-12-01,japan,signal,search_index,4631.68,,
2012-01-01,japan,observed,target,138351.0,,
2012-01-01,japan,signal,search_index,4461.59,,
2012-02-01,japan,observed,target,82667.0,,
2012-02-01,japan,signal,search_index,4043.680000000001,,
2012-03-01,japan,observed,target,130293.0,,
2012-03-01,japan,signal,search_index,6049.27,,
2012-04-01,japan,observed,target,149542.0,,
2012-04-01,japan,signal,search_index,5690.140000000001,,
2012-05-01,japan,observed,target,113349.0,,
2012-05-01,japan,signal,search_index,5103.63,,
2012-06-01,japan,observed,target,125943.0,,
2012-06-01,japan,signal,search_index,5121.74,,
2012-07-01,japan,observed,target,204152.0,,
2012-07-01,japan,signal,search_index,5457.099999999999,,
2012-08-01,japan,observed,target,190143.0,,
2012-08-01,japan,signal,search_index,5860.799999999999,,
2012-09-01,japan,observed,target,121550.0,,
2012-09-01,japan,signal,search_index,5237.719999999999,,
2012-10-01,japan,observed,target,69631.0,,
2012-10-01,japan,signal,search_index,4226.33,,
2012-11-01,japan,observed,target,51898.0,,
2012-11-01,japan,signal,search_index,3599.65,,
2012-12-01,japan,observed,target,52336.0,,
2012-12-01,japan,signal,search_index,3663.3,,
2013-01-01,japan,observed,target,72301.0,,
2013-01-01,japan,signal,search_index,3999.55,,
2013-02-01,japan,observed,target,80903.0,,
2013-02-01,japan,signal,search_index,3871.16,,
2013-03-01,japan,observed,target,102265.0,,
2013-03-01,japan,signal,search_index,4178.39,,
2013-04-01,japan,observed,target,100160.0,,
2013-04-01,japan,signal,search_index,4831.43,,
2013-05-01,japan,observed,target,81571.0,,
2013-05-01,japan,signal,search_index,4986.760000000001,,
2013-06-01,japan,observed,target,98996.0,,
2013-06-01,japan,signal,search_index,5226.57,,
2013-07-01,japan,observed,target,139905.0,,
2013-07-01,japan,signal,search_index,5945.070000000002,,
2013-08-01,japan,observed,target,162288.0,,
2013-08-01,japan,signal,search_index,6232.960000000001,,
2013-09-01,japan,observed,target,156201.0,,
2013-09-01,japan,signal,search_index,5980.819999999999,,
2013-10-01,japan,observed,target,121335.0,,
2013-10-01,japan,signal,search_index,5613.94,,
2013-11-01,japan,observed,target,177949.0,,
2013-11-01,japan,signal,search_index,5606.48,,
2013-12-01,japan,observed,target,96572.0,,
2013-12-01,japan,signal,search_index,5192.539999999999,,
2014-01-01,japan,observed,target,155605.0,,
2014-01-01,japan,signal,search_index,5344.27,,
2014-02-01,japan,observed,target,138236.0,,
2014-02-01,japan,signal,search_index,5370.860000000001,,
2014-03-01,japan,observed,target,184064.0,,
2014-03-01,japan,signal,search_index,6912.320000000001,,
2014-04-01,japan,observed,target,190558.0,,
2014-04-01,japan,signal,search_index,7133.539999999999,,
2014-05-01,japan,observed,target,165784.0,,
2014-05-01,japan,signal,search_index,7197.490000000001,,
2014-06-01,japan,observed,target,173046.0,,
2014-06-01,japan,signal,search_index,7571.35,,
2014-07-01,japan,observed,target,281309.0,,
2014-07-01,japan,signal,search_index,8459.24,,
2014-08-01,japan,observed,target,253802.0,,
2014-08-01,japan,signal,search_index,8734.17,,
2014-09-01,japan,observed,target,220797.0,,
2014-09-01,japan,signal,search_index,8494.42,,
2014-10-01,japan,observed,target,223214.0,,
2014-10-01,japan,signal,search_index,8068.889999999999,,
2014-11-01,japan,observed,target,236520.0,,
2014-11-01,japan,signal,search_index,8511.39,,
2014-12-01,japan,observed,target,189973.0,,
2014-12-01,japan,signal,search_index,8801.25,,
2015-01-01,japan,observed,target,226214.0,,
2015-01-01,japan,signal,search_index,9350.159999999998,,
2015-02-01,japan,observed,target,359080.0,,
2015-02-01,japan,signal,search_index,10951.9,,
2015-03-01,japan,observed,target,338200.0,,
2015-03-01,japan,signal,search_index,10976.78,,
2015-04-01,japan,observed,target,335140.0,,
2015-04-01,japan,signal,search_index,12730.06,,
2015-05-01,japan,observed,target,387170.0,,
2015-05-01,japan,signal,search_index,11805.4,,
2015-06-01,japan,observed,target,462248.0,,
2015-06-01,japan,signal,search_index,11612.35,,
2015-07-01,japan,observed,target,576868.0,,
2015-07-01,japan,signal,search_index,13133.95,,
2015-08-01,japan,observed,target,591510.0,,
2015-08-01,japan,signal,search_index,14773.8,,
2015-09-01,japan,observed,target,491201.0,,
2015-09-01,japan,signal,search_index,13667.88,,
2015-10-01,japan,observed,target,445600.0,,
2015-10-01,japan,signal,search_index,11458.29,,
2015-11-01,japan,observed,target,362950.0,,
2015-11-01,japan,signal,search_index,11193.86,,
2015-12-01,japan,observed,target,347034.0,,
2015-12-01,japan,signal,search_index,10881.42,,
2016-01-01,japan,observed,target,475115.0,,
2016-01-01,japan,signal,search_index,11026.39,,
2016-02-01,japan,observed,target,498903.0,,
2016-02-01,japan,signal,search_index,11835.84,,
2016-03-01,japan,observed,target,498053.0,,
2016-03-01,japan,signal,search_index,13241.57,,
2016-04-01,japan,observed,target,514866.0,,
2016-04-01,japan,signal,search_index,12908.23,,
2016-05-01,japan,observed,target,507095.0,,
2016-05-01,japan,signal,search_index,12220.16,,
2016-06-01,japan,observed,target,582452.0,,
2016-06-01,japan,signal,search_index,11962.36,,
2016-07-01,japan,observed,target,731386.0,,
2016-07-01,japan,signal,search_index,12732.69,,
2016-08-01,japan,observed,target,676966.0,,
2016-08-01,japan,signal,search_index,12767.32,,
2016-09-01,japan,observed,target,522302.0,,
2016-09-01,japan,signal,search_index,13007.5,,
2016-10-01,japan,observed,target,506162.0,,
2016-10-01,japan,signal,search_index,11081.44,,
2016-11-01,japan,observed,target,432802.0,,
2016-11-01,japan,signal,search_index,11327.08,,
2016-12-01,japan,observed,target,427462.0,,
2016-12-01,japan,signal,search_index,10995.5,,
2017-01-01,japan,observed,target,630570.0,,
2017-01-01,japan,signal,search_index,11426.71,,
2017-02-01,japan,observed,target,509090.0,,
2017-02-01,japan,signal,search_index,11018.3,,
2017-03-01,japan,observed,target,508979.0,,
2017-03-01,japan,signal,search_index,12192.07,,
2017-04-01,japan,observed,target,528781.0,,
2017-04-01,japan,signal,search_index,10761.04,,
2017-05-01,japan,observed,target,517038.0,,
2017-05-01,japan,signal,search_index,10495.9,,
2017-06-01,japan,observed,target,587193.0,,
2017-06-01,japan,signal,search_index,11807.6,,
2017-07-01,japan,observed,target,780771.0,,
2017-07-01,japan,signal,search_index,12754.74,,
2017-08-01,japan,observed,target,819855.0,,
2017-08-01,japan,signal,search_index,13195.84,,
2017-09-01,japan,observed,target,678313.0,,
2017-09-01,japan,signal,search_index,12921.43,,
2017-10-01,japan,observed,target,663815.0,,
2017-10-01,japan,signal,search_index,11756.62,,
2017-11-01,japan,observed,target,567149.0,,
2017-11-01,japan,signal,search_index,10698.14,,
2017-12-01,japan,observed,target,564264.0,,
2017-12-01,japan,signal,search_index,10694.6,,
2018-01-01,japan,observed,target,632304.0,,
2018-01-01,japan,signal,search_index,10869.83,,
2018-02-01,japan,observed,target,716333.0,,
2018-02-01,japan,signal,search_index,11316.14,,
2018-03-01,japan,observed,target,594920.0,,
2018-03-01,japan,signal,search_index,11139.97,,
2018-04-01,japan,observed,target,683377.0,,
2018-04-01,japan,signal,search_index,12146.93,,
2018-05-01,japan,observed,target,668600.0,,
2018-05-01,japan,signal,search_index,11279.53,,
2018-06-01,japan,observed,target,760949.0,,
2018-06-01,japan,signal,search_index,11434.84,,
2018-07-01,japan,observed,target,879097.0,,
2018-07-01,japan,signal,search_index,12429.82,,
2018-08-01,japan,observed,target,860121.0,,
2018-08-01,japan,signal,search_index,12115.82,,
2018-09-01,japan,observed,target,652740.0,,
2018-09-01,japan,signal,search_index,11539.55,,
2018-10-01,japan,observed,target,715255.0,,
2018-10-01,japan,signal,search_index,10823.91,,
2018-11-01,japan,observed,target,617252.0,,
2018-11-01,japan,signal,search_index,10283.16,,
2018-12-01,japan,observed,target,599086.0,,
2018-12-01,japan,signal,search_index,10915.41,,
2019-01-01,japan,observed,target,754421.0,,
2019-01-01,japan,signal,flight_capacity,12521.0,,
2019-01-01,japan,signal,search_index,11225.06,,
2019-02-01,japan,observed,target,723617.0,,
2019-02-01,japan,signal,flight_capacity,11737.0,,
2019-02-01,japan,signal,search_index,11589.93,,
2019-03-01,japan,observed,target,691279.0,,
2019-03-01,japan,signal,flight_capacity,12424.0,,
2019-03-01,japan,signal,search_index,12982.8,,
2019-04-01,japan,observed,target,726132.0,,
2019-04-01,japan,signal,flight_capacity,12452.0,,
2019-04-01,japan,signal,search_index,12203.9,,
2019-05-01,japan,observed,target,756365.0,,
2019-05-01,japan,signal,flight_capacity,12882.0,,
2019-05-01,japan,signal,search_index,11318.92,,
2019-06-01,japan,observed,target,880651.0,,
2019-06-01,japan,signal,flight_capacity,12570.0,,
2019-06-01,japan,signal,search_index,10777.22,,
2019-07-01,japan,observed,target,1050420.0,,
2019-07-01,japan,signal,flight_capacity,13359.0,,
2019-07-01,japan,signal,search_index,12142.84,,
2019-08-01,japan,observed,target,1000639.0,,
2019-08-01,japan,signal,flight_capacity,13605.0,,
2019-08-01,japan,signal,search_index,11638.17,,
2019-09-01,japan,observed,target,819054.0,,
2019-09-01,japan,signal,flight_capacity,13340.0,,
2019-09-01,japan,signal,search_index,10686.07,,
2019-10-01,japan,observed,target,730631.0,,
2019-10-01,japan,signal,flight_capacity,13814.0,,
2019-10-01,japan,signal,search_index,10138.77,,
2019-11-01,japan,observed,target,750951.0,,
2019-11-01,japan,signal,flight_capacity,13861.0,,
2019-11-01,japan,signal,search_index,9377.16,,
2019-12-01,japan,observed,target,710234.0,,
2019-12-01,japan,signal,flight_capacity,15406.0,,
2019-12-01,japan,signal,search_index,9583.259999999998,,
2020-01-01,japan,observed,target,924790.0,,
2020-01-01,japan,signal,flight_capacity,15060.0,,
2020-01-01,japan,signal,search_index,10009.77,,
2020-02-01,japan,observed,target,87220.0,,
2020-02-01,japan,signal,flight_capacity,8097.0,,
2020-02-01,japan,signal,search_index,9166.42,,
2020-03-01,japan,observed,target,10365.0,,
2020-03-01,japan,signal,flight_capacity,2207.0,,
2020-03-01,japan,signal,search_index,7486.89,,
2020-04-01,japan,observed,target,163.0,,
2020-04-01,japan,signal,flight_capacity,605.0,,
2020-04-01,japan,signal,search_index,5885.94,,
2020-05-01,japan,observed,target,25.0,,
2020-05-01,japan,signal,flight_capacity,679.0,,
2020-05-01,japan,signal,search_index,4412.57,,
2020-06-01,japan,observed,target,334.0,,
2020-06-01,japan,signal,flight_capacity,521.0,,
2020-06-01,japan,signal,search_index,4160.4,,
2020-07-01,japan,observed,target,785.0,,
2020-07-01,japan,signal,flight_capacity,654.0,,
2020-07-01,japan,signal,search_index,3983.07,,
2020-08-01,japan,observed,target,1606.0,,
2020-08-01,japan,signal,flight_capacity,625.0,,
2020-08-01,japan,signal,search_index,4046.240000000001,,
2020-09-01,japan,observed,target,767.0,,
2020-09-01,japan,signal,flight_capacity,584.0,,
2020-09-01,japan,signal,search_index,4177.700000000001,,
2020-10-01,japan,observed,target,4502.0,,
2020-10-01,japan,signal,flight_capacity,711.0,,
2020-10-01,japan,signal,search_index,3976.839999999999,,
2020-11-01,japan,observed,target,18147.0,,
2020-11-01,japan,signal,flight_capacity,722.0,,
2020-11-01,japan,signal,search_index,4004.2,,
2020-12-01,japan,observed,target,18365.0,,
2020-12-01,japan,signal,flight_capacity,889.0,,
2020-12-01,japan,signal,search_index,4064.56,,
2021-01-01,japan,observed,target,10225.0,,
2021-01-01,japan,signal,flight_capacity,951.0,,
2021-01-01,japan,signal,search_index,3953.44,,
2021-02-01,japan,observed,target,1747.0,,
2021-02-01,japan,signal,flight_capacity,630.0,,
2021-02-01,japan,signal,search_index,3578.69,,
2021-03-01,japan,observed,target,3951.0,,
2021-03-01,japan,signal,flight_capacity,794.0,,
2021-03-01,japan,signal,search_index,4058.75,,
2021-04-01,japan,observed,target,3271.0,,
2021-04-01,japan,signal,flight_capacity,672.0,,
2021-04-01,japan,signal,search_index,4246.42,,
2021-05-01,japan,observed,target,1823.0,,
2021-05-01,japan,signal,flight_capacity,558.0,,
2021-05-01,japan,signal,search_index,3918.030000000001,,
2021-06-01,japan,observed,target,1973.0,,
2021-06-01,japan,signal,flight_capacity,476.0,,
2021-06-01,japan,signal,search_index,3569.69,,
2021-07-01,japan,observed,target,3931.0,,
2021-07-01,japan,signal,flight_capacity,468.0,,
2021-07-01,japan,signal,search_index,3418.74,,
2021-08-01,japan,observed,target,2396.0,,
2021-08-01,japan,signal,flight_capacity,405.0,,
2021-08-01,japan,signal,search_index,3677.09,,
2021-09-01,japan,observed,target,3960.0,,
2021-09-01,japan,signal,flight_capacity,433.0,,
2021-09-01,japan,signal,search_index,3501.43,,
2021-10-01,japan,observed,target,4009.0,,
2021-10-01,japan,signal,flight_capacity,388.0,,
2021-10-01,japan,signal,search_index,3219.13,,
2021-11-01,japan,observed,target,3189.0,,
2021-11-01,japan,signal,flight_capacity,492.0,,
2021-11-01,japan,signal,search_index,3127.13,,
2021-12-01,japan,observed,target,1764.0,,
2021-12-01,japan,signal,flight_capacity,451.0,,
2021-12-01,japan,signal,search_index,3237.59,,
2022-01-01,japan,observed,target,1490.0,,
2022-01-01,japan,signal,flight_capacity,573.0,,
2022-01-01,japan,signal,search_index,3086.7,,
2022-02-01,japan,observed,target,2359.0,,
2022-02-01,japan,signal,flight_capacity,562.0,,
2022-02-01,japan,signal,search_index,3032.0,,
2022-03-01,japan,observed,target,9799.0,,
2022-03-01,japan,signal,flight_capacity,668.0,,
2022-03-01,japan,signal,search_index,3499.0,,
2022-04-01,japan,observed,target,22371.0,,
2022-04-01,japan,signal,flight_capacity,623.0,,
2022-04-01,japan,signal,search_index,4035.32,,
2022-05-01,japan,observed,target,17643.0,,
2022-05-01,japan,signal,flight_capacity,623.0,,
2022-05-01,japan,signal,search_index,4046.21,,
2022-06-01,japan,observed,target,14657.0,,
2022-06-01,japan,signal,flight_capacity,723.0,,
2022-06-01,japan,signal,search_index,3884.7,,
2022-07-01,japan,observed,target,14803.0,,
2022-07-01,japan,signal,flight_capacity,841.0,,
2022-07-01,japan,signal,search_index,3585.98,,
2022-08-01,japan,observed,target,12332.0,,
2022-08-01,japan,signal,flight_capacity,836.0,,
2022-08-01,japan,signal,search_index,3494.3,,
2022-09-01,japan,observed,target,17590.0,,
2022-09-01,japan,signal,flight_capacity,941.0,,
2022-09-01,japan,signal,search_index,3042.17,,
2022-10-01,japan,observed,target,21498.0,,
2022-10-01,japan,signal,flight_capacity,1402.0,,
2022-10-01,japan,signal,search_index,3096.84,,
2022-11-01,japan,observed,target,21016.0,,
2022-11-01,japan,signal,flight_capacity,2236.0,,
2022-11-01,japan,signal,search_index,3307.84,,
2022-12-01,japan,observed,target,33567.0,,
2022-12-01,japan,signal,flight_capacity,3062.0,,
2022-12-01,japan,signal,search_index,3426.61,,
2023-01-01,japan,base_forecast,legacy_ensemble,805680.7297671936,,
2023-01-01,japan,observed,target,31200.0,,
2023-01-01,japan,reference_forecast,legacy_average,31538.14285714286,,
2023-01-01,japan,signal,flight_capacity,3859.0,,
2023-01-01,japan,signal,search_index,3961.55,,
2023-02-01,japan,base_forecast,legacy_ensemble,809180.5663425901,,
2023-02-01,japan,observed,target,36200.0,,
2023-02-01,japan,reference_forecast,legacy_average,35485.71428571429,,
2023-02-01,japan,signal,flight_capacity,3516.0,,
2023-02-01,japan,signal,search_index,4698.45,,
2023-03-01,japan,base_forecast,legacy_ensemble,781594.3709613839,,
2023-03-01,japan,reference_forecast,legacy_average,43107.80909500814,,
2023-03-01,japan,signal,flight_capacity,4037.0,,
2023-03-01,japan,signal,search_index,5094.53,,
2023-04-01,japan,base_forecast,legacy_ensemble,818273.7188680692,,
2023-04-01,japan,reference_forecast,legacy_average,54694.70669336343,,
2023-04-01,japan,signal,flight_capacity,5288.0,,
2023-04-01,japan,signal,search_index,5358.530000000001,,
2023-05-01,japan,base_forecast,legacy_ensemble,811360.2438663534,,
2023-05-01,japan,reference_forecast,legacy_average,62734.57183130944,,
2023-05-01,japan,signal,flight_capacity,6074.0,,
2023-05-01,japan,signal,search_index,5719.4,,
2023-06-01,japan,base_forecast,legacy_ensemble,905966.5469251618,,
2023-06-01,japan,reference_forecast,legacy_average,71023.59493898918,,
2023-06-01,japan,signal,flight_capacity,6710.0,,
2023-06-01,japan,signal,search_index,5783.387096774193,,
2023-07-01,japan,base_forecast,legacy_ensemble,1070523.655957323,,
2023-08-01,japan,base_forecast,legacy_ensemble,1059779.572619102,,
2023-08-01,japan,recovery_forecast,legacy_final,226284.2320998723,,
2023-09-01,japan,base_forecast,legacy_ensemble,883157.4262982407,,
2023-09-01,japan,recovery_forecast,legacy_final,232445.6640286896,,
2023-10-01,japan,base_forecast,legacy_ensemble,844965.2399799102,,
2023-10-01,japan,recovery_forecast,legacy_final,251482.6612190243,,
2023-11-01,japan,base_forecast,legacy_ensemble,806205.9850366308,,
2023-11-01,japan,recovery_forecast,legacy_final,265048.8189918454,,
2023-12-01,japan,base_forecast,legacy_ensemble,758234.2965141613,,
2023-12-01,japan,recovery_forecast,legacy_final,236866.6889935026,,
2024-01-01,japan,base_forecast,legacy_ensemble,894437.0856609027,,
2024-01-01,japan,recovery_forecast,legacy_final,370885.6884561615,,
2024-02-01,japan,base_forecast,legacy_ensemble,905180.1519113744,,
2024-02-01,japan,recovery_forecast,legacy_final,405729.4597656333,,
2024-03-01,japan,base_forecast,legacy_ensemble,870664.378023543,,
2024-03-01,japan,recovery_forecast,legacy_final,464247.3333945801,,
2024-04-01,japan,base_forecast,legacy_ensemble,906969.9436473561,,
2024-04-01,japan,recovery_forecast,legacy_final,516900.8707660618,,
2024-05-01,japan,base_forecast,legacy_ensemble,895491.2289309554,,
2024-05-01,japan,recovery_forecast,legacy_final,505476.3201527978,,
2024-06-01,japan,base_forecast,legacy_ensemble,994175.2154753696,,
2024-06-01,japan,recovery_forecast,legacy_final,584269.4970636868,,
2024-07-01,japan,base_forecast,legacy_ensemble,1170218.165280284,,
2024-07-01,japan,recovery_forecast,legacy_final,797335.4935836401,,
2024-07-01,japan,terminal_forecast,intervention_adjusted,936174.5322242272,,
2024-08-01,japan,base_forecast,legacy_ensemble,1163679.808877982,,
2024-09-01,japan,base_forecast,legacy_ensemble,970634.8103816899,,
2024-10-01,japan,base_forecast,legacy_ensemble,930398.0853518,,
2024-11-01,japan,base_forecast,legacy_ensemble,891476.396734284,,
2024-12-01,japan,base_forecast,legacy_ensemble,841771.3359727982,,
1998-01-01,korea_rok,observed,target,14402.0,,
1998-02-01,korea_rok,observed,target,14633.0,,
1998-03-01,korea_rok,observed,target,16298.0,,
1998-04-01,korea_rok,observed,target,14903.0,,
1998-05-01,korea_rok,observed,target,17298.0,,
1998-06-01,korea_rok,observed,target,16630.0,,
1998-07-01,korea_rok,observed,target,17079.0,,
1998-08-01,korea_rok,observed,target,19246.0,,
1998-09-01,korea_rok,observed,target,18939.0,,
1998-10-01,korea_rok,observed,target,19819.0,,
1998-11-01,korea_rok,observed,target,20311.0,,
1998-12-01,korea_rok,observed,target,21104.0,,
1999-01-01,korea_rok,observed,target,19458.0,,
1999-02-01,korea_rok,observed,target,23978.0,,
1999-03-01,korea_rok,observed,target,21825.0,,
1999-04-01,korea_rok,observed,target,23366.0,,
1999-05-01,korea_rok,observed,target,28028.0,,
1999-06-01,korea_rok,observed,target,26380.0,,
1999-07-01,korea_rok,observed,target,27719.0,,
1999-08-01,korea_rok,observed,target,30786.0,,
1999-09-01,korea_rok,observed,target,29294.0,,
1999-10-01,korea_rok,observed,target,30700.0,,
1999-11-01,korea_rok,observed,target,26915.0,,
1999-12-01,korea_rok,observed,target,28190.0,,
2000-01-01,korea_rok,observed,target,32309.0,,
2000-02-01,korea_rok,observed,target,34802.0,,
2000-03-01,korea_rok,observed,target,32249.0,,
2000-04-01,korea_rok,observed,target,36001.0,,
2000-05-01,korea_rok,observed,target,42578.0,,
2000-06-01,korea_rok,observed,target,34333.0,,
2000-07-01,korea_rok,observed,target,40065.0,,
2000-08-01,korea_rok,observed,target,45180.0,,
2000-09-01,korea_rok,observed,target,38679.0,,
2000-10-01,korea_rok,observed,target,38344.0,,
2000-11-01,korea_rok,observed,target,32280.0,,
2000-12-01,korea_rok,observed,target,35974.0,,
2001-01-01,korea_rok,observed,target,42890.0,,
2001-02-01,korea_rok,observed,target,30853.0,,
2001-03-01,korea_rok,observed,target,33234.0,,
2001-04-01,korea_rok,observed,target,37729.0,,
2001-05-01,korea_rok,observed,target,43723.0,,
2001-06-01,korea_rok,observed,target,37087.0,,
2001-07-01,korea_rok,observed,target,42896.0,,
2001-08-01,korea_rok,observed,target,49532.0,,
2001-09-01,korea_rok,observed,target,39973.0,,
2001-10-01,korea_rok,observed,target,48270.0,,
2001-11-01,korea_rok,observed,target,37905.0,,
2001-12-01,korea_rok,observed,target,38135.0,,
2002-01-01,korea_rok,observed,target,33783.0,,
2002-02-01,korea_rok,observed,target,46477.0,,
2002-03-01,korea_rok,observed,target,38929.0,,
2002-04-01,korea_rok,observed,target,41251.0,,
2002-05-01,korea_rok,observed,target,42326.0,,
2002-06-01,korea_rok,observed,target,61256.0,,
2002-07-01,korea_rok,observed,target,38927.0,,
2002-08-01,korea_rok,observed,target,50036.0,,
2002-09-01,korea_rok,observed,target,50592.0,,
2002-10-01,korea_rok,observed,target,57501.0,,
2002-11-01,korea_rok,observed,target,40036.0,,
2002-12-01,korea_rok,observed,target,38352.0,,
2003-01-01,korea_rok,observed,target,35851.0,,
2003-02-01,korea_rok,observed,target,47062.0,,
2003-03-01,korea_rok,observed,target,40687.0,,
2003-04-01,korea_rok,observed,target,32852.0,,
2003-05-01,korea_rok,observed,target,20759.0,,
2003-06-01,korea_rok,observed,target,25213.0,,
2003-07-01,korea_rok,observed,target,39023.0,,
2003-08-01,korea_rok,observed,target,54971.0,,
2003-09-01,korea_rok,observed,target,54932.0,,
2003-10-01,korea_rok,observed,target,58477.0,,
2003-11-01,korea_rok,observed,target,51436.0,,
2003-12-01,korea_rok,observed,target,51505.0,,
2004-01-01,korea_rok,observed,target,54966.0,,
2004-02-01,korea_rok,observed,target,42682.0,,
2004-03-01,korea_rok,observed,target,44632.0,,
2004-04-01,korea_rok,observed,target,52630.0,,
2004-05-01,korea_rok,observed,target,56581.0,,
2004-06-01,korea_rok,observed,target,49838.0,,
2004-07-01,korea_rok,observed,target,54860.0,,
2004-08-01,korea_rok,observed,target,60832.0,,
2004-09-01,korea_rok,observed,target,51000.0,,
2004-10-01,korea_rok,observed,target,59731.0,,
2004-11-01,korea_rok,observed,target,51569.0,,
2004-12-01,korea_rok,observed,target,47943.0,,
2005-01-01,korea_rok,observed,target,44948.0,,
2005-02-01,korea_rok,observed,target,56652.0,,
2005-03-01,korea_rok,observed,target,48761.0,,
2005-04-01,korea_rok,observed,target,55712.0,,
2005-05-01,korea_rok,observed,target,62090.0,,
2005-06-01,korea_rok,observed,target,54329.0,,
2005-07-01,korea_rok,observed,target,64390.0,,
2005-08-01,korea_rok,observed,target,71843.0,,
2005-09-01,korea_rok,observed,target,64351.0,,
2005-10-01,korea_rok,observed,target,73367.0,,
2005-11-01,korea_rok,observed,target,58032.0,,
2005-12-01,korea_rok,observed,target,55768.0,,
2006-01-01,korea_rok,observed,target,55280.0,,
2006-02-01,korea_rok,observed,target,59902.0,,
2006-03-01,korea_rok,observed,target,64902.0,,
2006-04-01,korea_rok,observed,target,86031.0,,
2006-05-01,korea_rok,observed,target,73345.0,,
2006-06-01,korea_rok,observed,target,67933.0,,
2006-07-01,korea_rok,observed,target,83137.0,,
2006-08-01,korea_rok,observed,target,95039.0,,
2006-09-01,korea_rok,observed,target,89708.0,,
2006-10-01,korea_rok,observed,target,86015.0,,
2006-11-01,korea_rok,observed,target,73086.0,,
2006-12-01,korea_rok,observed,target,62591.0,,
2007-01-01,korea_rok,observed,target,56885.0,,
2007-02-01,korea_rok,observed,target,76928.0,,
2007-03-01,korea_rok,observed,target,73847.0,,
2007-04-01,korea_rok,observed,target,83293.0,,
2007-05-01,korea_rok,observed,target,83845.0,,
2007-06-01,korea_rok,observed,target,78664.0,,
2007-07-01,korea_rok,observed,target,95666.0,,
2007-08-01,korea_rok,observed,target,120504.0,,
2007-09-01,korea_rok,observed,target,105324.0,,
2007-10-01,korea_rok,observed,target,109810.0,,
2007-11-01,korea_rok,observed,target,93621.0,,
2007-12-01,korea_rok,observed,target,90538.0,,
2008-01-01,korea_rok,observed,target,80677.0,,
2008-02-01,korea_rok,observed,target,109623.0,,
2008-03-01,korea_rok,observed,target,104662.0,,
2008-04-01,korea_rok,observed,target,97721.0,,
2008-05-01,korea_rok,observed,target,91110.0,,
2008-06-01,korea_rok,observed,target,75460.0,,
2008-07-01,korea_rok,observed,target,101061.0,,
2008-08-01,korea_rok,observed,target,115042.0,,
2008-09-01,korea_rok,observed,target,112988.0,,
2008-10-01,korea_rok,observed,target,104710.0,,
2008-11-01,korea_rok,observed,target,88916.0,,
2008-12-01,korea_rok,observed,target,85921.0,,
2009-01-01,korea_rok,observed,target,93007.0,,
2009-02-01,korea_rok,observed,target,127979.0,,
2009-03-01,korea_rok,observed,target,111915.0,,
2009-04-01,korea_rok,observed,target,107872.0,,
2009-05-01,korea_rok,observed,target,86392.0,,
2009-06-01,korea_rok,observed,target,77830.0,,
2009-07-01,korea_rok,observed,target,107490.0,,
2009-08-01,korea_rok,observed,target,160424.0,,
2009-09-01,korea_rok,observed,target,126793.0,,
2009-10-01,korea_rok,observed,target,138898.0,,
2009-11-01,korea_rok,observed,target,102329.0,,
2009-12-01,korea_rok,observed,target,101388.0,,
2010-01-01,korea_rok,observed,target,91252.0,,
2010-02-01,korea_rok,observed,target,140571.0,,
2010-03-01,korea_rok,observed,target,141457.0,,
2010-04-01,korea_rok,observed,target,147680.0,,
2010-05-01,korea_rok,observed,target,154066.0,,
2010-06-01,korea_rok,observed,target,150119.0,,
2010-07-01,korea_rok,observed,target,195188.0,,
2010-08-01,korea_rok,observed,target,241987.0,,
2010-09-01,korea_rok,observed,target,176196.0,,
2010-10-01,korea_rok,observed,target,181428.0,,
2010-11-01,korea_rok,observed,target,136152.0,,
2010-12-01,korea_rok,observed,target,119061.0,,
2011-01-01,korea_rok,observed,target,113927.0,,
2011-02-01,korea_rok,observed,target,157019.0,,
2011-02-01,korea_rok,signal,search_index,3268.86,,
2011-03-01,korea_rok,observed,target,163261.0,,
2011-03-01,korea_rok,signal,search_index,3749.9,,
2011-04-01,korea_rok,observed,target,153875.0,,
2011-04-01,korea_rok,signal,search_index,4104.3,,
2011-05-01,korea_rok,observed,target,152347.0,,
2011-05-01,korea_rok,signal,search_index,3941.63,,
2011-06-01,korea_rok,observed,target,179508.0,,
2011-06-01,korea_rok,signal,search_index,4482.9,,
2011-07-01,korea_rok,observed,target,244573.0,,
2011-07-01,korea_rok,signal,search_index,5286.27,,
2011-08-01,korea_rok,observed,target,276299.0,,
2011-08-01,korea_rok,signal,search_index,6211.42,,
2011-09-01,korea_rok,observed,target,231462.0,,
2011-09-01,korea_rok,signal,search_index,6133.010000000001,,
2011-10-01,korea_rok,observed,target,214681.0,,
2011-10-01,korea_rok,signal,search_index,6029.0,,
2011-11-01,korea_rok,observed,target,174164.0,,
2011-11-01,korea_rok,signal,search_index,5227.8,,
2011-12-01,korea_rok,observed,target,159080.0,,
2011-12-01,korea_rok,signal,search_index,5461.52,,
2012-01-01,korea_rok,observed,target,167022.0,,
2012-01-01,korea_rok,signal,search_index,5208.42,,
2012-02-01,korea_rok,observed,target,173790.0,,
2012-02-01,korea_rok,signal,search_index,4671.98,,
2012-03-01,korea_rok,observed,target,183691.0,,
2012-03-01,korea_rok,signal,search_index,6096.59,,
2012-04-01,korea_rok,observed,target,222114.0,,
2012-04-01,korea_rok,signal,search_index,6738.26,,
2012-05-01,korea_rok,observed,target,210439.0,,
2012-05-01,korea_rok,signal,search_index,6560.170000000001,,
2012-06-01,korea_rok,observed,target,230124.0,,
2012-06-01,korea_rok,signal,search_index,6887.290000000001,,
2012-07-01,korea_rok,observed,target,322917.0,,
2012-07-01,korea_rok,signal,search_index,7596.759999999999,,
2012-08-01,korea_rok,observed,target,359065.0,,
2012-08-01,korea_rok,signal,search_index,8613.64,,
2012-09-01,korea_rok,observed,target,283402.0,,
2012-09-01,korea_rok,signal,search_index,7711.28,,
2012-10-01,korea_rok,observed,target,279440.0,,
2012-10-01,korea_rok,signal,search_index,6856.030000000001,,
2012-11-01,korea_rok,observed,target,204533.0,,
2012-11-01,korea_rok,signal,search_index,6643.88,,
2012-12-01,korea_rok,observed,target,195997.0,,
2012-12-01,korea_rok,signal,search_index,6588.49,,
2013-01-01,korea_rok,observed,target,196371.0,,
2013-01-01,korea_rok,signal,search_index,6919.48,,
2013-02-01,korea_rok,observed,target,249698.0,,
2013-02-01,korea_rok,signal,search_index,7043.35,,
2013-03-01,korea_rok,observed,target,276479.0,,
2013-03-01,korea_rok,signal,search_index,7527.150000000001,,
2013-04-01,korea_rok,observed,target,335069.0,,
2013-04-01,korea_rok,signal,search_index,8535.189999999999,,
2013-05-01,korea_rok,observed,target,278723.0,,
2013-05-01,korea_rok,signal,search_index,8097.04,,
2013-06-01,korea_rok,observed,target,399031.0,,
2013-06-01,korea_rok,signal,search_index,8695.07,,
2013-07-01,korea_rok,observed,target,569787.0,,
2013-07-01,korea_rok,signal,search_index,10040.27,,
2013-08-01,korea_rok,observed,target,642258.0,,
2013-08-01,korea_rok,signal,search_index,11452.65,,
2013-09-01,korea_rok,observed,target,483518.0,,
2013-09-01,korea_rok,signal,search_index,10320.69,,
2013-10-01,korea_rok,observed,target,343273.0,,
2013-10-01,korea_rok,signal,search_index,8881.289999999999,,
2013-11-01,korea_rok,observed,target,276428.0,,
2013-11-01,korea_rok,signal,search_index,8145.100000000001,,
2013-12-01,korea_rok,observed,target,276234.0,,
2013-12-01,korea_rok,signal,search_index,7746.559999999999,,
2014-01-01,korea_rok,observed,target,296708.0,,
2014-01-01,korea_rok,signal,search_index,8249.97,,
2014-02-01,korea_rok,observed,target,326295.0,,
2014-02-01,korea_rok,signal,search_index,8581.92,,
2014-03-01,korea_rok,observed,target,423768.0,,
2014-03-01,korea_rok,signal,search_index,10867.51,,
2014-04-01,korea_rok,observed,target,531947.0,,
2014-04-01,korea_rok,signal,search_index,10636.51,,
2014-05-01,korea_rok,observed,target,517031.0,,
2014-05-01,korea_rok,signal,search_index,11135.5,,
2014-06-01,korea_rok,observed,target,573852.0,,
2014-06-01,korea_rok,signal,search_index,11143.65,,
2014-07-01,korea_rok,observed,target,692053.0,,
2014-07-01,korea_rok,signal,search_index,13576.86,,
2014-08-01,korea_rok,observed,target,757683.0,,
2014-08-01,korea_rok,signal,search_index,14744.81,,
2014-09-01,korea_rok,observed,target,564078.0,,
2014-09-01,korea_rok,signal,search_index,13923.3,,
2014-10-01,korea_rok,observed,target,562278.0,,
2014-10-01,korea_rok,signal,search_index,12198.31,,
2014-11-01,korea_rok,observed,target,460671.0,,
2014-11-01,korea_rok,signal,search_index,11553.49,,
2014-12-01,korea_rok,observed,target,420501.0,,
2014-12-01,korea_rok,signal,search_index,11094.34,,
2015-01-01,korea_rok,observed,target,394345.0,,
2015-01-01,korea_rok,signal,search_index,10917.72,,
2015-02-01,korea_rok,observed,target,516787.0,,
2015-02-01,korea_rok,signal,search_index,11799.36,,
2015-03-01,korea_rok,observed,target,515130.0,,
2015-03-01,korea_rok,signal,search_index,12133.32,,
2015-04-01,korea_rok,observed,target,641610.0,,
2015-04-01,korea_rok,signal,search_index,12964.34,,
2015-05-01,korea_rok,observed,target,618083.0,,
2015-05-01,korea_rok,signal,search_index,12990.13,,
2015-06-01,korea_rok,observed,target,315095.0,,
2015-06-01,korea_rok,signal,search_index,13174.23,,
2015-07-01,korea_rok,observed,target,255632.0,,
2015-07-01,korea_rok,signal,search_index,10100.48,,
2015-08-01,korea_rok,observed,target,513275.0,,
2015-08-01,korea_rok,signal,search_index,11311.03,,
2015-09-01,korea_rok,observed,target,591242.0,,
2015-09-01,korea_rok,signal,search_index,13639.7,,
2015-10-01,korea_rok,observed,target,650174.0,,
2015-10-01,korea_rok,signal,search_index,13175.47,,
2015-11-01,korea_rok,observed,target,507579.0,,
2015-11-01,korea_rok,signal,search_index,12250.03,,
2015-12-01,korea_rok,observed,target,465218.0,,
2015-12-01,korea_rok,signal,search_index,11516.07,,
2016-01-01,korea_rok,observed,target,521981.0,,
2016-01-01,korea_rok,signal,search_index,11637.98,,
2016-02-01,korea_rok,observed,target,546408.0,,
2016-02-01,korea_rok,signal,search_index,12561.96,,
2016-03-01,korea_rok,observed,target,601671.0,,
2016-03-01,korea_rok,signal,search_index,12426.94,,
2016-04-01,korea_rok,observed,target,682318.0,,
2016-04-01,korea_rok,signal,search_index,13658.97,,
2016-05-01,korea_rok,observed,target,705844.0,,
2016-05-01,korea_rok,signal,search_index,13085.86,,
2016-06-01,korea_rok,observed,target,758534.0,,
2016-06-01,korea_rok,signal,search_index,13457.06,,
2016-07-01,korea_rok,observed,target,917519.0,,
2016-07-01,korea_rok,signal,search_index,14530.44,,
2016-08-01,korea_rok,observed,target,873771.0,,
2016-08-01,korea_rok,signal,search_index,15341.51,,
2016-09-01,korea_rok,observed,target,726266.0,,
2016-09-01,korea_rok,signal,search_index,12738.19,,
2016-10-01,korea_rok,observed,target,680918.0,,
2016-10-01,korea_rok,signal,search_index,11509.86,,
2016-11-01,korea_rok,observed,target,516956.0,,
2016-11-01,korea_rok,signal,search_index,10993.63,,
2016-12-01,korea_rok,observed,target,535536.0,,
2016-12-01,korea_rok,signal,search_index,9231.83,,
2017-01-01,korea_rok,observed,target,565243.0,,
2017-01-01,korea_rok,signal,search_index,9967.92,,
2017-02-01,korea_rok,observed,target,590790.0,,
2017-02-01,korea_rok,signal,search_index,10217.16,,
2017-03-01,korea_rok,observed,target,360782.0,,
2017-03-01,korea_rok,signal,search_index,12088.66,,
2017-04-01,korea_rok,observed,target,227811.0,,
2017-04-01,korea_rok,signal,search_index,13548.03,,
2017-05-01,korea_rok,observed,target,253359.0,,
2017-05-01,korea_rok,signal,search_index,6534.639999999999,,
2017-06-01,korea_rok,observed,target,254930.0,,
2017-06-01,korea_rok,signal,search_index,6811.33,,
2017-07-01,korea_rok,observed,target,281263.0,,
2017-07-01,korea_rok,signal,search_index,7101.900000000001,,
2017-08-01,korea_rok,observed,target,339388.0,,
2017-08-01,korea_rok,signal,search_index,7833.51,,
2017-09-01,korea_rok,observed,target,318682.0,,
2017-09-01,korea_rok,signal,search_index,8118.289999999999,,
2017-10-01,korea_rok,observed,target,345384.0,,
2017-10-01,korea_rok,signal,search_index,7576.67,,
2017-11-01,korea_rok,observed,target,299247.0,,
2017-11-01,korea_rok,signal,search_index,6680.87,,
2017-12-01,korea_rok,observed,target,332474.0,,
2017-12-01,korea_rok,signal,search_index,7189.06,,
2018-01-01,korea_rok,observed,target,305127.0,,
2018-01-01,korea_rok,signal,search_index,7553.18,,
2018-02-01,korea_rok,observed,target,345341.0,,
2018-02-01,korea_rok,signal,search_index,6588.84,,
2018-03-01,korea_rok,observed,target,403413.0,,
2018-03-01,korea_rok,signal,search_index,6291.690000000001,,
2018-04-01,korea_rok,observed,target,366604.0,,
2018-04-01,korea_rok,signal,search_index,6825.639999999999,,
2018-05-01,korea_rok,observed,target,370222.0,,
2018-05-01,korea_rok,signal,search_index,6755.15,,
2018-06-01,korea_rok,observed,target,379891.0,,
2018-06-01,korea_rok,signal,search_index,6795.49,,
2018-07-01,korea_rok,observed,target,410337.0,,
2018-07-01,korea_rok,signal,search_index,7107.030000000001,,
2018-08-01,korea_rok,observed,target,478140.0,,
2018-08-01,korea_rok,signal,search_index,7669.1,,
2018-09-01,korea_rok,observed,target,434595.0,,
2018-09-01,korea_rok,signal,search_index,7346.26,,
2018-10-01,korea_rok,observed,target,475307.0,,
2018-10-01,korea_rok,signal,search_index,7095.93,,
2018-11-01,korea_rok,observed,target,404256.0,,
2018-11-01,korea_rok,signal,search_index,6441.6,,
2018-12-01,korea_rok,observed,target,416279.0,,
2018-12-01,korea_rok,signal,search_index,6333.75,,
2019-01-01,korea_rok,observed,target,392814.0,,
2019-01-01,korea_rok,signal,flight_capacity,9189.0,,
2019-01-01,korea_rok,signal,search_index,6586.91,,
2019-02-01,korea_rok,observed,target,453379.0,,
2019-02-01,korea_rok,signal,flight_capacity,8434.0,,
2019-02-01,korea_rok,signal,search_index,6522.540000000001,,
2019-03-01,korea_rok,observed,target,487623.0,,
2019-03-01,korea_rok,signal,flight_capacity,9257.0,,
2019-03-01,korea_rok,signal,search_index,6902.4,,
2019-04-01,korea_rok,observed,target,493250.0,,
2019-04-01,korea_rok,signal,flight_capacity,9279.0,,
2019-04-01,korea_rok,signal,search_index,7375.41,,
2019-05-01,korea_rok,observed,target,500413.0,,
2019-05-01,korea_rok,signal,flight_capacity,9941.0,,
2019-05-01,korea_rok,signal,search_index,7065.92,,
2019-06-01,korea_rok,observed,target,475007.0,,
2019-06-01,korea_rok,signal,flight_capacity,9745.0,,
2019-06-01,korea_rok,signal,search_index,6710.389999999999,,
2019-07-01,korea_rok,observed,target,519132.0,,
2019-07-01,korea_rok,signal,flight_capacity,10112.0,,
2019-07-01,korea_rok,signal,search_index,6970.13,,
2019-08-01,korea_rok,observed,target,578112.0,,
2019-08-01,korea_rok,signal,flight_capacity,10185.0,,
2019-08-01,korea_rok,signal,search_index,7555.749999999999,,
2019-09-01,korea_rok,observed,target,541350.0,,
2019-09-01,korea_rok,signal,flight_capacity,9878.0,,
2019-09-01,korea_rok,signal,search_index,7256.190000000001,,
2019-10-01,korea_rok,observed,target,567695.0,,
2019-10-01,korea_rok,signal,flight_capacity,10268.0,,
2019-10-01,korea_rok,signal,search_index,6848.27,,
2019-11-01,korea_rok,observed,target,505369.0,,
2019-11-01,korea_rok,signal,flight_capacity,9799.0,,
2019-11-01,korea_rok,signal,search_index,6234.75,,
2019-12-01,korea_rok,observed,target,508877.0,,
2019-12-01,korea_rok,signal,flight_capacity,10247.0,,
2019-12-01,korea_rok,signal,search_index,6120.400000000001,,
2020-01-01,korea_rok,observed,target,481681.0,,
2020-01-01,korea_rok,signal,flight_capacity,10530.0,,
2020-01-01,korea_rok,signal,search_index,6501.740000000001,,
2020-02-01,korea_rok,observed,target,104086.0,,
2020-02-01,korea_rok,signal,flight_capacity,3368.0,,
2020-02-01,korea_rok,signal,search_index,5882.26,,
2020-03-01,korea_rok,observed,target,16595.0,,
2020-03-01,korea_rok,signal,flight_capacity,1134.0,,
2020-03-01,korea_rok,signal,search_index,5607.18,,
2020-04-01,korea_rok,observed,target,3935.0,,
2020-04-01,korea_rok,signal,flight_capacity,287.0,,
2020-04-01,korea_rok,signal,search_index,4215.42,,
2020-05-01,korea_rok,observed,target,5124.0,,
2020-05-01,korea_rok,signal,flight_capacity,314.0,,
2020-05-01,korea_rok,signal,search_index,3813.33,,
2020-06-01,korea_rok,observed,target,5051.0,,
2020-06-01,korea_rok,signal,flight_capacity,593.0,,
2020-06-01,korea_rok,signal,search_index,3253.18,,
2020-07-01,korea_rok,observed,target,9738.0,,
2020-07-01,korea_rok,signal,flight_capacity,498.0,,
2020-07-01,korea_rok,signal,search_index,3141.5,,
2020-08-01,korea_rok,observed,target,16275.0,,
2020-08-01,korea_rok,signal,flight_capacity,485.0,,
2020-08-01,korea_rok,signal,search_index,3585.67,,
2020-09-01,korea_rok,observed,target,15307.0,,
2020-09-01,korea_rok,signal,flight_capacity,595.0,,
2020-09-01,korea_rok,signal,search_index,3362.97,,
2020-10-01,korea_rok,observed,target,11477.0,,
2020-10-01,korea_rok,signal,flight_capacity,658.0,,
2020-10-01,korea_rok,signal,search_index,3079.0,,
2020-11-01,korea_rok,observed,target,9174.0,,
2020-11-01,korea_rok,signal,flight_capacity,592.0,,
2020-11-01,korea_rok,signal,search_index,3150.09,,
2020-12-01,korea_rok,observed,target,7987.0,,
2020-12-01,korea_rok,signal,flight_capacity,660.0,,
2020-12-01,korea_rok,signal,search_index,3076.93,,
2021-01-01,korea_rok,observed,target,7346.0,,
2021-01-01,korea_rok,signal,flight_capacity,742.0,,
2021-01-01,korea_rok,signal,search_index,3034.0,,
2021-02-01,korea_rok,observed,target,11982.0,,
2021-02-01,korea_rok,signal,flight_capacity,514.0,,
2021-02-01,korea_rok,signal,search_index,2945.32,,
2021-03-01,korea_rok,observed,target,18980.0,,
2021-03-01,korea_rok,signal,flight_capacity,702.0,,
2021-03-01,korea_rok,signal,search_index,2946.75,,
2021-04-01,korea_rok,observed,target,16830.0,,
2021-04-01,korea_rok,signal,flight_capacity,608.0,,
2021-04-01,korea_rok,signal,search_index,3115.32,,
2021-05-01,korea_rok,observed,target,14221.0,,
2021-05-01,korea_rok,signal,flight_capacity,678.0,,
2021-05-01,korea_rok,signal,search_index,2984.86,,
2021-06-01,korea_rok,observed,target,12942.0,,
2021-06-01,korea_rok,signal,flight_capacity,596.0,,
2021-06-01,korea_rok,signal,search_index,2759.4,,
2021-07-01,korea_rok,observed,target,13469.0,,
2021-07-01,korea_rok,signal,flight_capacity,696.0,,
2021-07-01,korea_rok,signal,search_index,2775.1,,
2021-08-01,korea_rok,observed,target,17103.0,,
2021-08-01,korea_rok,signal,flight_capacity,612.0,,
2021-08-01,korea_rok,signal,search_index,2909.48,,
2021-09-01,korea_rok,observed,target,19144.0,,
2021-09-01,korea_rok,signal,flight_capacity,511.0,,
2021-09-01,korea_rok,signal,search_index,2820.29,,
2021-10-01,korea_rok,observed,target,14035.0,,
2021-10-01,korea_rok,signal,flight_capacity,540.0,,
2021-10-01,korea_rok,signal,search_index,2799.57,,
2021-11-01,korea_rok,observed,target,12472.0,,
2021-11-01,korea_rok,signal,flight_capacity,473.0,,
2021-11-01,korea_rok,signal,search_index,2968.9,,
2021-12-01,korea_rok,observed,target,11691.0,,
2021-12-01,korea_rok,signal,flight_capacity,446.0,,
2021-12-01,korea_rok,signal,search_index,2845.2,,
2022-01-01,korea_rok,observed,target,9489.0,,
2022-01-01,korea_rok,signal,flight_capacity,394.0,,
2022-01-01,korea_rok,signal,search_index,2718.75,,
2022-02-01,korea_rok,observed,target,16752.0,,
2022-02-01,korea_rok,signal,flight_capacity,341.0,,
2022-02-01,korea_rok,signal,search_index,2702.89,,
2022-03-01,korea_rok,observed,target,14726.0,,
2022-03-01,korea_rok,signal,flight_capacity,387.0,,
2022-03-01,korea_rok,signal,search_index,4027.57,,
2022-04-01,korea_rok,observed,target,10230.0,,
2022-04-01,korea_rok,signal,flight_capacity,259.0,,
2022-04-01,korea_rok,signal,search_index,3090.81,,
2022-05-01,korea_rok,observed,target,11253.0,,
2022-05-01,korea_rok,signal,flight_capacity,330.0,,
2022-05-01,korea_rok,signal,search_index,3188.19,,
2022-06-01,korea_rok,observed,target,12741.0,,
2022-06-01,korea_rok,signal,flight_capacity,349.0,,
2022-06-01,korea_rok,signal,search_index,3195.38,,
2022-07-01,korea_rok,observed,target,17907.0,,
2022-07-01,korea_rok,signal,flight_capacity,372.0,,
2022-07-01,korea_rok,signal,search_index,2919.78,,
2022-08-01,korea_rok,observed,target,30248.0,,
2022-08-01,korea_rok,signal,flight_capacity,395.0,,
2022-08-01,korea_rok,signal,search_index,3011.8,,
2022-09-01,korea_rok,observed,target,29531.0,,
2022-09-01,korea_rok,signal,flight_capacity,429.0,,
2022-09-01,korea_rok,signal,search_index,3205.58,,
2022-10-01,korea_rok,observed,target,22940.0,,
2022-10-01,korea_rok,signal,flight_capacity,477.0,,
2022-10-01,korea_rok,signal,search_index,2855.67,,
2022-11-01,korea_rok,observed,target,24174.0,,
2022-11-01,korea_rok,signal,flight_capacity,603.0,,
2022-11-01,korea_rok,signal,search_index,3193.8,,
2022-12-01,korea_rok,observed,target,27367.0,,
2022-12-01,korea_rok,signal,flight_capacity,730.0,,
2022-12-01,korea_rok,signal,search_index,3073.24,,
2023-01-01,korea_rok,base_forecast,legacy_ensemble,520260.6567117459,,
2023-01-01,korea_rok,observed,target,24946.0,,
2023-01-01,korea_rok,reference_forecast,legacy_average,25291.85714285714,,
2023-01-01,korea_rok,signal,flight_capacity,717.0,,
2023-01-01,korea_rok,signal,search_index,3190.87,,
2023-02-01,korea_rok,base_forecast,legacy_ensemble,554913.9911271468,,
2023-02-01,korea_rok,reference_forecast,legacy_average,35867.93957210103,,
2023-02-01,korea_rok,signal,flight_capacity,632.0,,
2023-02-01,korea_rok,signal,search_index,4220.06,,
2023-03-01,korea_rok,base_forecast,legacy_ensemble,555045.566877505,,
2023-03-01,korea_rok,reference_forecast,legacy_average,45991.22222274332,,
2023-03-01,korea_rok,signal,flight_capacity,1282.0,,
2023-03-01,korea_rok,signal,search_index,3687.170000000001,,
2023-04-01,korea_rok,base_forecast,legacy_ensemble,566470.7078263697,,
2023-04-01,korea_rok,reference_forecast,legacy_average,79779.77544610326,,
2023-04-01,korea_rok,signal,flight_capacity,3198.0,,
2023-04-01,korea_rok,signal,search_index,3895.06,,
2023-05-01,korea_rok,base_forecast,legacy_ensemble,570253.5963760642,,
2023-05-01,korea_rok,reference_forecast,legacy_average,110415.8547835028,,
2023-05-01,korea_rok,signal,flight_capacity,4537.0,,
2023-05-01,korea_rok,signal,search_index,4811.83,,
2023-06-01,korea_rok,base_forecast,legacy_ensemble,563880.56497959,,
2023-06-01,korea_rok,reference_forecast,legacy_average,114424.5989393296,,
2023-06-01,korea_rok,signal,flight_capacity,5170.0,,
2023-06-01,korea_rok,signal,search_index,4561.096774193548,,
2023-07-01,korea_rok,base_forecast,legacy_ensemble,608923.8101219846,,
2023-08-01,korea_rok,base_forecast,legacy_ensemble,663020.5055738399,,
2023-08-01,korea_rok,recovery_forecast,legacy_final,195552.3573964049,,
2023-09-01,korea_rok,base_forecast,legacy_ensemble,625177.1018287425,,
2023-09-01,korea_rok,recovery_forecast,legacy_final,198131.7778351177,,
2023-10-01,korea_rok,base_forecast,legacy_ensemble,635974.1588615268,,
2023-10-01,korea_rok,recovery_forecast,legacy_final,221188.7638417216,,
2023-11-01,korea_rok,base_forecast,legacy_ensemble,582152.3366562158,,
2023-11-01,korea_rok,recovery_forecast,legacy_final,201268.8990952144,,
2023-12-01,korea_rok,base_forecast,legacy_ensemble,585795.1613312552,,
2023-12-01,korea_rok,recovery_forecast,legacy_final,215712.0366266555,,
2024-01-01,korea_rok,base_forecast,legacy_ensemble,583442.8331828427,,
2024-01-01,korea_rok,recovery_forecast,legacy_final,232199.6953324373,,
2024-02-01,korea_rok,base_forecast,legacy_ensemble,621352.5550711845,,
2024-02-01,korea_rok,recovery_forecast,legacy_final,293975.8685011827,,
2024-03-01,korea_rok,base_forecast,legacy_ensemble,616377.2550187149,,
2024-03-01,korea_rok,recovery_forecast,legacy_final,321415.5153832015,,
2024-04-01,korea_rok,base_forecast,legacy_ensemble,627056.3781698798,,
2024-04-01,korea_rok,recovery_forecast,legacy_final,359730.2606523893,,
2024-05-01,korea_rok,base_forecast,legacy_ensemble,629198.2971824417,,
2024-05-01,korea_rok,recovery_forecast,legacy_final,378375.2266579045,,
2024-06-01,korea_rok,base_forecast,legacy_ensemble,619578.9783160283,,
2024-06-01,korea_rok,recovery_forecast,legacy_final,395505.720092383,,
2024-07-01,korea_rok,base_forecast,legacy_ensemble,665328.583979588,,
2024-07-01,korea_rok,recovery_forecast,legacy_final,476213.5069987057,,
2024-07-01,korea_rok,terminal_forecast,intervention_adjusted,532262.8671836704,,
2024-08-01,korea_rok,base_forecast,legacy_ensemble,719731.9172614075,,
2024-09-01,korea_rok,base_forecast,legacy_ensemble,680397.9086298856,,
2024-10-01,korea_rok,base_forecast,legacy_ensemble,695311.3054098259,,
2024-11-01,korea_rok,base_forecast,legacy_ensemble,644971.1589236213,,
2024-12-01,korea_rok,base_forecast,legacy_ensemble,650477.5184876631,,
1999-01-01,macao,observed,target,105891.0,,
1999-02-01,macao,observed,target,133006.0,,
1999-03-01,macao,observed,target,109349.0,,
1999-04-01,macao,observed,target,125105.0,,
1999-05-01,macao,observed,target,131182.0,,
1999-06-01,macao,observed,target,113857.0,,
1999-07-01,macao,observed,target,146846.0,,
1999-08-01,macao,observed,target,178958.0,,
1999-09-01,macao,observed,target,127097.0,,
1999-10-01,macao,observed,target,153246.0,,
1999-11-01,macao,observed,target,181004.0,,
1999-12-01,macao,observed,target,139652.0,,
2000-01-01,macao,observed,target,181689.0,,
2000-02-01,macao,observed,target,192277.0,,
2000-03-01,macao,observed,target,204483.0,,
2000-04-01,macao,observed,target,175712.0,,
2000-05-01,macao,observed,target,220512.0,,
2000-06-01,macao,observed,target,152716.0,,
2000-07-01,macao,observed,target,188113.0,,
2000-08-01,macao,observed,target,196216.0,,
2000-09-01,macao,observed,target,165951.0,,
2000-10-01,macao,observed,target,196247.0,,
2000-11-01,macao,observed,target,195553.0,,
2000-12-01,macao,observed,target,205244.0,,
2001-01-01,macao,observed,target,230311.0,,
2001-02-01,macao,observed,target,191266.0,,
2001-03-01,macao,observed,target,231450.0,,
2001-04-01,macao,observed,target,238297.0,,
2001-05-01,macao,observed,target,251414.0,,
2001-06-01,macao,observed,target,217176.0,,
2001-07-01,macao,observed,target,221610.0,,
2001-08-01,macao,observed,target,325226.0,,
2001-09-01,macao,observed,target,243979.0,,
2001-10-01,macao,observed,target,282887.0,,
2001-11-01,macao,observed,target,285269.0,,
2001-12-01,macao,observed,target,286837.0,,
2002-01-01,macao,observed,target,270457.0,,
2002-02-01,macao,observed,target,299526.0,,
2002-03-01,macao,observed,target,303395.0,,
2002-04-01,macao,observed,target,356031.0,,
2002-05-01,macao,observed,target,356951.0,,
2002-06-01,macao,observed,target,284148.0,,
2002-07-01,macao,observed,target,348945.0,,
2002-08-01,macao,observed,target,387631.0,,
2002-09-01,macao,observed,target,337711.0,,
2002-10-01,macao,observed,target,381650.0,,
2002-11-01,macao,observed,target,445038.0,,
2002-12-01,macao,observed,target,468963.0,,
2003-01-01,macao,observed,target,467520.0,,
2003-02-01,macao,observed,target,416056.0,,
2003-03-01,macao,observed,target,454710.0,,
2003-04-01,macao,observed,target,298574.0,,
2003-05-01,macao,observed,target,270537.0,,
2003-06-01,macao,observed,target,367847.0,,
2003-07-01,macao,observed,target,449139.0,,
2003-08-01,macao,observed,target,586700.0,,
2003-09-01,macao,observed,target,498570.0,,
2003-10-01,macao,observed,target,591275.0,,
2003-11-01,macao,observed,target,660727.0,,
2003-12-01,macao,observed,target,680381.0,,
2004-01-01,macao,observed,target,737958.0,,
2004-02-01,macao,observed,target,659774.0,,
2004-03-01,macao,observed,target,791789.0,,
2004-04-01,macao,observed,target,730128.0,,
2004-05-01,macao,observed,target,812561.0,,
2004-06-01,macao,observed,target,733729.0,,
2004-07-01,macao,observed,target,863387.0,,
2004-08-01,macao,observed,target,894651.0,,
2004-09-01,macao,observed,target,735521.0,,
2004-10-01,macao,observed,target,876742.0,,
2004-11-01,macao,observed,target,854271.0,,
2004-12-01,macao,observed,target,839228.0,,
2005-01-01,macao,observed,target,825411.0,,
2005-02-01,macao,observed,target,832337.0,,
2005-03-01,macao,observed,target,827267.0,,
2005-04-01,macao,observed,target,830672.0,,
2005-05-01,macao,observed,target,871889.0,,
2005-06-01,macao,observed,target,803006.0,,
2005-07-01,macao,observed,target,913283.0,,
2005-08-01,macao,observed,target,940109.0,,
2005-09-01,macao,observed,target,797131.0,,
2005-10-01,macao,observed,target,962702.0,,
2005-11-01,macao,observed,target,934132.0,,
2005-12-01,macao,observed,target,925027.0,,
2006-01-01,macao,observed,target,927727.0,,
2006-02-01,macao,observed,target,1006275.0,,
2006-03-01,macao,observed,target,1043761.0,,
2006-04-01,macao,observed,target,990066.0,,
2006-05-01,macao,observed,target,980710.0,,
2006-06-01,macao,observed,target,876916.0,,
2006-07-01,macao,observed,target,950338.0,,
2006-08-01,macao,observed,target,1018955.0,,
2006-09-01,macao,observed,target,917383.0,,
2006-10-01,macao,observed,target,1061697.0,,
2006-11-01,macao,observed,target,1069214.0,,
2006-12-01,macao,observed,target,1142575.0,,
2007-01-01,macao,observed,target,1155685.0,,
2007-02-01,macao,observed,target,1238058.0,,
2007-03-01,macao,observed,target,1182882.0,,
2007-04-01,macao,observed,target,1141725.0,,
2007-05-01,macao,observed,target,1191167.0,,
2007-06-01,macao,observed,target,994683.0,,
2007-07-01,macao,observed,target,1180053.0,,
2007-08-01,macao,observed,target,1345288.0,,
2007-09-01,macao,observed,target,1221331.0,,
2007-10-01,macao,observed,target,1367321.0,,
2007-11-01,macao,observed,target,1401378.0,,
2007-12-01,macao,observed,target,1446820.0,,
2008-01-01,macao,observed,target,1051338.0,,
2008-02-01,macao,observed,target,1062733.0,,
2008-03-01,macao,observed,target,1099150.0,,
2008-04-01,macao,observed,target,1037648.0,,
2008-05-01,macao,observed,target,1081184.0,,
2008-06-01,macao,observed,target,869485.0,,
2008-07-01,macao,observed,target,1054528.0,,
2008-08-01,macao,observed,target,964682.0,,
2008-09-01,macao,observed,target,756698.0,,
2008-10-01,macao,observed,target,891031.0,,
2008-11-01,macao,observed,target,886936.0,,
2008-12-01,macao,observed,target,857758.0,,
2009-01-01,macao,observed,target,951395.0,,
2009-02-01,macao,observed,target,829436.0,,
2009-03-01,macao,observed,target,977479.0,,
2009-04-01,macao,observed,target,897335.0,,
2009-05-01,macao,observed,target,791394.0,,
2009-06-01,macao,observed,target,680894.0,,
2009-07-01,macao,observed,target,852167.0,,
2009-08-01,macao,observed,target,1050357.0,,
2009-09-01,macao,observed,target,878479.0,,
2009-10-01,macao,observed,target,1053497.0,,
2009-11-01,macao,observed,target,1016411.0,,
2009-12-01,macao,observed,target,1010689.0,,
2010-01-01,macao,observed,target,1131660.0,,
2010-02-01,macao,observed,target,1145320.0,,
2010-03-01,macao,observed,target,1057395.0,,
2010-04-01,macao,observed,target,1052610.0,,
2010-05-01,macao,observed,target,1135430.0,,
2010-06-01,macao,observed,target,985127.0,,
2010-07-01,macao,observed,target,1142017.0,,
2010-08-01,macao,observed,target,1263442.0,,
2010-09-01,macao,observed,target,894807.0,,
2010-10-01,macao,observed,target,1124061.0,,
2010-11-01,macao,observed,target,1096865.0,,
2010-12-01,macao,observed,target,1200324.0,,
2011-01-01,macao,observed,target,1220534.0,,
2011-02-01,macao,observed,target,1204301.0,,
2011-02-01,macao,signal,search_index,3730.68,,
2011-03-01,macao,observed,target,1254117.0,,
2011-03-01,macao,signal,search_index,4252.29,,
2011-04-01,macao,observed,target,1270753.0,,
2011-04-01,macao,signal,search_index,4407.38,,
2011-05-01,macao,observed,target,1326627.0,,
2011-05-01,macao,signal,search_index,4393.77,,
2011-06-01,macao,observed,target,1198754.0,,
2011-06-01,macao,signal,search_index,4247.690000000001,,
2011-07-01,macao,observed,target,1460473.0,,
2011-07-01,macao,signal,search_index,4485.059999999999,,
2011-08-01,macao,observed,target,1571015.0,,
2011-08-01,macao,signal,search_index,5096.52,,
2011-09-01,macao,observed,target,1246256.0,,
2011-09-01,macao,signal,search_index,5367.98,,
2011-10-01,macao,observed,target,1466545.0,,
2011-10-01,macao,signal,search_index,5136.280000000001,,
2011-11-01,macao,observed,target,1460992.0,,
2011-11-01,macao,signal,search_index,4983.610000000001,,
2011-12-01,macao,observed,target,1482380.0,,
2011-12-01,macao,signal,search_index,5435.98,,
2012-01-01,macao,observed,target,1494877.0,,
2012-01-01,macao,signal,search_index,5608.450000000001,,
2012-02-01,macao,observed,target,1285266.0,,
2012-02-01,macao,signal,search_index,5119.799999999999,,
2012-03-01,macao,observed,target,1447564.0,,
2012-03-01,macao,signal,search_index,5876.450000000001,,
2012-04-01,macao,observed,target,1391119.0,,
2012-04-01,macao,signal,search_index,5948.91,,
2012-05-01,macao,observed,target,1271540.0,,
2012-05-01,macao,signal,search_index,5845.530000000001,,
2012-06-01,macao,observed,target,1220846.0,,
2012-06-01,macao,signal,search_index,5471.0,,
2012-07-01,macao,observed,target,1456351.0,,
2012-07-01,macao,signal,search_index,5767.98,,
2012-08-01,macao,observed,target,1635080.0,,
2012-08-01,macao,signal,search_index,6646.200000000001,,
2012-09-01,macao,observed,target,1255962.0,,
2012-09-01,macao,signal,search_index,6815.7,,
2012-10-01,macao,observed,target,1445420.0,,
2012-10-01,macao,signal,search_index,6068.67,,
2012-11-01,macao,observed,target,1503158.0,,
2012-11-01,macao,signal,search_index,5855.32,,
2012-12-01,macao,observed,target,1495227.0,,
2012-12-01,macao,signal,search_index,6196.71,,
2013-01-01,macao,observed,target,1473785.0,,
2013-01-01,macao,signal,search_index,6497.16,,
2013-02-01,macao,observed,target,1508599.0,,
2013-02-01,macao,signal,search_index,6915.610000000001,,
2013-03-01,macao,observed,target,1431810.0,,
2013-03-01,macao,signal,search_index,7184.389999999999,,
2013-04-01,macao,observed,target,1536262.0,,
2013-04-01,macao,signal,search_index,7163.26,,
2013-05-01,macao,observed,target,1491231.0,,
2013-05-01,macao,signal,search_index,7159.04,,
2013-06-01,macao,observed,target,1464665.0,,
2013-06-01,macao,signal,search_index,6660.55,,
2013-07-01,macao,observed,target,1660096.0,,
2013-07-01,macao,signal,search_index,7308.860000000001,,
2013-08-01,macao,observed,target,1881588.0,,
2013-08-01,macao,signal,search_index,7903.549999999999,,
2013-09-01,macao,observed,target,1502723.0,,
2013-09-01,macao,signal,search_index,7473.46,,
2013-10-01,macao,observed,target,1514373.0,,
2013-10-01,macao,signal,search_index,6873.9,,
2013-11-01,macao,observed,target,1546641.0,,
2013-11-01,macao,signal,search_index,6662.09,,
2013-12-01,macao,observed,target,1620434.0,,
2013-12-01,macao,signal,search_index,6509.67,,
2014-01-01,macao,observed,target,1689277.0,,
2014-01-01,macao,signal,search_index,6613.26,,
2014-02-01,macao,observed,target,1714776.0,,
2014-02-01,macao,signal,search_index,7196.75,,
2014-03-01,macao,observed,target,1769408.0,,
2014-03-01,macao,signal,search_index,8223.68,,
2014-04-01,macao,observed,target,1743776.0,,
2014-04-01,macao,signal,search_index,7114.87,,
2014-05-01,macao,observed,target,1699778.0,,
2014-05-01,macao,signal,search_index,7365.639999999999,,
2014-06-01,macao,observed,target,1597289.0,,
2014-06-01,macao,signal,search_index,7774.040000000001,,
2014-07-01,macao,observed,target,1871599.0,,
2014-07-01,macao,signal,search_index,7541.53,,
2014-08-01,macao,observed,target,2131498.0,,
2014-08-01,macao,signal,search_index,8620.029999999999,,
2014-09-01,macao,observed,target,1595485.0,,
2014-09-01,macao,signal,search_index,8881.87,,
2014-10-01,macao,observed,target,1824719.0,,
2014-10-01,macao,signal,search_index,9531.869999999999,,
2014-11-01,macao,observed,target,1975951.0,,
2014-11-01,macao,signal,search_index,8447.71,,
2014-12-01,macao,observed,target,1638854.0,,
2014-12-01,macao,signal,search_index,8203.970000000001,,
2015-01-01,macao,observed,target,1669652.0,,
2015-01-01,macao,signal,search_index,8513.34,,
2015-02-01,macao,observed,target,1898650.0,,
2015-02-01,macao,signal,search_index,9543.14,,
2015-03-01,macao,observed,target,1457641.0,,
2015-03-01,macao,signal,search_index,9573.72,,
2015-04-01,macao,observed,target,1632673.0,,
2015-04-01,macao,signal,search_index,8924.27,,
2015-05-01,macao,observed,target,1690987.0,,
2015-05-01,macao,signal,search_index,8021.08,,
2015-06-01,macao,observed,target,1435189.0,,
2015-06-01,macao,signal,search_index,7215.179999999999,,
2015-07-01,macao,observed,target,1757167.0,,
2015-07-01,macao,signal,search_index,8096.43,,
2015-08-01,macao,observed,target,2095013.0,,
2015-08-01,macao,signal,search_index,10206.49,,
2015-09-01,macao,observed,target,1572868.0,,
2015-09-01,macao,signal,search_index,10958.22,,
2015-10-01,macao,observed,target,1817212.0,,
2015-10-01,macao,signal,search_index,8941.630000000001,,
2015-11-01,macao,observed,target,1726859.0,,
2015-11-01,macao,signal,search_index,7886.85,,
2015-12-01,macao,observed,target,1656704.0,,
2015-12-01,macao,signal,search_index,6959.700000000001,,
2016-01-01,macao,observed,target,1658634.0,,
2016-01-01,macao,signal,search_index,7056.219999999999,,
2016-02-01,macao,observed,target,1799522.0,,
2016-02-01,macao,signal,search_index,7596.030000000001,,
2016-03-01,macao,observed,target,1483813.0,,
2016-03-01,macao,signal,search_index,8418.34,,
2016-04-01,macao,observed,target,1651662.0,,
2016-04-01,macao,signal,search_index,7344.330000000001,,
2016-05-01,macao,observed,target,1631164.0,,
2016-05-01,macao,signal,search_index,6787.440000000001,,
2016-06-01,macao,observed,target,1516599.0,,
2016-06-01,macao,signal,search_index,7787.61,,
2016-07-01,macao,observed,target,1839397.0,,
2016-07-01,macao,signal,search_index,8299.84,,
2016-08-01,macao,observed,target,1979224.0,,
2016-08-01,macao,signal,search_index,10216.03,,
2016-09-01,macao,observed,target,1577481.0,,
2016-09-01,macao,signal,search_index,10506.22,,
2016-10-01,macao,observed,target,1825123.0,,
2016-10-01,macao,signal,search_index,10359.8,,
2016-11-01,macao,observed,target,1705721.0,,
2016-11-01,macao,signal,search_index,9862.220000000001,,
2016-12-01,macao,observed,target,1785764.0,,
2016-12-01,macao,signal,search_index,9322.23,,
2017-01-01,macao,observed,target,1997355.0,,
2017-01-01,macao,signal,search_index,10939.85,,
2017-02-01,macao,observed,target,1665220.0,,
2017-02-01,macao,signal,search_index,12185.78,,
2017-03-01,macao,observed,target,1655103.0,,
2017-03-01,macao,signal,search_index,14236.29,,
2017-04-01,macao,observed,target,1768603.0,,
2017-04-01,macao,signal,search_index,11007.87,,
2017-05-01,macao,observed,target,1702578.0,,
2017-05-01,macao,signal,search_index,10438.3,,
2017-06-01,macao,observed,target,1544237.0,,
2017-06-01,macao,signal,search_index,9586.04,,
2017-07-01,macao,observed,target,2016066.0,,
2017-07-01,macao,signal,search_index,11686.26,,
2017-08-01,macao,observed,target,2016846.0,,
2017-08-01,macao,signal,search_index,14825.88,,
2017-09-01,macao,observed,target,1721858.0,,
2017-09-01,macao,signal,search_index,15194.91,,
2017-10-01,macao,observed,target,2058530.0,,
2017-10-01,macao,signal,search_index,13888.87,,
2017-11-01,macao,observed,target,1981047.0,,
2017-11-01,macao,signal,search_index,12852.53,,
2017-12-01,macao,observed,target,2068760.0,,
2017-12-01,macao,signal,search_index,12331.74,,
2018-01-01,macao,observed,target,1927642.0,,
2018-01-01,macao,signal,search_index,12710.91,,
2018-02-01,macao,observed,target,2286989.0,,
2018-02-01,macao,signal,search_index,13840.39,,
2018-03-01,macao,observed,target,1816743.0,,
2018-03-01,macao,signal,search_index,14447.46,,
2018-04-01,macao,observed,target,2060662.0,,
2018-04-01,macao,signal,search_index,15318.23,,
2018-05-01,macao,observed,target,1860906.0,,
2018-05-01,macao,signal,search_index,14044.17,,
2018-06-01,macao,observed,target,1752222.0,,
2018-06-01,macao,signal,search_index,13140.32,,
2018-07-01,macao,observed,target,2168413.0,,
2018-07-01,macao,signal,search_index,14618.83,,
2018-08-01,macao,observed,target,2527309.0,,
2018-08-01,macao,signal,search_index,16098.9,,
2018-09-01,macao,observed,target,1820269.0,,
2018-09-01,macao,signal,search_index,14798.65,,
2018-10-01,macao,observed,target,2306844.0,,
2018-10-01,macao,signal,search_index,15083.34,,
2018-11-01,macao,observed,target,2283628.0,,
2018-11-01,macao,signal,search_index,13894.65,,
2018-12-01,macao,observed,target,2448929.0,,
2018-12-01,macao,signal,search_index,15526.33,,
2019-01-01,macao,observed,target,2504494.0,,
2019-01-01,macao,signal,flight_capacity,2567.0,,
2019-01-01,macao,signal,search_index,13107.48,,
2019-02-01,macao,observed,target,2559144.0,,
2019-02-01,macao,signal,flight_capacity,2497.0,,
2019-02-01,macao,signal,search_index,14221.0,,
2019-03-01,macao,observed,target,2384653.0,,
2019-03-01,macao,signal,flight_capacity,2669.0,,
2019-03-01,macao,signal,search_index,16083.65,,
2019-04-01,macao,observed,target,2339868.0,,
2019-04-01,macao,signal,flight_capacity,2696.0,,
2019-04-01,macao,signal,search_index,11848.83,,
2019-05-01,macao,observed,target,2425741.0,,
2019-05-01,macao,signal,flight_capacity,2846.0,,
2019-05-01,macao,signal,search_index,10359.67,,
2019-06-01,macao,observed,target,2100557.0,,
2019-06-01,macao,signal,flight_capacity,2743.0,,
2019-06-01,macao,signal,search_index,8443.72,,
2019-07-01,macao,observed,target,2569941.0,,
2019-07-01,macao,signal,flight_capacity,2845.0,,
2019-07-01,macao,signal,search_index,8452.93,,
2019-08-01,macao,observed,target,2646406.0,,
2019-08-01,macao,signal,flight_capacity,3040.0,,
2019-08-01,macao,signal,search_index,8767.869999999999,,
2019-09-01,macao,observed,target,1924490.0,,
2019-09-01,macao,signal,flight_capacity,2693.0,,
2019-09-01,macao,signal,search_index,6199.29,,
2019-10-01,macao,observed,target,2342373.0,,
2019-10-01,macao,signal,flight_capacity,2723.0,,
2019-10-01,macao,signal,search_index,4510.559999999999,,
2019-11-01,macao,observed,target,2030742.0,,
2019-11-01,macao,signal,flight_capacity,2851.0,,
2019-11-01,macao,signal,search_index,3855.56,,
2019-12-01,macao,observed,target,2094810.0,,
2019-12-01,macao,signal,flight_capacity,3003.0,,
2019-12-01,macao,signal,search_index,3839.17,,
2020-01-01,macao,observed,target,2132032.0,,
2020-01-01,macao,signal,flight_capacity,3027.0,,
2020-01-01,macao,signal,search_index,5000.0,,
2020-02-01,macao,observed,target,72307.0,,
2020-02-01,macao,signal,flight_capacity,391.0,,
2020-02-01,macao,signal,search_index,4225.83,,
2020-03-01,macao,observed,target,88890.0,,
2020-03-01,macao,signal,flight_capacity,204.0,,
2020-03-01,macao,signal,search_index,2238.75,,
2020-04-01,macao,observed,target,10500.0,,
2020-04-01,macao,signal,flight_capacity,67.0,,
2020-04-01,macao,signal,search_index,2256.1,,
2020-05-01,macao,observed,target,14793.0,,
2020-05-01,macao,signal,flight_capacity,81.0,,
2020-05-01,macao,signal,search_index,1901.19,,
2020-06-01,macao,observed,target,21067.0,,
2020-06-01,macao,signal,flight_capacity,135.0,,
2020-06-01,macao,signal,search_index,1976.09,,
2020-07-01,macao,observed,target,66489.0,,
2020-07-01,macao,signal,flight_capacity,105.0,,
2020-07-01,macao,signal,search_index,1962.07,,
2020-08-01,macao,observed,target,200833.0,,
2020-08-01,macao,signal,flight_capacity,185.0,,
2020-08-01,macao,signal,search_index,2117.2,,
2020-09-01,macao,observed,target,412451.0,,
2020-09-01,macao,signal,flight_capacity,308.0,,
2020-09-01,macao,signal,search_index,2249.54,,
2020-10-01,macao,observed,target,539482.0,,
2020-10-01,macao,signal,flight_capacity,693.0,,
2020-10-01,macao,signal,search_index,2626.6,,
2020-11-01,macao,observed,target,588511.0,,
2020-11-01,macao,signal,flight_capacity,616.0,,
2020-11-01,macao,signal,search_index,2649.03,,
2020-12-01,macao,observed,target,606884.0,,
2020-12-01,macao,signal,flight_capacity,702.0,,
2020-12-01,macao,signal,search_index,2603.190000000001,,
2021-01-01,macao,observed,target,496157.0,,
2021-01-01,macao,signal,flight_capacity,662.0,,
2021-01-01,macao,signal,search_index,2657.13,,
2021-02-01,macao,observed,target,380649.0,,
2021-02-01,macao,signal,flight_capacity,446.0,,
2021-02-01,macao,signal,search_index,2247.14,,
2021-03-01,macao,observed,target,688353.0,,
2021-03-01,macao,signal,flight_capacity,778.0,,
2021-03-01,macao,signal,search_index,2313.25,,
2021-04-01,macao,observed,target,730934.0,,
2021-04-01,macao,signal,flight_capacity,954.0,,
2021-04-01,macao,signal,search_index,2905.65,,
2021-05-01,macao,observed,target,795389.0,,
2021-05-01,macao,signal,flight_capacity,1200.0,,
2021-05-01,macao,signal,search_index,3103.2,,
2021-06-01,macao,observed,target,471935.0,,
2021-06-01,macao,signal,flight_capacity,1134.0,,
2021-06-01,macao,signal,search_index,2891.1,,
2021-07-01,macao,observed,target,724342.0,,
2021-07-01,macao,signal,flight_capacity,1205.0,,
2021-07-01,macao,signal,search_index,2565.64,,
2021-08-01,macao,observed,target,369467.0,,
2021-08-01,macao,signal,flight_capacity,360.0,,
2021-08-01,macao,signal,search_index,2999.14,,
2021-09-01,macao,observed,target,583056.0,,
2021-09-01,macao,signal,flight_capacity,584.0,,
2021-09-01,macao,signal,search_index,2255.1,,
2021-10-01,macao,observed,target,300996.0,,
2021-10-01,macao,signal,flight_capacity,314.0,,
2021-10-01,macao,signal,search_index,2600.93,,
2021-11-01,macao,observed,target,741226.0,,
2021-11-01,macao,signal,flight_capacity,410.0,,
2021-11-01,macao,signal,search_index,2133.22,,
2021-12-01,macao,observed,target,762554.0,,
2021-12-01,macao,signal,flight_capacity,675.0,,
2021-12-01,macao,signal,search_index,2227.84,,
2022-01-01,macao,observed,target,642016.0,,
2022-01-01,macao,signal,flight_capacity,899.0,,
2022-01-01,macao,signal,search_index,2553.04,,
2022-02-01,macao,observed,target,609249.0,,
2022-02-01,macao,signal,flight_capacity,809.0,,
2022-02-01,macao,signal,search_index,2396.41,,
2022-03-01,macao,observed,target,468995.0,,
2022-03-01,macao,signal,flight_capacity,384.0,,
2022-03-01,macao,signal,search_index,2528.32,,
2022-04-01,macao,observed,target,534899.0,,
2022-04-01,macao,signal,flight_capacity,193.0,,
2022-04-01,macao,signal,search_index,2210.75,,
2022-05-01,macao,observed,target,538458.0,,
2022-05-01,macao,signal,flight_capacity,198.0,,
2022-05-01,macao,signal,search_index,2289.55,,
2022-06-01,macao,observed,target,336488.0,,
2022-06-01,macao,signal,flight_capacity,188.0,,
2022-06-01,macao,signal,search_index,2496.38,,
2022-07-01,macao,observed,target,7321.0,,
2022-07-01,macao,signal,flight_capacity,99.0,,
2022-07-01,macao,signal,search_index,2506.27,,
2022-08-01,macao,observed,target,290138.0,,
2022-08-01,macao,signal,flight_capacity,161.0,,
2022-08-01,macao,signal,search_index,2150.23,,
2022-09-01,macao,observed,target,502668.0,,
2022-09-01,macao,signal,flight_capacity,357.0,,
2022-09-01,macao,signal,search_index,2489.19,,
2022-10-01,macao,observed,target,518843.0,,
2022-10-01,macao,signal,flight_capacity,467.0,,
2022-10-01,macao,signal,search_index,2560.31,,
2022-11-01,macao,observed,target,320267.0,,
2022-11-01,macao,signal,flight_capacity,439.0,,
2022-11-01,macao,signal,search_index,2518.74,,
2022-12-01,macao,observed,target,336593.0,,
2022-12-01,macao,signal,flight_capacity,745.0,,
2022-12-01,macao,signal,search_index,2680.61,,
2023-01-01,macao,base_forecast,legacy_ensemble,2274112.426710274,,
2023-01-01,macao,observed,target,991641.0,,
2023-01-01,macao,reference_forecast,legacy_average,898062.7142857143,,
2023-01-01,macao,signal,flight_capacity,1075.0,,
2023-01-01,macao,signal,search_index,3139.87,,
2023-02-01,macao,base_forecast,legacy_ensemble,2287961.061322916,,
2023-02-01,macao,reference_forecast,legacy_average,1163862.028395389,,
2023-02-01,macao,signal,flight_capacity,1278.0,,
2023-02-01,macao,signal,search_index,4628.78,,
2023-03-01,macao,base_forecast,legacy_ensemble,2097656.854168727,,
2023-03-01,macao,reference_forecast,legacy_average,1296999.997089163,,
2023-03-01,macao,signal,flight_capacity,1549.0,,
2023-03-01,macao,signal,search_index,5484.95,,
2023-04-01,macao,base_forecast,legacy_ensemble,2168006.10580869,,
2023-04-01,macao,reference_forecast,legacy_average,1356444.689633265,,
2023-04-01,macao,signal,flight_capacity,1599.0,,
2023-04-01,macao,signal,search_index,5033.969999999999,,
2023-05-01,macao,base_forecast,legacy_ensemble,2139432.36167671,,
2023-05-01,macao,reference_forecast,legacy_average,1363906.06353464,,
2023-05-01,macao,signal,flight_capacity,1665.0,,
2023-05-01,macao,signal,search_index,5105.06,,
2023-06-01,macao,base_forecast,legacy_ensemble,1945032.119715549,,
2023-06-01,macao,reference_forecast,legacy_average,1114991.990320578,,
2023-06-01,macao,signal,flight_capacity,1701.0,,
2023-06-01,macao,signal,search_index,4098.548387096774,,
2023-07-01,macao,base_forecast,legacy_ensemble,2348885.142282221,,
2023-08-01,macao,base_forecast,legacy_ensemble,2519817.499575264,,
2023-08-01,macao,recovery_forecast,legacy_final,1386599.07422951,,
2023-09-01,macao,base_forecast,legacy_ensemble,1961256.433406825,,
2023-09-01,macao,recovery_forecast,legacy_final,1147143.15551062,,
2023-10-01,macao,base_forecast,legacy_ensemble,2292945.685608142,,
2023-10-01,macao,recovery_forecast,legacy_final,1412277.439393591,,
2023-11-01,macao,base_forecast,legacy_ensemble,2161991.121459971,,
2023-11-01,macao,recovery_forecast,legacy_final,1463041.058237384,,
2023-12-01,macao,base_forecast,legacy_ensemble,2214867.397333218,,
2023-12-01,macao,recovery_forecast,legacy_final,1528184.18716789,,
2024-01-01,macao,base_forecast,legacy_ensemble,2286800.015494525,,
2024-01-01,macao,recovery_forecast,legacy_final,1631921.680574429,,
2024-02-01,macao,base_forecast,legacy_ensemble,2329761.985919988,,
2024-02-01,macao,recovery_forecast,legacy_final,1721523.409500207,,
2024-03-01,macao,base_forecast,legacy_ensemble,2121099.99671479,,
2024-03-01,macao,recovery_forecast,legacy_final,1656247.877742233,,
2024-04-01,macao,base_forecast,legacy_ensemble,2188582.161322768,,
2024-04-01,macao,recovery_forecast,legacy_final,1761176.63056516,,
2024-05-01,macao,base_forecast,legacy_ensemble,2154641.705473229,,
2024-05-01,macao,recovery_forecast,legacy_final,1789669.855839321,,
2024-06-01,macao,base_forecast,legacy_ensemble,1958201.039822594,,
2024-06-01,macao,recovery_forecast,legacy_final,1649205.319881224,,
2024-07-01,macao,base_forecast,legacy_ensemble,2357303.973566549,,
2024-07-01,macao,recovery_forecast,legacy_final,2030616.155337333,,
2024-07-01,macao,terminal_forecast,intervention_adjusted,2003708.3775315664,,
2024-08-01,macao,base_forecast,legacy_ensemble,2535985.905042847,,
2024-09-01,macao,base_forecast,legacy_ensemble,1969925.203558712,,
2024-10-01,macao,base_forecast,legacy_ensemble,2315023.489818931,,
2024-11-01,macao,base_forecast,legacy_ensemble,2193751.112731854,,
2024-12-01,macao,base_forecast,legacy_ensemble,2256926.227102901,,
1998-01-01,maldives,observed,target,263.0,,
1998-02-01,maldives,observed,target,250.0,,
1998-03-01,maldives,observed,target,162.0,,
1998-04-01,maldives,observed,target,155.0,,
1998-05-01,maldives,observed,target,197.0,,
1998-06-01,maldives,observed,target,337.0,,
1998-07-01,maldives,observed,target,269.0,,
1998-08-01,maldives,observed,target,364.0,,
1998-09-01,maldives,observed,target,235.0,,
1998-10-01,maldives,observed,target,392.0,,
1998-11-01,maldives,observed,target,252.0,,
1998-12-01,maldives,observed,target,191.0,,
1999-01-01,maldives,observed,target,177.0,,
1999-02-01,maldives,observed,target,584.0,,
1999-03-01,maldives,observed,target,82.0,,
1999-04-01,maldives,observed,target,196.0,,
1999-05-01,maldives,observed,target,259.0,,
1999-06-01,maldives,observed,target,257.0,,
1999-07-01,maldives,observed,target,556.0,,
1999-08-01,maldives,observed,target,506.0,,
1999-09-01,maldives,observed,target,387.0,,
1999-10-01,maldives,observed,target,378.0,,
1999-11-01,maldives,observed,target,290.0,,
1999-12-01,maldives,observed,target,301.0,,
2000-01-01,maldives,observed,target,145.0,,
2000-02-01,maldives,observed,target,856.0,,
2000-03-01,maldives,observed,target,243.0,,
2000-04-01,maldives,observed,target,339.0,,
2000-05-01,maldives,observed,target,341.0,,
2000-06-01,maldives,observed,target,371.0,,
2000-07-01,maldives,observed,target,568.0,,
2000-08-01,maldives,observed,target,588.0,,
2000-09-01,maldives,observed,target,609.0,,
2000-10-01,maldives,observed,target,645.0,,
2000-11-01,maldives,observed,target,225.0,,
2000-12-01,maldives,observed,target,450.0,,
2001-01-01,maldives,observed,target,1023.0,,
2001-02-01,maldives,observed,target,330.0,,
2001-03-01,maldives,observed,target,459.0,,
2001-04-01,maldives,observed,target,734.0,,
2001-05-01,maldives,observed,target,910.0,,
2001-06-01,maldives,observed,target,446.0,,
2001-07-01,maldives,observed,target,584.0,,
2001-08-01,maldives,observed,target,635.0,,
2001-09-01,maldives,observed,target,584.0,,
2001-10-01,maldives,observed,target,776.0,,
2001-11-01,maldives,observed,target,226.0,,
2001-12-01,maldives,observed,target,635.0,,
2002-01-01,maldives,observed,target,468.0,,
2002-02-01,maldives,observed,target,2041.0,,
2002-03-01,maldives,observed,target,527.0,,
2002-04-01,maldives,observed,target,633.0,,
2002-05-01,maldives,observed,target,1324.0,,
2002-06-01,maldives,observed,target,1029.0,,
2002-07-01,maldives,observed,target,1009.0,,
2002-08-01,maldives,observed,target,810.0,,
2002-09-01,maldives,observed,target,1090.0,,
2002-10-01,maldives,observed,target,1626.0,,
2002-11-01,maldives,observed,target,863.0,,
2002-12-01,maldives,observed,target,672.0,,
2003-01-01,maldives,observed,target,1341.0,,
2003-02-01,maldives,observed,target,2074.0,,
2003-03-01,maldives,observed,target,751.0,,
2003-04-01,maldives,observed,target,356.0,,
2003-05-01,maldives,observed,target,38.0,,
2003-06-01,maldives,observed,target,39.0,,
2003-07-01,maldives,observed,target,331.0,,
2003-08-01,maldives,observed,target,1904.0,,
2003-09-01,maldives,observed,target,1845.0,,
2003-10-01,maldives,observed,target,3457.0,,
2003-11-01,maldives,observed,target,1753.0,,
2003-12-01,maldives,observed,target,1132.0,,
2004-01-01,maldives,observed,target,4297.0,,
2004-02-01,maldives,observed,target,829.0,,
2004-03-01,maldives,observed,target,913.0,,
2004-04-01,maldives,observed,target,1278.0,,
2004-05-01,maldives,observed,target,2638.0,,
2004-06-01,maldives,observed,target,1037.0,,
2004-07-01,maldives,observed,target,1830.0,,
2004-08-01,maldives,observed,target,1663.0,,
2004-09-01,maldives,observed,target,1490.0,,
2004-10-01,maldives,observed,target,2430.0,,
2004-11-01,maldives,observed,target,1099.0,,
2004-12-01,maldives,observed,target,1095.0,,
2005-01-01,maldives,observed,target,146.0,,
2005-02-01,maldives,observed,target,202.0,,
2005-03-01,maldives,observed,target,438.0,,
2005-04-01,maldives,observed,target,631.0,,
2005-05-01,maldives,observed,target,754.0,,
2005-06-01,maldives,observed,target,726.0,,
2005-07-01,maldives,observed,target,1515.0,,
2005-08-01,maldives,observed,target,1482.0,,
2005-09-01,maldives,observed,target,1450.0,,
2005-10-01,maldives,observed,target,1824.0,,
2005-11-01,maldives,observed,target,1071.0,,
2005-12-01,maldives,observed,target,1370.0,,
2006-01-01,maldives,observed,target,2852.0,,
2006-02-01,maldives,observed,target,1985.0,,
2006-03-01,maldives,observed,target,1376.0,,
2006-04-01,maldives,observed,target,1479.0,,
2006-05-01,maldives,observed,target,2406.0,,
2006-06-01,maldives,observed,target,1595.0,,
2006-07-01,maldives,observed,target,2230.0,,
2006-08-01,maldives,observed,target,2244.0,,
2006-09-01,maldives,observed,target,2262.0,,
2006-10-01,maldives,observed,target,3090.0,,
2006-11-01,maldives,observed,target,2382.0,,
2006-12-01,maldives,observed,target,2495.0,,
2007-01-01,maldives,observed,target,1855.0,,
2007-02-01,maldives,observed,target,4591.0,,
2007-03-01,maldives,observed,target,1647.0,,
2007-04-01,maldives,observed,target,1981.0,,
2007-05-01,maldives,observed,target,3505.0,,
2007-06-01,maldives,observed,target,2722.0,,
2007-07-01,maldives,observed,target,3159.0,,
2007-08-01,maldives,observed,target,3996.0,,
2007-09-01,maldives,observed,target,3450.0,,
2007-10-01,maldives,observed,target,4097.0,,
2007-11-01,maldives,observed,target,2302.0,,
2007-12-01,maldives,observed,target,2671.0,,
2008-01-01,maldives,observed,target,2569.0,,
2008-02-01,maldives,observed,target,5638.0,,
2008-03-01,maldives,observed,target,2065.0,,
2008-04-01,maldives,observed,target,2408.0,,
2008-05-01,maldives,observed,target,3631.0,,
2008-06-01,maldives,observed,target,3133.0,,
2008-07-01,maldives,observed,target,3903.0,,
2008-08-01,maldives,observed,target,3440.0,,
2008-09-01,maldives,observed,target,4724.0,,
2008-10-01,maldives,observed,target,4286.0,,
2008-11-01,maldives,observed,target,3101.0,,
2008-12-01,maldives,observed,target,2613.0,,
2009-01-01,maldives,observed,target,5912.0,,
2009-02-01,maldives,observed,target,2682.0,,
2009-03-01,maldives,observed,target,2363.0,,
2009-04-01,maldives,observed,target,3417.0,,
2009-05-01,maldives,observed,target,3706.0,,
2009-06-01,maldives,observed,target,3226.0,,
2009-07-01,maldives,observed,target,5206.0,,
2009-08-01,maldives,observed,target,6197.0,,
2009-09-01,maldives,observed,target,6141.0,,
2009-10-01,maldives,observed,target,10805.0,,
2009-11-01,maldives,observed,target,6286.0,,
2009-12-01,maldives,observed,target,4725.0,,
2010-01-01,maldives,observed,target,6069.0,,
2010-02-01,maldives,observed,target,13345.0,,
2010-03-01,maldives,observed,target,6144.0,,
2010-04-01,maldives,observed,target,7060.0,,
2010-05-01,maldives,observed,target,8964.0,,
2010-06-01,maldives,observed,target,8615.0,,
2010-07-01,maldives,observed,target,12449.0,,
2010-08-01,maldives,observed,target,14998.0,,
2010-09-01,maldives,observed,target,13028.0,,
2010-10-01,maldives,observed,target,13476.0,,
2010-11-01,maldives,observed,target,8313.0,,
2010-12-01,maldives,observed,target,6500.0,,
2011-01-01,maldives,observed,target,12367.0,,
2011-02-01,maldives,observed,target,18759.0,,
2011-02-01,maldives,signal,search_index,1314.01,,
2011-03-01,maldives,observed,target,8968.0,,
2011-03-01,maldives,signal,search_index,1575.54,,
2011-04-01,maldives,observed,target,10165.0,,
2011-04-01,maldives,signal,search_index,1477.17,,
2011-05-01,maldives,observed,target,14889.0,,
2011-05-01,maldives,signal,search_index,1454.33,,
2011-06-01,maldives,observed,target,15410.0,,
2011-06-01,maldives,signal,search_index,1565.71,,
2011-07-01,maldives,observed,target,23176.0,,
2011-07-01,maldives,signal,search_index,1655.04,,
2011-08-01,maldives,observed,target,22827.0,,
2011-08-01,maldives,signal,search_index,1752.78,,
2011-09-01,maldives,observed,target,20107.0,,
2011-09-01,maldives,signal,search_index,1781.01,,
2011-10-01,maldives,observed,target,22595.0,,
2011-10-01,maldives,signal,search_index,1603.54,,
2011-11-01,maldives,observed,target,16897.0,,
2011-11-01,maldives,signal,search_index,1614.68,,
2011-12-01,maldives,observed,target,12495.0,,
2011-12-01,maldives,signal,search_index,1742.84,,
2012-01-01,maldives,observed,target,28008.0,,
2012-01-01,maldives,signal,search_index,1617.84,,
2012-02-01,maldives,observed,target,12237.0,,
2012-02-01,maldives,signal,search_index,1534.32,,
2012-03-01,maldives,observed,target,6417.0,,
2012-03-01,maldives,signal,search_index,1942.66,,
2012-04-01,maldives,observed,target,10523.0,,
2012-04-01,maldives,signal,search_index,1596.58,,
2012-05-01,maldives,observed,target,16154.0,,
2012-05-01,maldives,signal,search_index,1325.86,,
2012-06-01,maldives,observed,target,17809.0,,
2012-06-01,maldives,signal,search_index,1811.17,,
2012-07-01,maldives,observed,target,27653.0,,
2012-07-01,maldives,signal,search_index,2068.7,,
2012-08-01,maldives,observed,target,25138.0,,
2012-08-01,maldives,signal,search_index,2196.48,,
2012-09-01,maldives,observed,target,25178.0,,
2012-09-01,maldives,signal,search_index,2934.35,,
2012-10-01,maldives,observed,target,26301.0,,
2012-10-01,maldives,signal,search_index,2641.53,,
2012-11-01,maldives,observed,target,18450.0,,
2012-11-01,maldives,signal,search_index,2443.87,,
2012-12-01,maldives,observed,target,15683.0,,
2012-12-01,maldives,signal,search_index,2277.9,,
2013-01-01,maldives,observed,target,19208.0,,
2013-01-01,maldives,signal,search_index,2481.9,,
2013-02-01,maldives,observed,target,33592.0,,
2013-02-01,maldives,signal,search_index,2329.54,,
2013-03-01,maldives,observed,target,15061.0,,
2013-03-01,maldives,signal,search_index,2494.72,,
2013-04-01,maldives,observed,target,17279.0,,
2013-04-01,maldives,signal,search_index,2709.44,,
2013-05-01,maldives,observed,target,22920.0,,
2013-05-01,maldives,signal,search_index,2331.3,,
2013-06-01,maldives,observed,target,23905.0,,
2013-06-01,maldives,signal,search_index,2586.02,,
2013-07-01,maldives,observed,target,35461.0,,
2013-07-01,maldives,signal,search_index,2833.67,,
2013-08-01,maldives,observed,target,31517.0,,
2013-08-01,maldives,signal,search_index,2829.84,,
2013-09-01,maldives,observed,target,29802.0,,
2013-09-01,maldives,signal,search_index,2646.35,,
2013-10-01,maldives,observed,target,30065.0,,
2013-10-01,maldives,signal,search_index,2519.2,,
2013-11-01,maldives,observed,target,35423.0,,
2013-11-01,maldives,signal,search_index,2397.19,,
2013-12-01,maldives,observed,target,17002.0,,
2013-12-01,maldives,signal,search_index,2077.7,,
2014-01-01,maldives,observed,target,30612.0,,
2014-01-01,maldives,signal,search_index,2170.41,,
2014-02-01,maldives,observed,target,33213.0,,
2014-02-01,maldives,signal,search_index,2371.74,,
2014-03-01,maldives,observed,target,23705.0,,
2014-03-01,maldives,signal,search_index,2865.17,,
2014-04-01,maldives,observed,target,24034.0,,
2014-04-01,maldives,signal,search_index,2197.39,,
2014-05-01,maldives,observed,target,29685.0,,
2014-05-01,maldives,signal,search_index,1860.0,,
2014-06-01,maldives,observed,target,30000.0,,
2014-06-01,maldives,signal,search_index,1979.23,,
2014-07-01,maldives,observed,target,43269.0,,
2014-07-01,maldives,signal,search_index,2244.13,,
2014-08-01,maldives,observed,target,37895.0,,
2014-08-01,maldives,signal,search_index,2547.29,,
2014-09-01,maldives,observed,target,34425.0,,
2014-09-01,maldives,signal,search_index,2165.65,,
2014-10-01,maldives,observed,target,33828.0,,
2014-10-01,maldives,signal,search_index,2403.83,,
2014-11-01,maldives,observed,target,24729.0,,
2014-11-01,maldives,signal,search_index,2053.03,,
2014-12-01,maldives,observed,target,18231.0,,
2014-12-01,maldives,signal,search_index,1679.73,,
2015-01-01,maldives,observed,target,20469.0,,
2015-01-01,maldives,signal,search_index,2193.03,,
2015-02-01,maldives,observed,target,43349.0,,
2015-02-01,maldives,signal,search_index,2187.36,,
2015-03-01,maldives,observed,target,25069.0,,
2015-03-01,maldives,signal,search_index,1971.39,,
2015-04-01,maldives,observed,target,26398.0,,
2015-04-01,maldives,signal,search_index,2302.42,,
2015-05-01,maldives,observed,target,30864.0,,
2015-05-01,maldives,signal,search_index,1773.16,,
2015-06-01,maldives,observed,target,31965.0,,
2015-06-01,maldives,signal,search_index,1897.87,,
2015-07-01,maldives,observed,target,41527.0,,
2015-07-01,maldives,signal,search_index,2144.13,,
2015-08-01,maldives,observed,target,40850.0,,
2015-08-01,maldives,signal,search_index,2438.13,,
2015-09-01,maldives,observed,target,32198.0,,
2015-09-01,maldives,signal,search_index,2385.23,,
2015-10-01,maldives,observed,target,30714.0,,
2015-10-01,maldives,signal,search_index,1879.36,,
2015-11-01,maldives,observed,target,19856.0,,
2015-11-01,maldives,signal,search_index,1524.84,,
2015-12-01,maldives,observed,target,16255.0,,
2015-12-01,maldives,signal,search_index,1352.5,,
2016-01-01,maldives,observed,target,23241.0,,
2016-01-01,maldives,signal,search_index,1340.06,,
2016-02-01,maldives,observed,target,34330.0,,
2016-02-01,maldives,signal,search_index,1343.55,,
2016-03-01,maldives,observed,target,21741.0,,
2016-03-01,maldives,signal,search_index,1404.03,,
2016-04-01,maldives,observed,target,24794.0,,
2016-04-01,maldives,signal,search_index,1324.77,,
2016-05-01,maldives,observed,target,25005.0,,
2016-05-01,maldives,signal,search_index,1231.1,,
2016-06-01,maldives,observed,target,28653.0,,
2016-06-01,maldives,signal,search_index,1297.01,,
2016-07-01,maldives,observed,target,36456.0,,
2016-07-01,maldives,signal,search_index,1461.27,,
2016-08-01,maldives,observed,target,36217.0,,
2016-08-01,maldives,signal,search_index,1466.8,,
2016-09-01,maldives,observed,target,29242.0,,
2016-09-01,maldives,signal,search_index,1181.29,,
2016-10-01,maldives,observed,target,29444.0,,
2016-10-01,maldives,signal,search_index,1090.26,,
2016-11-01,maldives,observed,target,18954.0,,
2016-11-01,maldives,signal,search_index,1056.0,,
2016-12-01,maldives,observed,target,16249.0,,
2016-12-01,maldives,signal,search_index,1055.1,,
2017-01-01,maldives,observed,target,30669.0,,
2017-01-01,maldives,signal,search_index,1141.78,,
2017-02-01,maldives,observed,target,24263.0,,
2017-02-01,maldives,signal,search_index,1377.93,,
2017-03-01,maldives,observed,target,18203.0,,
2017-03-01,maldives,signal,search_index,1543.54,,
2017-04-01,maldives,observed,target,20975.0,,
2017-04-01,maldives,signal,search_index,1397.81,,
2017-05-01,maldives,observed,target,23225.0,,
2017-05-01,maldives,signal,search_index,1212.74,,
2017-06-01,maldives,observed,target,24160.0,,
2017-06-01,maldives,signal,search_index,1318.29,,
2017-07-01,maldives,observed,target,34276.0,,
2017-07-01,maldives,signal,search_index,1303.7,,
2017-08-01,maldives,observed,target,33743.0,,
2017-08-01,maldives,signal,search_index,1294.94,,
2017-09-01,maldives,observed,target,27214.0,,
2017-09-01,maldives,signal,search_index,1303.0,,
2017-10-01,maldives,observed,target,28689.0,,
2017-10-01,maldives,signal,search_index,1138.53,,
2017-11-01,maldives,observed,target,21195.0,,
2017-11-01,maldives,signal,search_index,974.52,,
2017-12-01,maldives,observed,target,19918.0,,
2017-12-01,maldives,signal,search_index,904.27,,
2018-01-01,maldives,observed,target,25830.0,,
2018-01-01,maldives,signal,search_index,964.62,,
2018-02-01,maldives,observed,target,33506.0,,
2018-02-01,maldives,signal,search_index,1085.87,,
2018-03-01,maldives,observed,target,13203.0,,
2018-03-01,maldives,signal,search_index,972.0,,
2018-04-01,maldives,observed,target,15093.0,,
2018-04-01,maldives,signal,search_index,886.72,,
2018-05-01,maldives,observed,target,16927.0,,
2018-05-01,maldives,signal,search_index,901.2,,
2018-06-01,maldives,observed,target,22853.0,,
2018-06-01,maldives,signal,search_index,970.33,,
2018-07-01,maldives,observed,target,33227.0,,
2018-07-01,maldives,signal,search_index,1313.46,,
2018-08-01,maldives,observed,target,33472.0,,
2018-08-01,maldives,signal,search_index,1777.94,,
2018-09-01,maldives,observed,target,27997.0,,
2018-09-01,maldives,signal,search_index,1641.97,,
2018-10-01,maldives,observed,target,25803.0,,
2018-10-01,maldives,signal,search_index,1562.04,,
2018-11-01,maldives,observed,target,18465.0,,
2018-11-01,maldives,signal,search_index,1457.9,,
2018-12-01,maldives,observed,target,16740.0,,
2018-12-01,maldives,signal,search_index,1307.9,,
2019-01-01,maldives,observed,target,25804.0,,
2019-01-01,maldives,signal,flight_capacity,97.0,,
2019-01-01,maldives,signal,search_index,1674.88,,
2019-02-01,maldives,observed,target,31285.0,,
2019-02-01,maldives,signal,flight_capacity,107.0,,
2019-02-01,maldives,signal,search_index,1683.19,,
2019-03-01,maldives,observed,target,19479.0,,
2019-03-01,maldives,signal,flight_capacity,94.0,,
2019-03-01,maldives,signal,search_index,1715.79,,
2019-04-01,maldives,observed,target,18704.0,,
2019-04-01,maldives,signal,flight_capacity,97.0,,
2019-04-01,maldives,signal,search_index,1568.83,,
2019-05-01,maldives,observed,target,21010.0,,
2019-05-01,maldives,signal,flight_capacity,118.0,,
2019-05-01,maldives,signal,search_index,1075.87,,
2019-06-01,maldives,observed,target,23983.0,,
2019-06-01,maldives,signal,flight_capacity,118.0,,
2019-06-01,maldives,signal,search_index,953.0600000000002,,
2019-07-01,maldives,observed,target,32569.0,,
2019-07-01,maldives,signal,flight_capacity,125.0,,
2019-07-01,maldives,signal,search_index,1402.67,,
2019-08-01,maldives,observed,target,32757.0,,
2019-08-01,maldives,signal,flight_capacity,130.0,,
2019-08-01,maldives,signal,search_index,1493.71,,
2019-09-01,maldives,observed,target,24758.0,,
2019-09-01,maldives,signal,flight_capacity,115.0,,
2019-09-01,maldives,signal,search_index,1339.52,,
2019-10-01,maldives,observed,target,21926.0,,
2019-10-01,maldives,signal,flight_capacity,113.0,,
2019-10-01,maldives,signal,search_index,1254.3,,
2019-11-01,maldives,observed,target,15600.0,,
2019-11-01,maldives,signal,flight_capacity,101.0,,
2019-11-01,maldives,signal,search_index,1226.0,,
2019-12-01,maldives,observed,target,16154.0,,
2019-12-01,maldives,signal,flight_capacity,103.0,,
2019-12-01,maldives,signal,search_index,1199.5,,
2020-01-01,maldives,observed,target,31744.0,,
2020-01-01,maldives,signal,flight_capacity,132.0,,
2020-01-01,maldives,signal,search_index,1405.09,,
2020-02-01,maldives,observed,target,1647.0,,
2020-02-01,maldives,signal,flight_capacity,21.0,,
2020-02-01,maldives,signal,search_index,1148.71,,
2020-03-01,maldives,observed,target,498.0,,
2020-03-01,maldives,signal,flight_capacity,0.0,,
2020-03-01,maldives,signal,search_index,806.75,,
2020-04-01,maldives,observed,target,0.0,,
2020-04-01,maldives,signal,flight_capacity,0.0,,
2020-04-01,maldives,signal,search_index,612.3199999999999,,
2020-05-01,maldives,observed,target,0.0,,
2020-05-01,maldives,signal,flight_capacity,4.0,,
2020-05-01,maldives,signal,search_index,529.44,,
2020-06-01,maldives,observed,target,0.0,,
2020-06-01,maldives,signal,flight_capacity,0.0,,
2020-06-01,maldives,signal,search_index,514.7,,
2020-07-01,maldives,observed,target,16.0,,
2020-07-01,maldives,signal,flight_capacity,0.0,,
2020-07-01,maldives,signal,search_index,538.14,,
2020-08-01,maldives,observed,target,34.0,,
2020-08-01,maldives,signal,flight_capacity,0.0,,
2020-08-01,maldives,signal,search_index,475.39,,
2020-09-01,maldives,observed,target,33.0,,
2020-09-01,maldives,signal,flight_capacity,0.0,,
2020-09-01,maldives,signal,search_index,470.86,,
2020-10-01,maldives,observed,target,41.0,,
2020-10-01,maldives,signal,flight_capacity,0.0,,
2020-10-01,maldives,signal,search_index,499.96,,
2020-11-01,maldives,observed,target,61.0,,
2020-11-01,maldives,signal,flight_capacity,0.0,,
2020-11-01,maldives,signal,search_index,434.0,,
2020-12-01,maldives,observed,target,171.0,,
2020-12-01,maldives,signal,flight_capacity,0.0,,
2020-12-01,maldives,signal,search_index,418.83,,
2021-01-01,maldives,observed,target,122.0,,
2021-01-01,maldives,signal,flight_capacity,0.0,,
2021-01-01,maldives,signal,search_index,390.29,,
2021-02-01,maldives,observed,target,108.0,,
2021-02-01,maldives,signal,flight_capacity,0.0,,
2021-02-01,maldives,signal,search_index,369.19,,
2021-03-01,maldives,observed,target,132.0,,
2021-03-01,maldives,signal,flight_capacity,0.0,,
2021-03-01,maldives,signal,search_index,363.25,,
2021-04-01,maldives,observed,target,142.0,,
2021-04-01,maldives,signal,flight_capacity,0.0,,
2021-04-01,maldives,signal,search_index,383.77,,
2021-05-01,maldives,observed,target,149.0,,
2021-05-01,maldives,signal,flight_capacity,0.0,,
2021-05-01,maldives,signal,search_index,345.9,,
2021-06-01,maldives,observed,target,85.0,,
2021-06-01,maldives,signal,flight_capacity,0.0,,
2021-06-01,maldives,signal,search_index,324.1,,
2021-07-01,maldives,observed,target,181.0,,
2021-07-01,maldives,signal,flight_capacity,0.0,,
2021-07-01,maldives,signal,search_index,351.03,,
2021-08-01,maldives,observed,target,273.0,,
2021-08-01,maldives,signal,flight_capacity,0.0,,
2021-08-01,maldives,signal,search_index,351.45,,
2021-09-01,maldives,observed,target,153.0,,
2021-09-01,maldives,signal,flight_capacity,0.0,,
2021-09-01,maldives,signal,search_index,299.61,,
2021-10-01,maldives,observed,target,247.0,,
2021-10-01,maldives,signal,flight_capacity,0.0,,
2021-10-01,maldives,signal,search_index,276.4,,
2021-11-01,maldives,observed,target,199.0,,
2021-11-01,maldives,signal,flight_capacity,0.0,,
2021-11-01,maldives,signal,search_index,289.58,,
2021-12-01,maldives,observed,target,447.0,,
2021-12-01,maldives,signal,flight_capacity,0.0,,
2021-12-01,maldives,signal,search_index,275.6,,
2022-01-01,maldives,observed,target,314.0,,
2022-01-01,maldives,signal,flight_capacity,0.0,,
2022-01-01,maldives,signal,search_index,261.03,,
2022-02-01,maldives,observed,target,282.0,,
2022-02-01,maldives,signal,flight_capacity,0.0,,
2022-02-01,maldives,signal,search_index,237.32,,
2022-03-01,maldives,observed,target,399.0,,
2022-03-01,maldives,signal,flight_capacity,0.0,,
2022-03-01,maldives,signal,search_index,276.46,,
2022-04-01,maldives,observed,target,705.0,,
2022-04-01,maldives,signal,flight_capacity,0.0,,
2022-04-01,maldives,signal,search_index,262.52,,
2022-05-01,maldives,observed,target,726.0,,
2022-05-01,maldives,signal,flight_capacity,0.0,,
2022-05-01,maldives,signal,search_index,368.4299999999999,,
2022-06-01,maldives,observed,target,1071.0,,
2022-06-01,maldives,signal,flight_capacity,0.0,,
2022-06-01,maldives,signal,search_index,348.36,,
2022-07-01,maldives,observed,target,1544.0,,
2022-07-01,maldives,signal,flight_capacity,0.0,,
2022-07-01,maldives,signal,search_index,368.0,,
2022-08-01,maldives,observed,target,1253.0,,
2022-08-01,maldives,signal,flight_capacity,0.0,,
2022-08-01,maldives,signal,search_index,395.07,,
2022-09-01,maldives,observed,target,1054.0,,
2022-09-01,maldives,signal,flight_capacity,0.0,,
2022-09-01,maldives,signal,search_index,340.0,,
2022-10-01,maldives,observed,target,1157.0,,
2022-10-01,maldives,signal,flight_capacity,0.0,,
2022-10-01,maldives,signal,search_index,288.3,,
2022-11-01,maldives,observed,target,1175.0,,
2022-11-01,maldives,signal,flight_capacity,0.0,,
2022-11-01,maldives,signal,search_index,298.85,,
2022-12-01,maldives,observed,target,2468.0,,
2022-12-01,maldives,signal,flight_capacity,0.0,,
2022-12-01,maldives,signal,search_index,301.77,,
2023-01-01,maldives,base_forecast,legacy_ensemble,22429.20749842927,,
2023-01-01,maldives,observed,target,5796.0,,
2023-01-01,maldives,reference_forecast,legacy_average,5320.571428571428,,
2023-01-01,maldives,signal,flight_capacity,6.0,,
2023-01-01,maldives,signal,search_index,463.81,,
2023-02-01,maldives,base_forecast,legacy_ensemble,27214.58733715741,,
2023-02-01,maldives,reference_forecast,legacy_average,20352.83842563169,,
2023-02-01,maldives,signal,flight_capacity,27.0,,
2023-02-01,maldives,signal,search_index,613.25,,
2023-03-01,maldives,base_forecast,legacy_ensemble,14888.97273853132,,
2023-03-01,maldives,reference_forecast,legacy_average,17712.004637984,,
2023-03-01,maldives,signal,flight_capacity,38.0,,
2023-03-01,maldives,signal,search_index,736.75,,
2023-04-01,maldives,base_forecast,legacy_ensemble,15819.04784299372,,
2023-04-01,maldives,reference_forecast,legacy_average,23249.16225509066,,
2023-04-01,maldives,signal,flight_capacity,48.0,,
2023-04-01,maldives,signal,search_index,632.17,,
2023-05-01,maldives,base_forecast,legacy_ensemble,18394.29784667087,,
2023-05-01,maldives,reference_forecast,legacy_average,35758.66246466785,,
2023-05-01,maldives,signal,flight_capacity,62.0,,
2023-05-01,maldives,signal,search_index,828.7,,
2023-06-01,maldives,base_forecast,legacy_ensemble,20156.6484451807,,
2023-06-01,maldives,reference_forecast,legacy_average,42767.10788985419,,
2023-06-01,maldives,signal,flight_capacity,62.0,,
2023-06-01,maldives,signal,search_index,1107.677419354839,,
2023-07-01,maldives,base_forecast,legacy_ensemble,28229.25476842694,,
2023-08-01,maldives,base_forecast,legacy_ensemble,27947.72037531558,,
2023-08-01,maldives,recovery_forecast,legacy_final,29149.44744489148,,
2023-09-01,maldives,base_forecast,legacy_ensemble,22336.45424985083,,
2023-09-01,maldives,recovery_forecast,legacy_final,24969.14331715615,,
2023-10-01,maldives,base_forecast,legacy_ensemble,22088.83438064509,,
2023-10-01,maldives,recovery_forecast,legacy_final,24957.32000975992,,
2023-11-01,maldives,base_forecast,legacy_ensemble,15274.18748040608,,
2023-11-01,maldives,recovery_forecast,legacy_final,17574.64758922768,,
2023-12-01,maldives,base_forecast,legacy_ensemble,13357.06647195596,,
2023-12-01,maldives,recovery_forecast,legacy_final,12874.60341320766,,
2024-01-01,maldives,base_forecast,legacy_ensemble,20927.52114604358,,
2024-01-01,maldives,recovery_forecast,legacy_final,20429.22168877111,,
2024-02-01,maldives,base_forecast,legacy_ensemble,25810.06889632117,,
2024-02-01,maldives,recovery_forecast,legacy_final,25639.75522725156,,
2024-03-01,maldives,base_forecast,legacy_ensemble,13569.78553414122,,
2024-03-01,maldives,recovery_forecast,legacy_final,13262.76422573589,,
2024-04-01,maldives,base_forecast,legacy_ensemble,14468.37640401093,,
2024-04-01,maldives,recovery_forecast,legacy_final,14552.04203044802,,
2024-05-01,maldives,base_forecast,legacy_ensemble,16938.33048534546,,
2024-05-01,maldives,recovery_forecast,legacy_final,17189.05968200315,,
2024-06-01,maldives,base_forecast,legacy_ensemble,18721.9838214782,,
2024-06-01,maldives,recovery_forecast,legacy_final,17008.92373046694,,
2024-07-01,maldives,base_forecast,legacy_ensemble,26669.69073383916,,
2024-07-01,maldives,recovery_forecast,legacy_final,21981.78855927048,,
2024-07-01,maldives,terminal_forecast,intervention_adjusted,21335.75258707133,,
2024-08-01,maldives,base_forecast,legacy_ensemble,26518.38144849124,,
2024-09-01,maldives,base_forecast,legacy_ensemble,20866.80461395964,,
2024-10-01,maldives,base_forecast,legacy_ensemble,20573.38524989457,,
2024-11-01,maldives,base_forecast,legacy_ensemble,13877.89647204748,,
2024-12-01,maldives,base_forecast,legacy_ensemble,12050.2645914382,,
2005-01-01,mexico,observed,target,793.0,,
2005-02-01,mexico,observed,target,688.0,,
2005-03-01,mexico,observed,target,828.0,,
2005-04-01,mexico,observed,target,782.0,,
2005-05-01,mexico,observed,target,848.0,,
2005-06-01,mexico,observed,target,996.0,,
2005-07-01,mexico,observed,target,1184.0,,
2005-08-01,mexico,observed,target,850.0,,
2005-09-01,mexico,observed,target,969.0,,
2005-10-01,mexico,observed,target,881.0,,
2005-11-01,mexico,observed,target,841.0,,
2005-12-01,mexico,observed,target,909.0,,
2006-01-01,mexico,observed,target,623.0,,
2006-02-01,mexico,observed,target,795.0,,
2006-03-01,mexico,observed,target,995.0,,
2006-04-01,mexico,observed,target,682.0,,
2006-05-01,mexico,observed,target,848.0,,
2006-06-01,mexico,observed,target,846.0,,
2006-07-01,mexico,observed,target,1205.0,,
2006-08-01,mexico,observed,target,926.0,,
2006-09-01,mexico,observed,target,1042.0,,
2006-10-01,mexico,observed,target,1196.0,,
2006-11-01,mexico,observed,target,1377.0,,
2006-12-01,mexico,observed,target,1526.0,,
2007-01-01,mexico,observed,target,932.0,,
2007-02-01,mexico,observed,target,837.0,,
2007-03-01,mexico,observed,target,1400.0,,
2007-04-01,mexico,observed,target,1218.0,,
2007-05-01,mexico,observed,target,1293.0,,
2007-06-01,mexico,observed,target,1375.0,,
2007-07-01,mexico,observed,target,1909.0,,
2007-08-01,mexico,observed,target,1442.0,,
2007-09-01,mexico,observed,target,1724.0,,
2007-10-01,mexico,observed,target,1642.0,,
2007-11-01,mexico,observed,target,1750.0,,
2007-12-01,mexico,observed,target,1967.0,,
2008-01-01,mexico,observed,target,1263.0,,
2008-02-01,mexico,observed,target,1339.0,,
2008-03-01,mexico,observed,target,1536.0,,
2008-04-01,mexico,observed,target,1925.0,,
2008-05-01,mexico,observed,target,1522.0,,
2008-06-01,mexico,observed,target,1220.0,,
2008-07-01,mexico,observed,target,1827.0,,
2008-08-01,mexico,observed,target,1699.0,,
2008-09-01,mexico,observed,target,1501.0,,
2008-10-01,mexico,observed,target,1527.0,,
2008-11-01,mexico,observed,target,2044.0,,
2008-12-01,mexico,observed,target,2500.0,,
2009-01-01,mexico,observed,target,1483.0,,
2009-02-01,mexico,observed,target,1823.0,,
2009-03-01,mexico,observed,target,2108.0,,
2009-04-01,mexico,observed,target,1512.0,,
2009-05-01,mexico,observed,target,310.0,,
2009-06-01,mexico,observed,target,676.0,,
2009-07-01,mexico,observed,target,1031.0,,
2009-08-01,mexico,observed,target,1245.0,,
2009-09-01,mexico,observed,target,1365.0,,
2009-10-01,mexico,observed,target,1529.0,,
2009-11-01,mexico,observed,target,1796.0,,
2009-12-01,mexico,observed,target,2342.0,,
2010-01-01,mexico,observed,target,1635.0,,
2010-02-01,mexico,observed,target,1575.0,,
2010-03-01,mexico,observed,target,2522.0,,
2010-04-01,mexico,observed,target,2234.0,,
2010-05-01,mexico,observed,target,2358.0,,
2010-06-01,mexico,observed,target,1898.0,,
2010-07-01,mexico,observed,target,2733.0,,
2010-08-01,mexico,observed,target,2683.0,,
2010-09-01,mexico,observed,target,2174.0,,
2010-10-01,mexico,observed,target,2401.0,,
2010-11-01,mexico,observed,target,2926.0,,
2010-12-01,mexico,observed,target,3259.0,,
2011-01-01,mexico,observed,target,2217.0,,
2011-02-01,mexico,observed,target,2497.0,,
2011-02-01,mexico,signal,search_index,189.35,,
2011-03-01,mexico,observed,target,3477.0,,
2011-03-01,mexico,signal,search_index,212.71,,
2011-04-01,mexico,observed,target,2592.0,,
2011-04-01,mexico,signal,search_index,222.84,,
2011-05-01,mexico,observed,target,2923.0,,
2011-05-01,mexico,signal,search_index,236.57,,
2011-06-01,mexico,observed,target,2664.0,,
2011-06-01,mexico,signal,search_index,227.35,,
2011-07-01,mexico,observed,target,2988.0,,
2011-07-01,mexico,signal,search_index,227.56,,
2011-08-01,mexico,observed,target,3063.0,,
2011-08-01,mexico,signal,search_index,214.84,,
2011-09-01,mexico,observed,target,2963.0,,
2011-09-01,mexico,signal,search_index,232.0,,
2011-10-01,mexico,observed,target,2988.0,,
2011-10-01,mexico,signal,search_index,250.8,,
2011-11-01,mexico,observed,target,3622.0,,
2011-11-01,mexico,signal,search_index,272.1,,
2011-12-01,mexico,observed,target,4884.0,,
2011-12-01,mexico,signal,search_index,230.2,,
2012-01-01,mexico,observed,target,3360.0,,
2012-01-01,mexico,signal,search_index,230.32,,
2012-02-01,mexico,observed,target,2864.0,,
2012-02-01,mexico,signal,search_index,244.2,,
2012-03-01,mexico,observed,target,5020.0,,
2012-03-01,mexico,signal,search_index,287.17,,
2012-04-01,mexico,observed,target,3291.0,,
2012-04-01,mexico,signal,search_index,273.35,,
2012-05-01,mexico,observed,target,3552.0,,
2012-05-01,mexico,signal,search_index,268.37,,
2012-06-01,mexico,observed,target,3637.0,,
2012-06-01,mexico,signal,search_index,292.48,,
2012-07-01,mexico,observed,target,3521.0,,
2012-07-01,mexico,signal,search_index,288.7,,
2012-08-01,mexico,observed,target,3269.0,,
2012-08-01,mexico,signal,search_index,301.71,,
2012-09-01,mexico,observed,target,3818.0,,
2012-09-01,mexico,signal,search_index,300.39,,
2012-10-01,mexico,observed,target,3675.0,,
2012-10-01,mexico,signal,search_index,292.44,,
2012-11-01,mexico,observed,target,5221.0,,
2012-11-01,mexico,signal,search_index,300.58,,
2012-12-01,mexico,observed,target,6582.0,,
2012-12-01,mexico,signal,search_index,336.43,,
2013-01-01,mexico,observed,target,3757.0,,
2013-01-01,mexico,signal,search_index,363.94,,
2013-02-01,mexico,observed,target,3551.0,,
2013-02-01,mexico,signal,search_index,317.83,,
2013-03-01,mexico,observed,target,8586.0,,
2013-03-01,mexico,signal,search_index,293.25,,
2013-04-01,mexico,observed,target,3740.0,,
2013-04-01,mexico,signal,search_index,309.06,,
2013-05-01,mexico,observed,target,4619.0,,
2013-05-01,mexico,signal,search_index,304.47,,
2013-06-01,mexico,observed,target,4046.0,,
2013-06-01,mexico,signal,search_index,306.84,,
2013-07-01,mexico,observed,target,4137.0,,
2013-07-01,mexico,signal,search_index,327.9,,
2013-08-01,mexico,observed,target,4716.0,,
2013-08-01,mexico,signal,search_index,292.36,,
2013-09-01,mexico,observed,target,3954.0,,
2013-09-01,mexico,signal,search_index,300.64,,
2013-10-01,mexico,observed,target,4061.0,,
2013-10-01,mexico,signal,search_index,280.77,,
2013-11-01,mexico,observed,target,6040.0,,
2013-11-01,mexico,signal,search_index,302.33,,
2013-12-01,mexico,observed,target,9331.0,,
2013-12-01,mexico,signal,search_index,304.03,,
2014-01-01,mexico,observed,target,5091.0,,
2014-01-01,mexico,signal,search_index,304.9,,
2014-02-01,mexico,observed,target,5053.0,,
2014-02-01,mexico,signal,search_index,298.94,,
2014-03-01,mexico,observed,target,10838.0,,
2014-03-01,mexico,signal,search_index,332.71,,
2014-04-01,mexico,observed,target,4734.0,,
2014-04-01,mexico,signal,search_index,332.42,,
2014-05-01,mexico,observed,target,5550.0,,
2014-05-01,mexico,signal,search_index,331.63,,
2014-06-01,mexico,observed,target,4750.0,,
2014-06-01,mexico,signal,search_index,350.29,,
2014-07-01,mexico,observed,target,5398.0,,
2014-07-01,mexico,signal,search_index,379.27,,
2014-08-01,mexico,observed,target,5430.0,,
2014-08-01,mexico,signal,search_index,345.19,,
2014-09-01,mexico,observed,target,4379.0,,
2014-09-01,mexico,signal,search_index,345.0,,
2014-10-01,mexico,observed,target,4945.0,,
2014-10-01,mexico,signal,search_index,327.77,,
2014-11-01,mexico,observed,target,7615.0,,
2014-11-01,mexico,signal,search_index,324.13,,
2014-12-01,mexico,observed,target,11882.0,,
2014-12-01,mexico,signal,search_index,339.93,,
2015-01-01,mexico,observed,target,3411.0,,
2015-01-01,mexico,signal,search_index,316.55,,
2015-02-01,mexico,observed,target,4025.0,,
2015-02-01,mexico,signal,search_index,330.23,,
2015-03-01,mexico,observed,target,6738.0,,
2015-03-01,mexico,signal,search_index,328.96,,
2015-04-01,mexico,observed,target,3812.0,,
2015-04-01,mexico,signal,search_index,362.55,,
2015-05-01,mexico,observed,target,4418.0,,
2015-05-01,mexico,signal,search_index,389.03,,
2015-06-01,mexico,observed,target,3472.0,,
2015-06-01,mexico,signal,search_index,362.42,,
2015-07-01,mexico,observed,target,5921.0,,
2015-07-01,mexico,signal,search_index,350.33,,
2015-08-01,mexico,observed,target,6772.0,,
2015-08-01,mexico,signal,search_index,369.58,,
2015-09-01,mexico,observed,target,6684.0,,
2015-09-01,mexico,signal,search_index,358.83,,
2015-10-01,mexico,observed,target,6945.0,,
2015-10-01,mexico,signal,search_index,353.73,,
2015-11-01,mexico,observed,target,10086.0,,
2015-11-01,mexico,signal,search_index,355.0,,
2015-12-01,mexico,observed,target,16307.0,,
2015-12-01,mexico,signal,search_index,373.54,,
2016-01-01,mexico,observed,target,8547.0,,
2016-01-01,mexico,signal,search_index,367.09,,
2016-02-01,mexico,observed,target,9311.0,,
2016-02-01,mexico,signal,search_index,359.26,,
2016-03-01,mexico,observed,target,15143.0,,
2016-03-01,mexico,signal,search_index,353.76,,
2016-04-01,mexico,observed,target,8623.0,,
2016-04-01,mexico,signal,search_index,486.68,,
2016-05-01,mexico,observed,target,9661.0,,
2016-05-01,mexico,signal,search_index,479.9,,
2016-06-01,mexico,observed,target,8081.0,,
2016-06-01,mexico,signal,search_index,456.94,,
2016-07-01,mexico,observed,target,7457.0,,
2016-07-01,mexico,signal,search_index,410.33,,
2016-08-01,mexico,observed,target,8419.0,,
2016-08-01,mexico,signal,search_index,376.71,,
2016-09-01,mexico,observed,target,8330.0,,
2016-09-01,mexico,signal,search_index,375.49,,
2016-10-01,mexico,observed,target,8351.0,,
2016-10-01,mexico,signal,search_index,374.6,,
2016-11-01,mexico,observed,target,11652.0,,
2016-11-01,mexico,signal,search_index,376.52,,
2016-12-01,mexico,observed,target,20160.0,,
2016-12-01,mexico,signal,search_index,386.06,,
2017-01-01,mexico,observed,target,11324.0,,
2017-01-01,mexico,signal,search_index,390.48,,
2017-02-01,mexico,observed,target,9634.0,,
2017-02-01,mexico,signal,search_index,380.58,,
2017-03-01,mexico,observed,target,16735.0,,
2017-03-01,mexico,signal,search_index,469.25,,
2017-04-01,mexico,observed,target,10543.0,,
2017-04-01,mexico,signal,search_index,476.23,,
2017-05-01,mexico,observed,target,9710.0,,
2017-05-01,mexico,signal,search_index,429.1,,
2017-06-01,mexico,observed,target,10565.0,,
2017-06-01,mexico,signal,search_index,451.49,,
2017-07-01,mexico,observed,target,8077.0,,
2017-07-01,mexico,signal,search_index,456.64,,
2017-08-01,mexico,observed,target,8976.0,,
2017-08-01,mexico,signal,search_index,463.29,,
2017-09-01,mexico,observed,target,9170.0,,
2017-09-01,mexico,signal,search_index,469.22,,
2017-10-01,mexico,observed,target,8955.0,,
2017-10-01,mexico,signal,search_index,486.4,,
2017-11-01,mexico,observed,target,14247.0,,
2017-11-01,mexico,signal,search_index,453.74,,
2017-12-01,mexico,observed,target,23756.0,,
2017-12-01,mexico,signal,search_index,490.13,,
2018-01-01,mexico,observed,target,11984.0,,
2018-01-01,mexico,signal,search_index,579.25,,
2018-02-01,mexico,observed,target,16659.0,,
2018-02-01,mexico,signal,search_index,512.55,,
2018-03-01,mexico,observed,target,23805.0,,
2018-03-01,mexico,signal,search_index,516.1500000000001,,
2018-04-01,mexico,observed,target,12312.0,,
2018-04-01,mexico,signal,search_index,539.0699999999999,,
2018-05-01,mexico,observed,target,12067.0,,
2018-05-01,mexico,signal,search_index,496.9,,
2018-06-01,mexico,observed,target,11388.0,,
2018-06-01,mexico,signal,search_index,479.55,,
2018-07-01,mexico,observed,target,9953.0,,
2018-07-01,mexico,signal,search_index,516.23,,
2018-08-01,mexico,observed,target,10736.0,,
2018-08-01,mexico,signal,search_index,484.52,,
2018-09-01,mexico,observed,target,12023.0,,
2018-09-01,mexico,signal,search_index,456.67,,
2018-10-01,mexico,observed,target,12112.0,,
2018-10-01,mexico,signal,search_index,447.87,,
2018-11-01,mexico,observed,target,13948.0,,
2018-11-01,mexico,signal,search_index,463.61,,
2018-12-01,mexico,observed,target,20676.0,,
2018-12-01,mexico,signal,search_index,471.33,,
2019-01-01,mexico,observed,target,12312.0,,
2019-01-01,mexico,signal,flight_capacity,44.0,,
2019-01-01,mexico,signal,search_index,478.58,,
2019-02-01,mexico,observed,target,15640.0,,
2019-02-01,mexico,signal,flight_capacity,40.0,,
2019-02-01,mexico,signal,search_index,533.77,,
2019-03-01,mexico,observed,target,22113.0,,
2019-03-01,mexico,signal,flight_capacity,47.0,,
2019-03-01,mexico,signal,search_index,538.75,,
2019-04-01,mexico,observed,target,12099.0,,
2019-04-01,mexico,signal,flight_capacity,52.0,,
2019-04-01,mexico,signal,search_index,496.68,,
2019-05-01,mexico,observed,target,12513.0,,
2019-05-01,mexico,signal,flight_capacity,53.0,,
2019-05-01,mexico,signal,search_index,462.43,,
2019-06-01,mexico,observed,target,11431.0,,
2019-06-01,mexico,signal,flight_capacity,51.0,,
2019-06-01,mexico,signal,search_index,457.39,,
2019-07-01,mexico,observed,target,10353.0,,
2019-07-01,mexico,signal,flight_capacity,46.0,,
2019-07-01,mexico,signal,search_index,482.9,,
2019-08-01,mexico,observed,target,11203.0,,
2019-08-01,mexico,signal,flight_capacity,46.0,,
2019-08-01,mexico,signal,search_index,442.48,,
2019-09-01,mexico,observed,target,11694.0,,
2019-09-01,mexico,signal,flight_capacity,43.0,,
2019-09-01,mexico,signal,search_index,448.13,,
2019-10-01,mexico,observed,target,12182.0,,
2019-10-01,mexico,signal,flight_capacity,44.0,,
2019-10-01,mexico,signal,search_index,460.0,,
2019-11-01,mexico,observed,target,15129.0,,
2019-11-01,mexico,signal,flight_capacity,43.0,,
2019-11-01,mexico,signal,search_index,464.13,,
2019-12-01,mexico,observed,target,20476.0,,
2019-12-01,mexico,signal,flight_capacity,31.0,,
2019-12-01,mexico,signal,search_index,448.16,,
2020-01-01,mexico,observed,target,13667.0,,
2020-01-01,mexico,signal,flight_capacity,16.0,,
2020-01-01,mexico,signal,search_index,405.17,,
2020-02-01,mexico,observed,target,6553.0,,
2020-02-01,mexico,signal,flight_capacity,0.0,,
2020-02-01,mexico,signal,search_index,380.3200000000001,,
2020-03-01,mexico,observed,target,3188.0,,
2020-03-01,mexico,signal,flight_capacity,0.0,,
2020-03-01,mexico,signal,search_index,376.9299999999999,,
2020-04-01,mexico,observed,target,360.0,,
2020-04-01,mexico,signal,flight_capacity,0.0,,
2020-04-01,mexico,signal,search_index,322.83,,
2020-05-01,mexico,observed,target,467.0,,
2020-05-01,mexico,signal,flight_capacity,0.0,,
2020-05-01,mexico,signal,search_index,263.9,,
2020-06-01,mexico,observed,target,531.0,,
2020-06-01,mexico,signal,flight_capacity,0.0,,
2020-06-01,mexico,signal,search_index,252.1,,
2020-07-01,mexico,observed,target,638.0,,
2020-07-01,mexico,signal,flight_capacity,0.0,,
2020-07-01,mexico,signal,search_index,258.83,,
2020-08-01,mexico,observed,target,767.0,,
2020-08-01,mexico,signal,flight_capacity,2.0,,
2020-08-01,mexico,signal,search_index,257.0,,
2020-09-01,mexico,observed,target,820.0,,
2020-09-01,mexico,signal,flight_capacity,2.0,,
2020-09-01,mexico,signal,search_index,250.94,,
2020-10-01,mexico,observed,target,1119.0,,
2020-10-01,mexico,signal,flight_capacity,0.0,,
2020-10-01,mexico,signal,search_index,247.17,,
2020-11-01,mexico,observed,target,1094.0,,
2020-11-01,mexico,signal,flight_capacity,0.0,,
2020-11-01,mexico,signal,search_index,264.06,,
2020-12-01,mexico,observed,target,1403.0,,
2020-12-01,mexico,signal,flight_capacity,0.0,,
2020-12-01,mexico,signal,search_index,239.47,,
2021-01-01,mexico,observed,target,1049.0,,
2021-01-01,mexico,signal,flight_capacity,0.0,,
2021-01-01,mexico,signal,search_index,238.38,,
2021-02-01,mexico,observed,target,996.0,,
2021-02-01,mexico,signal,flight_capacity,0.0,,
2021-02-01,mexico,signal,search_index,234.74,,
2021-03-01,mexico,observed,target,1589.0,,
2021-03-01,mexico,signal,flight_capacity,0.0,,
2021-03-01,mexico,signal,search_index,237.5,,
2021-04-01,mexico,observed,target,1715.0,,
2021-04-01,mexico,signal,flight_capacity,0.0,,
2021-04-01,mexico,signal,search_index,260.62,,
2021-05-01,mexico,observed,target,2326.0,,
2021-05-01,mexico,signal,flight_capacity,0.0,,
2021-05-01,mexico,signal,search_index,252.46,,
2021-06-01,mexico,observed,target,2096.0,,
2021-06-01,mexico,signal,flight_capacity,0.0,,
2021-06-01,mexico,signal,search_index,227.51,,
2021-07-01,mexico,observed,target,2362.0,,
2021-07-01,mexico,signal,flight_capacity,0.0,,
2021-07-01,mexico,signal,search_index,235.73,,
2021-08-01,mexico,observed,target,2169.0,,
2021-08-01,mexico,signal,flight_capacity,0.0,,
2021-08-01,mexico,signal,search_index,241.84,,
2021-09-01,mexico,observed,target,2217.0,,
2021-09-01,mexico,signal,flight_capacity,0.0,,
2021-09-01,mexico,signal,search_index,226.61,,
2021-10-01,mexico,observed,target,2602.0,,
2021-10-01,mexico,signal,flight_capacity,0.0,,
2021-10-01,mexico,signal,search_index,230.37,,
2021-11-01,mexico,observed,target,3742.0,,
2021-11-01,mexico,signal,flight_capacity,0.0,,
2021-11-01,mexico,signal,search_index,223.58,,
2021-12-01,mexico,observed,target,5564.0,,
2021-12-01,mexico,signal,flight_capacity,0.0,,
2021-12-01,mexico,signal,search_index,237.13,,
2022-01-01,mexico,observed,target,2620.0,,
2022-01-01,mexico,signal,flight_capacity,0.0,,
2022-01-01,mexico,signal,search_index,234.74,,
2022-02-01,mexico,observed,target,2976.0,,
2022-02-01,mexico,signal,flight_capacity,0.0,,
2022-02-01,mexico,signal,search_index,213.38,,
2022-03-01,mexico,observed,target,6641.0,,
2022-03-01,mexico,signal,flight_capacity,0.0,,
2022-03-01,mexico,signal,search_index,246.08,,
2022-04-01,mexico,observed,target,5378.0,,
2022-04-01,mexico,signal,flight_capacity,0.0,,
2022-04-01,mexico,signal,search_index,246.87,,
2022-05-01,mexico,observed,target,6697.0,,
2022-05-01,mexico,signal,flight_capacity,0.0,,
2022-05-01,mexico,signal,search_index,267.76,,
2022-06-01,mexico,observed,target,6867.0,,
2022-06-01,mexico,signal,flight_capacity,0.0,,
2022-06-01,mexico,signal,search_index,282.49,,
2022-07-01,mexico,observed,target,6804.0,,
2022-07-01,mexico,signal,flight_capacity,0.0,,
2022-07-01,mexico,signal,search_index,277.5,,
2022-08-01,mexico,observed,target,8453.0,,
2022-08-01,mexico,signal,flight_capacity,0.0,,
2022-08-01,mexico,signal,search_index,311.1,,
2022-09-01,mexico,observed,target,6284.0,,
2022-09-01,mexico,signal,flight_capacity,0.0,,
2022-09-01,mexico,signal,search_index,289.77,,
2022-10-01,mexico,observed,target,6888.0,,
2022-10-01,mexico,signal,flight_capacity,0.0,,
2022-10-01,mexico,signal,search_index,309.8,,
2022-11-01,mexico,observed,target,10359.0,,
2022-11-01,mexico,signal,flight_capacity,0.0,,
2022-11-01,mexico,signal,search_index,303.97,,
2022-12-01,mexico,observed,target,17627.0,,
2022-12-01,mexico,signal,flight_capacity,0.0,,
2022-12-01,mexico,signal,search_index,332.0,,
2023-01-01,mexico,base_forecast,legacy_ensemble,12257.56400724788,,
2023-01-01,mexico,observed,target,10303.0,,
2023-01-01,mexico,reference_forecast,legacy_average,12395.57142857143,,
2023-01-01,mexico,signal,flight_capacity,0.0,,
2023-01-01,mexico,signal,search_index,353.68,,
2023-02-01,mexico,base_forecast,legacy_ensemble,13477.08684067075,,
2023-02-01,mexico,reference_forecast,legacy_average,9966.062798658066,,
2023-02-01,mexico,signal,flight_capacity,0.0,,
2023-02-01,mexico,signal,search_index,352.0,,
2023-03-01,mexico,base_forecast,legacy_ensemble,19611.67727809995,,
2023-03-01,mexico,reference_forecast,legacy_average,14027.00004244624,,
2023-03-01,mexico,signal,flight_capacity,0.0,,
2023-03-01,mexico,signal,search_index,384.15,,
2023-04-01,mexico,base_forecast,legacy_ensemble,11834.47036116504,,
2023-04-01,mexico,reference_forecast,legacy_average,11392.72518850275,,
2023-04-01,mexico,signal,flight_capacity,0.0,,
2023-04-01,mexico,signal,search_index,363.91,,
2023-05-01,mexico,base_forecast,legacy_ensemble,12081.7069980286,,
2023-05-01,mexico,reference_forecast,legacy_average,12906.00265833906,,
2023-05-01,mexico,signal,flight_capacity,0.0,,
2023-05-01,mexico,signal,search_index,382.83,,
2023-06-01,mexico,base_forecast,legacy_ensemble,11250.08955977855,,
2023-06-01,mexico,reference_forecast,legacy_average,11934.01786433956,,
2023-06-01,mexico,signal,flight_capacity,0.0,,
2023-06-01,mexico,signal,search_index,355.6129032258065,,
2023-07-01,mexico,base_forecast,legacy_ensemble,11245.24515777195,,
2023-08-01,mexico,base_forecast,legacy_ensemble,11881.59224678322,,
2023-08-01,mexico,recovery_forecast,legacy_final,11180.85746492063,,
2023-09-01,mexico,base_forecast,legacy_ensemble,11665.7093211292,,
2023-09-01,mexico,recovery_forecast,legacy_final,10814.21753217163,,
2023-10-01,mexico,base_forecast,legacy_ensemble,11807.20829376333,,
2023-10-01,mexico,recovery_forecast,legacy_final,11183.31078089414,,
2023-11-01,mexico,base_forecast,legacy_ensemble,14893.62216695355,,
2023-11-01,mexico,recovery_forecast,legacy_final,15358.65582947916,,
2023-12-01,mexico,base_forecast,legacy_ensemble,20769.53398596013,,
2023-12-01,mexico,recovery_forecast,legacy_final,21480.79808979653,,
2024-01-01,mexico,base_forecast,legacy_ensemble,12691.89935299305,,
2024-01-01,mexico,recovery_forecast,legacy_final,11969.17772967164,,
2024-02-01,mexico,base_forecast,legacy_ensemble,14000.06758936904,,
2024-02-01,mexico,recovery_forecast,legacy_final,12978.26848013695,,
2024-03-01,mexico,base_forecast,legacy_ensemble,20344.78065169817,,
2024-03-01,mexico,recovery_forecast,legacy_final,20553.8981567116,,
2024-04-01,mexico,base_forecast,legacy_ensemble,12273.75552396191,,
2024-04-01,mexico,recovery_forecast,legacy_final,12058.1313734654,,
2024-05-01,mexico,base_forecast,legacy_ensemble,12533.07041242611,,
2024-05-01,mexico,recovery_forecast,legacy_final,12729.84504490006,,
2024-06-01,mexico,base_forecast,legacy_ensemble,11700.4806290425,,
2024-06-01,mexico,recovery_forecast,legacy_final,11262.35628198062,,
2024-07-01,mexico,base_forecast,legacy_ensemble,11679.44986302997,,
2024-07-01,mexico,recovery_forecast,legacy_final,12105.07566459546,,
2024-07-01,mexico,terminal_forecast,intervention_adjusted,11679.44986302997,,
2024-08-01,mexico,base_forecast,legacy_ensemble,12390.57851670027,,
2024-09-01,mexico,base_forecast,legacy_ensemble,12118.8129250588,,
2024-10-01,mexico,base_forecast,legacy_ensemble,12240.08566210576,,
2024-11-01,mexico,base_forecast,legacy_ensemble,15458.9452867221,,
2024-12-01,mexico,base_forecast,legacy_ensemble,21709.11203094594,,
2002-01-01,new_zealand,observed,target,5985.0,,
2002-02-01,new_zealand,observed,target,8993.0,,
2002-03-01,new_zealand,observed,target,5328.0,,
2002-04-01,new_zealand,observed,target,6052.0,,
2002-05-01,new_zealand,observed,target,5586.0,,
2002-06-01,new_zealand,observed,target,4602.0,,
2002-07-01,new_zealand,observed,target,6256.0,,
2002-08-01,new_zealand,observed,target,5696.0,,
2002-09-01,new_zealand,observed,target,6390.0,,
2002-10-01,new_zealand,observed,target,6012.0,,
2002-11-01,new_zealand,observed,target,7794.0,,
2002-12-01,new_zealand,observed,target,7840.0,,
2003-01-01,new_zealand,observed,target,7682.0,,
2003-02-01,new_zealand,observed,target,10080.0,,
2003-03-01,new_zealand,observed,target,5776.0,,
2003-04-01,new_zealand,observed,target,4304.0,,
2003-05-01,new_zealand,observed,target,1209.0,,
2003-06-01,new_zealand,observed,target,1672.0,,
2003-07-01,new_zealand,observed,target,3240.0,,
2003-08-01,new_zealand,observed,target,3859.0,,
2003-09-01,new_zealand,observed,target,5504.0,,
2003-10-01,new_zealand,observed,target,6004.0,,
2003-11-01,new_zealand,observed,target,6935.0,,
2003-12-01,new_zealand,observed,target,9724.0,,
2004-01-01,new_zealand,observed,target,9225.0,,
2004-02-01,new_zealand,observed,target,6405.0,,
2004-03-01,new_zealand,observed,target,6321.0,,
2004-04-01,new_zealand,observed,target,6636.0,,
2004-05-01,new_zealand,observed,target,5724.0,,
2004-06-01,new_zealand,observed,target,4752.0,,
2004-07-01,new_zealand,observed,target,6400.0,,
2004-08-01,new_zealand,observed,target,5742.0,,
2004-09-01,new_zealand,observed,target,6400.0,,
2004-10-01,new_zealand,observed,target,6867.0,,
2004-11-01,new_zealand,observed,target,9471.0,,
2004-12-01,new_zealand,observed,target,10425.0,,
2005-01-01,new_zealand,observed,target,6786.0,,
2005-02-01,new_zealand,observed,target,10098.0,,
2005-03-01,new_zealand,observed,target,4925.0,,
2005-04-01,new_zealand,observed,target,6864.0,,
2005-05-01,new_zealand,observed,target,5130.0,,
2005-06-01,new_zealand,observed,target,4826.0,,
2005-07-01,new_zealand,observed,target,6552.0,,
2005-08-01,new_zealand,observed,target,6699.0,,
2005-09-01,new_zealand,observed,target,6094.0,,
2005-10-01,new_zealand,observed,target,6693.0,,
2005-11-01,new_zealand,observed,target,11408.0,,
2005-12-01,new_zealand,observed,target,11775.0,,
2006-01-01,new_zealand,observed,target,8788.0,,
2006-02-01,new_zealand,observed,target,8470.0,,
2006-03-01,new_zealand,observed,target,7475.0,,
2006-04-01,new_zealand,observed,target,9724.0,,
2006-05-01,new_zealand,observed,target,7990.0,,
2006-06-01,new_zealand,observed,target,5310.0,,
2006-07-01,new_zealand,observed,target,7440.0,,
2006-08-01,new_zealand,observed,target,7665.0,,
2006-09-01,new_zealand,observed,target,8106.0,,
2006-10-01,new_zealand,observed,target,8338.0,,
2006-11-01,new_zealand,observed,target,13618.0,,
2006-12-01,new_zealand,observed,target,12792.0,,
2007-01-01,new_zealand,observed,target,9576.0,,
2007-02-01,new_zealand,observed,target,14927.0,,
2007-03-01,new_zealand,observed,target,8878.0,,
2007-04-01,new_zealand,observed,target,10925.0,,
2007-05-01,new_zealand,observed,target,7686.0,,
2007-06-01,new_zealand,observed,target,6650.0,,
2007-07-01,new_zealand,observed,target,7728.0,,
2007-08-01,new_zealand,observed,target,9020.0,,
2007-09-01,new_zealand,observed,target,8234.0,,
2007-10-01,new_zealand,observed,target,9568.0,,
2007-11-01,new_zealand,observed,target,13896.0,,
2007-12-01,new_zealand,observed,target,13716.0,,
2008-01-01,new_zealand,observed,target,10817.0,,
2008-02-01,new_zealand,observed,target,15433.0,,
2008-03-01,new_zealand,observed,target,10650.0,,
2008-04-01,new_zealand,observed,target,11352.0,,
2008-05-01,new_zealand,observed,target,8360.0,,
2008-06-01,new_zealand,observed,target,5054.0,,
2008-07-01,new_zealand,observed,target,6816.0,,
2008-08-01,new_zealand,observed,target,6446.0,,
2008-09-01,new_zealand,observed,target,5497.0,,
2008-10-01,new_zealand,observed,target,6552.0,,
2008-11-01,new_zealand,observed,target,11462.0,,
2008-12-01,new_zealand,observed,target,13959.0,,
2009-01-01,new_zealand,observed,target,14252.0,,
2009-02-01,new_zealand,observed,target,12075.0,,
2009-03-01,new_zealand,observed,target,11640.0,,
2009-04-01,new_zealand,observed,target,10670.0,,
2009-05-01,new_zealand,observed,target,5616.0,,
2009-06-01,new_zealand,observed,target,2556.0,,
2009-07-01,new_zealand,observed,target,4140.0,,
2009-08-01,new_zealand,observed,target,4578.0,,
2009-09-01,new_zealand,observed,target,6342.0,,
2009-10-01,new_zealand,observed,target,7636.0,,
2009-11-01,new_zealand,observed,target,11063.0,,
2009-12-01,new_zealand,observed,target,11691.0,,
2010-01-01,new_zealand,observed,target,9425.0,,
2010-02-01,new_zealand,observed,target,16975.0,,
2010-03-01,new_zealand,observed,target,9828.0,,
2010-04-01,new_zealand,observed,target,10272.0,,
2010-05-01,new_zealand,observed,target,7740.0,,
2010-06-01,new_zealand,observed,target,5500.0,,
2010-07-01,new_zealand,observed,target,8040.0,,
2010-08-01,new_zealand,observed,target,9746.0,,
2010-09-01,new_zealand,observed,target,7480.0,,
2010-10-01,new_zealand,observed,target,8650.0,,
2010-11-01,new_zealand,observed,target,14875.0,,
2010-12-01,new_zealand,observed,target,14181.0,,
2011-01-01,new_zealand,observed,target,14550.0,,
2011-02-01,new_zealand,observed,target,18000.0,,
2011-02-01,new_zealand,signal,search_index,841.3799999999999,,
2011-03-01,new_zealand,observed,target,10530.0,,
2011-03-01,new_zealand,signal,search_index,945.72,,
2011-04-01,new_zealand,observed,target,10296.0,,
2011-04-01,new_zealand,signal,search_index,625.5799999999999,,
2011-05-01,new_zealand,observed,target,8560.0,,
2011-05-01,new_zealand,signal,search_index,724.0,,
2011-06-01,new_zealand,observed,target,6740.0,,
2011-06-01,new_zealand,signal,search_index,905.35,,
2011-07-01,new_zealand,observed,target,9696.0,,
2011-07-01,new_zealand,signal,search_index,948.2,,
2011-08-01,new_zealand,observed,target,11504.0,,
2011-08-01,new_zealand,signal,search_index,911.01,,
2011-09-01,new_zealand,observed,target,8048.0,,
2011-09-01,new_zealand,signal,search_index,1004.55,,
2011-10-01,new_zealand,observed,target,10624.0,,
2011-10-01,new_zealand,signal,search_index,1085.16,,
2011-11-01,new_zealand,observed,target,18560.0,,
2011-11-01,new_zealand,signal,search_index,1090.06,,
2011-12-01,new_zealand,observed,target,18416.0,,
2011-12-01,new_zealand,signal,search_index,1265.44,,
2012-01-01,new_zealand,observed,target,23344.0,,
2012-01-01,new_zealand,signal,search_index,1177.71,,
2012-02-01,new_zealand,observed,target,15280.0,,
2012-02-01,new_zealand,signal,search_index,1050.96,,
2012-03-01,new_zealand,observed,target,19200.0,,
2012-03-01,new_zealand,signal,search_index,1335.24,,
2012-04-01,new_zealand,observed,target,18192.0,,
2012-04-01,new_zealand,signal,search_index,1249.48,,
2012-05-01,new_zealand,observed,target,12928.0,,
2012-05-01,new_zealand,signal,search_index,1293.36,,
2012-06-01,new_zealand,observed,target,9696.0,,
2012-06-01,new_zealand,signal,search_index,1296.07,,
2012-07-01,new_zealand,observed,target,12112.0,,
2012-07-01,new_zealand,signal,search_index,1272.93,,
2012-08-01,new_zealand,observed,target,14368.0,,
2012-08-01,new_zealand,signal,search_index,1408.83,,
2012-09-01,new_zealand,observed,target,14048.0,,
2012-09-01,new_zealand,signal,search_index,1410.7,,
2012-10-01,new_zealand,observed,target,15344.0,,
2012-10-01,new_zealand,signal,search_index,1368.78,,
2012-11-01,new_zealand,observed,target,21824.0,,
2012-11-01,new_zealand,signal,search_index,1481.99,,
2012-12-01,new_zealand,observed,target,20688.0,,
2012-12-01,new_zealand,signal,search_index,2060.84,,
2013-01-01,new_zealand,observed,target,18768.0,,
2013-01-01,new_zealand,signal,search_index,1947.94,,
2013-02-01,new_zealand,observed,target,31536.0,,
2013-02-01,new_zealand,signal,search_index,1693.28,,
2013-03-01,new_zealand,observed,target,20736.0,,
2013-03-01,new_zealand,signal,search_index,1567.45,,
2013-04-01,new_zealand,observed,target,24784.0,,
2013-04-01,new_zealand,signal,search_index,1746.03,,
2013-05-01,new_zealand,observed,target,16832.0,,
2013-05-01,new_zealand,signal,search_index,1992.17,,
2013-06-01,new_zealand,observed,target,11680.0,,
2013-06-01,new_zealand,signal,search_index,1946.93,,
2013-07-01,new_zealand,observed,target,15168.0,,
2013-07-01,new_zealand,signal,search_index,2443.7,,
2013-08-01,new_zealand,observed,target,17776.0,,
2013-08-01,new_zealand,signal,search_index,2264.49,,
2013-09-01,new_zealand,observed,target,21200.0,,
2013-09-01,new_zealand,signal,search_index,1970.03,,
2013-10-01,new_zealand,observed,target,13568.0,,
2013-10-01,new_zealand,signal,search_index,1928.23,,
2013-11-01,new_zealand,observed,target,18384.0,,
2013-11-01,new_zealand,signal,search_index,2199.16,,
2013-12-01,new_zealand,observed,target,18496.0,,
2013-12-01,new_zealand,signal,search_index,2134.33,,
2014-01-01,new_zealand,observed,target,30128.0,,
2014-01-01,new_zealand,signal,search_index,2100.52,,
2014-02-01,new_zealand,observed,target,28496.0,,
2014-02-01,new_zealand,signal,search_index,1932.91,,
2014-03-01,new_zealand,observed,target,23200.0,,
2014-03-01,new_zealand,signal,search_index,2320.89,,
2014-04-01,new_zealand,observed,target,24448.0,,
2014-04-01,new_zealand,signal,search_index,2019.75,,
2014-05-01,new_zealand,observed,target,17040.0,,
2014-05-01,new_zealand,signal,search_index,1830.1,,
2014-06-01,new_zealand,observed,target,12592.0,,
2014-06-01,new_zealand,signal,search_index,2425.44,,
2014-07-01,new_zealand,observed,target,18144.0,,
2014-07-01,new_zealand,signal,search_index,2356.2,,
2014-08-01,new_zealand,observed,target,19936.0,,
2014-08-01,new_zealand,signal,search_index,2464.65,,
2014-09-01,new_zealand,observed,target,18368.0,,
2014-09-01,new_zealand,signal,search_index,2781.97,,
2014-10-01,new_zealand,observed,target,19552.0,,
2014-10-01,new_zealand,signal,search_index,3180.6,,
2014-11-01,new_zealand,observed,target,27184.0,,
2014-11-01,new_zealand,signal,search_index,3074.48,,
2014-12-01,new_zealand,observed,target,25776.0,,
2014-12-01,new_zealand,signal,search_index,2790.97,,
2015-01-01,new_zealand,observed,target,25680.0,,
2015-01-01,new_zealand,signal,search_index,2752.23,,
2015-02-01,new_zealand,observed,target,55968.0,,
2015-02-01,new_zealand,signal,search_index,2807.38,,
2015-03-01,new_zealand,observed,target,30864.0,,
2015-03-01,new_zealand,signal,search_index,2624.75,,
2015-04-01,new_zealand,observed,target,31024.0,,
2015-04-01,new_zealand,signal,search_index,2979.94,,
2015-05-01,new_zealand,observed,target,24704.0,,
2015-05-01,new_zealand,signal,search_index,2432.0,,
2015-06-01,new_zealand,observed,target,16176.0,,
2015-06-01,new_zealand,signal,search_index,2491.81,,
2015-07-01,new_zealand,observed,target,20016.0,,
2015-07-01,new_zealand,signal,search_index,2755.76,,
2015-08-01,new_zealand,observed,target,25120.0,,
2015-08-01,new_zealand,signal,search_index,3155.06,,
2015-09-01,new_zealand,observed,target,25840.0,,
2015-09-01,new_zealand,signal,search_index,3421.62,,
2015-10-01,new_zealand,observed,target,27040.0,,
2015-10-01,new_zealand,signal,search_index,3181.43,,
2015-11-01,new_zealand,observed,target,36736.0,,
2015-11-01,new_zealand,signal,search_index,3169.91,,
2015-12-01,new_zealand,observed,target,36736.0,,
2015-12-01,new_zealand,signal,search_index,3172.63,,
2016-01-01,new_zealand,observed,target,40848.0,,
2016-01-01,new_zealand,signal,search_index,3104.2,,
2016-02-01,new_zealand,observed,target,53152.0,,
2016-02-01,new_zealand,signal,search_index,3196.12,,
2016-03-01,new_zealand,observed,target,40448.0,,
2016-03-01,new_zealand,signal,search_index,3241.56,,
2016-04-01,new_zealand,observed,target,43392.0,,
2016-04-01,new_zealand,signal,search_index,3240.25,,
2016-05-01,new_zealand,observed,target,29024.0,,
2016-05-01,new_zealand,signal,search_index,2934.83,,
2016-06-01,new_zealand,observed,target,18576.0,,
2016-06-01,new_zealand,signal,search_index,3043.0,,
2016-07-01,new_zealand,observed,target,26240.0,,
2016-07-01,new_zealand,signal,search_index,3262.39,,
2016-08-01,new_zealand,observed,target,26128.0,,
2016-08-01,new_zealand,signal,search_index,3329.8,,
2016-09-01,new_zealand,observed,target,27184.0,,
2016-09-01,new_zealand,signal,search_index,3401.07,,
2016-10-01,new_zealand,observed,target,29360.0,,
2016-10-01,new_zealand,signal,search_index,3272.4,,
2016-11-01,new_zealand,observed,target,38752.0,,
2016-11-01,new_zealand,signal,search_index,3466.19,,
2016-12-01,new_zealand,observed,target,35904.0,,
2016-12-01,new_zealand,signal,search_index,3275.23,,
2017-01-01,new_zealand,observed,target,54096.0,,
2017-01-01,new_zealand,signal,search_index,3266.07,,
2017-02-01,new_zealand,observed,target,33728.0,,
2017-02-01,new_zealand,signal,search_index,3144.61,,
2017-03-01,new_zealand,observed,target,42000.0,,
2017-03-01,new_zealand,signal,search_index,3503.820000000001,,
2017-04-01,new_zealand,observed,target,39296.0,,
2017-04-01,new_zealand,signal,search_index,3264.8,,
2017-05-01,new_zealand,observed,target,27568.0,,
2017-05-01,new_zealand,signal,search_index,2810.9,,
2017-06-01,new_zealand,observed,target,17744.0,,
2017-06-01,new_zealand,signal,search_index,3037.49,,
2017-07-01,new_zealand,observed,target,29360.0,,
2017-07-01,new_zealand,signal,search_index,3118.97,,
2017-08-01,new_zealand,observed,target,29232.0,,
2017-08-01,new_zealand,signal,search_index,3156.55,,
2017-09-01,new_zealand,observed,target,30704.0,,
2017-09-01,new_zealand,signal,search_index,3321.61,,
2017-10-01,new_zealand,observed,target,33040.0,,
2017-10-01,new_zealand,signal,search_index,2974.1,,
2017-11-01,new_zealand,observed,target,41808.0,,
2017-11-01,new_zealand,signal,search_index,3248.48,,
2017-12-01,new_zealand,observed,target,39296.0,,
2017-12-01,new_zealand,signal,search_index,3262.04,,
2018-01-01,new_zealand,observed,target,37280.0,,
2018-01-01,new_zealand,signal,search_index,3202.57,,
2018-02-01,new_zealand,observed,target,68928.0,,
2018-02-01,new_zealand,signal,search_index,3137.3,,
2018-03-01,new_zealand,observed,target,43440.0,,
2018-03-01,new_zealand,signal,search_index,2857.83,,
2018-04-01,new_zealand,observed,target,46464.0,,
2018-04-01,new_zealand,signal,search_index,3163.44,,
2018-05-01,new_zealand,observed,target,30544.0,,
2018-05-01,new_zealand,signal,search_index,2821.44,,
2018-06-01,new_zealand,observed,target,18928.0,,
2018-06-01,new_zealand,signal,search_index,2824.36,,
2018-07-01,new_zealand,observed,target,29264.0,,
2018-07-01,new_zealand,signal,search_index,2814.63,,
2018-08-01,new_zealand,observed,target,31536.0,,
2018-08-01,new_zealand,signal,search_index,2878.61,,
2018-09-01,new_zealand,observed,target,32416.0,,
2018-09-01,new_zealand,signal,search_index,2995.86,,
2018-10-01,new_zealand,observed,target,31440.0,,
2018-10-01,new_zealand,signal,search_index,3063.76,,
2018-11-01,new_zealand,observed,target,39948.0,,
2018-11-01,new_zealand,signal,search_index,2867.87,,
2018-12-01,new_zealand,observed,target,38001.0,,
2018-12-01,new_zealand,signal,search_index,2931.9,,
2019-01-01,new_zealand,observed,target,43858.0,,
2019-01-01,new_zealand,signal,flight_capacity,525.0,,
2019-01-01,new_zealand,signal,search_index,2604.03,,
2019-02-01,new_zealand,observed,target,50861.0,,
2019-02-01,new_zealand,signal,flight_capacity,444.0,,
2019-02-01,new_zealand,signal,search_index,2555.87,,
2019-03-01,new_zealand,observed,target,41063.0,,
2019-03-01,new_zealand,signal,flight_capacity,426.0,,
2019-03-01,new_zealand,signal,search_index,2783.68,,
2019-04-01,new_zealand,observed,target,36610.0,,
2019-04-01,new_zealand,signal,flight_capacity,357.0,,
2019-04-01,new_zealand,signal,search_index,2394.77,,
2019-05-01,new_zealand,observed,target,27782.0,,
2019-05-01,new_zealand,signal,flight_capacity,330.0,,
2019-05-01,new_zealand,signal,search_index,1941.53,,
2019-06-01,new_zealand,observed,target,18334.0,,
2019-06-01,new_zealand,signal,flight_capacity,331.0,,
2019-06-01,new_zealand,signal,search_index,2064.9,,
2019-07-01,new_zealand,observed,target,28290.0,,
2019-07-01,new_zealand,signal,flight_capacity,338.0,,
2019-07-01,new_zealand,signal,search_index,2069.57,,
2019-08-01,new_zealand,observed,target,29327.0,,
2019-08-01,new_zealand,signal,flight_capacity,362.0,,
2019-08-01,new_zealand,signal,search_index,1948.22,,
2019-09-01,new_zealand,observed,target,27523.0,,
2019-09-01,new_zealand,signal,flight_capacity,308.0,,
2019-09-01,new_zealand,signal,search_index,2083.74,,
2019-10-01,new_zealand,observed,target,27831.0,,
2019-10-01,new_zealand,signal,flight_capacity,313.0,,
2019-10-01,new_zealand,signal,search_index,1912.87,,
2019-11-01,new_zealand,observed,target,38820.0,,
2019-11-01,new_zealand,signal,flight_capacity,368.0,,
2019-11-01,new_zealand,signal,search_index,2093.42,,
2019-12-01,new_zealand,observed,target,36842.0,,
2019-12-01,new_zealand,signal,flight_capacity,458.0,,
2019-12-01,new_zealand,signal,search_index,2150.67,,
2020-01-01,new_zealand,observed,target,50316.0,,
2020-01-01,new_zealand,signal,flight_capacity,489.0,,
2020-01-01,new_zealand,signal,search_index,1953.65,,
2020-02-01,new_zealand,observed,target,5004.0,,
2020-02-01,new_zealand,signal,flight_capacity,247.0,,
2020-02-01,new_zealand,signal,search_index,1772.93,,
2020-03-01,new_zealand,observed,target,1466.0,,
2020-03-01,new_zealand,signal,flight_capacity,94.0,,
2020-03-01,new_zealand,signal,search_index,1318.55,,
2020-04-01,new_zealand,observed,target,44.0,,
2020-04-01,new_zealand,signal,flight_capacity,91.0,,
2020-04-01,new_zealand,signal,search_index,960.58,,
2020-05-01,new_zealand,observed,target,159.0,,
2020-05-01,new_zealand,signal,flight_capacity,64.0,,
2020-05-01,new_zealand,signal,search_index,721.1700000000001,,
2020-06-01,new_zealand,observed,target,239.0,,
2020-06-01,new_zealand,signal,flight_capacity,84.0,,
2020-06-01,new_zealand,signal,search_index,720.4200000000001,,
2020-07-01,new_zealand,observed,target,242.0,,
2020-07-01,new_zealand,signal,flight_capacity,70.0,,
2020-07-01,new_zealand,signal,search_index,759.4300000000001,,
2020-08-01,new_zealand,observed,target,340.0,,
2020-08-01,new_zealand,signal,flight_capacity,77.0,,
2020-08-01,new_zealand,signal,search_index,721.8600000000001,,
2020-09-01,new_zealand,observed,target,191.0,,
2020-09-01,new_zealand,signal,flight_capacity,74.0,,
2020-09-01,new_zealand,signal,search_index,723.03,,
2020-10-01,new_zealand,observed,target,158.0,,
2020-10-01,new_zealand,signal,flight_capacity,76.0,,
2020-10-01,new_zealand,signal,search_index,654.4,,
2020-11-01,new_zealand,observed,target,176.0,,
2020-11-01,new_zealand,signal,flight_capacity,76.0,,
2020-11-01,new_zealand,signal,search_index,665.32,,
2020-12-01,new_zealand,observed,target,173.0,,
2020-12-01,new_zealand,signal,flight_capacity,91.0,,
2020-12-01,new_zealand,signal,search_index,681.97,,
2021-01-01,new_zealand,observed,target,133.0,,
2021-01-01,new_zealand,signal,flight_capacity,80.0,,
2021-01-01,new_zealand,signal,search_index,640.5699999999999,,
2021-02-01,new_zealand,observed,target,137.0,,
2021-02-01,new_zealand,signal,flight_capacity,62.0,,
2021-02-01,new_zealand,signal,search_index,645.0999999999999,,
2021-03-01,new_zealand,observed,target,163.0,,
2021-03-01,new_zealand,signal,flight_capacity,57.0,,
2021-03-01,new_zealand,signal,search_index,616.25,,
2021-04-01,new_zealand,observed,target,122.0,,
2021-04-01,new_zealand,signal,flight_capacity,57.0,,
2021-04-01,new_zealand,signal,search_index,620.32,,
2021-05-01,new_zealand,observed,target,198.0,,
2021-05-01,new_zealand,signal,flight_capacity,62.0,,
2021-05-01,new_zealand,signal,search_index,585.6700000000001,,
2021-06-01,new_zealand,observed,target,264.0,,
2021-06-01,new_zealand,signal,flight_capacity,61.0,,
2021-06-01,new_zealand,signal,search_index,583.16,,
2021-07-01,new_zealand,observed,target,179.0,,
2021-07-01,new_zealand,signal,flight_capacity,65.0,,
2021-07-01,new_zealand,signal,search_index,591.3,,
2021-08-01,new_zealand,observed,target,121.0,,
2021-08-01,new_zealand,signal,flight_capacity,54.0,,
2021-08-01,new_zealand,signal,search_index,542.03,,
2021-09-01,new_zealand,observed,target,68.0,,
2021-09-01,new_zealand,signal,flight_capacity,57.0,,
2021-09-01,new_zealand,signal,search_index,511.67,,
2021-10-01,new_zealand,observed,target,82.0,,
2021-10-01,new_zealand,signal,flight_capacity,60.0,,
2021-10-01,new_zealand,signal,search_index,512.0,,
2021-11-01,new_zealand,observed,target,66.0,,
2021-11-01,new_zealand,signal,flight_capacity,60.0,,
2021-11-01,new_zealand,signal,search_index,526.9000000000001,,
2021-12-01,new_zealand,observed,target,111.0,,
2021-12-01,new_zealand,signal,flight_capacity,65.0,,
2021-12-01,new_zealand,signal,search_index,561.4,,
2022-01-01,new_zealand,observed,target,76.0,,
2022-01-01,new_zealand,signal,flight_capacity,43.0,,
2022-01-01,new_zealand,signal,search_index,593.55,,
2022-02-01,new_zealand,observed,target,48.0,,
2022-02-01,new_zealand,signal,flight_capacity,44.0,,
2022-02-01,new_zealand,signal,search_index,625.83,,
2022-03-01,new_zealand,observed,target,135.0,,
2022-03-01,new_zealand,signal,flight_capacity,35.0,,
2022-03-01,new_zealand,signal,search_index,667.5799999999999,,
2022-04-01,new_zealand,observed,target,184.0,,
2022-04-01,new_zealand,signal,flight_capacity,28.0,,
2022-04-01,new_zealand,signal,search_index,692.3199999999999,,
2022-05-01,new_zealand,observed,target,917.0,,
2022-05-01,new_zealand,signal,flight_capacity,30.0,,
2022-05-01,new_zealand,signal,search_index,740.23,,
2022-06-01,new_zealand,observed,target,942.0,,
2022-06-01,new_zealand,signal,flight_capacity,43.0,,
2022-06-01,new_zealand,signal,search_index,780.23,,
2022-07-01,new_zealand,observed,target,1375.0,,
2022-07-01,new_zealand,signal,flight_capacity,57.0,,
2022-07-01,new_zealand,signal,search_index,721.87,,
2022-08-01,new_zealand,observed,target,1403.0,,
2022-08-01,new_zealand,signal,flight_capacity,56.0,,
2022-08-01,new_zealand,signal,search_index,736.61,,
2022-09-01,new_zealand,observed,target,1892.0,,
2022-09-01,new_zealand,signal,flight_capacity,59.0,,
2022-09-01,new_zealand,signal,search_index,710.42,,
2022-10-01,new_zealand,observed,target,2327.0,,
2022-10-01,new_zealand,signal,flight_capacity,74.0,,
2022-10-01,new_zealand,signal,search_index,672.87,,
2022-11-01,new_zealand,observed,target,2866.0,,
2022-11-01,new_zealand,signal,flight_capacity,95.0,,
2022-11-01,new_zealand,signal,search_index,655.8,,
2022-12-01,new_zealand,observed,target,4731.0,,
2022-12-01,new_zealand,signal,flight_capacity,120.0,,
2022-12-01,new_zealand,signal,search_index,724.07,,
2023-01-01,new_zealand,base_forecast,legacy_ensemble,39400.56286677589,,
2023-01-01,new_zealand,observed,target,4949.0,,
2023-01-01,new_zealand,reference_forecast,legacy_average,4917.857142857143,,
2023-01-01,new_zealand,signal,flight_capacity,126.0,,
2023-01-01,new_zealand,signal,search_index,827.4300000000001,,
2023-02-01,new_zealand,base_forecast,legacy_ensemble,48244.51988467269,,
2023-02-01,new_zealand,reference_forecast,legacy_average,7952.404845335018,,
2023-02-01,new_zealand,signal,flight_capacity,139.0,,
2023-02-01,new_zealand,signal,search_index,1067.52,,
2023-03-01,new_zealand,base_forecast,legacy_ensemble,36217.98644647321,,
2023-03-01,new_zealand,reference_forecast,legacy_average,7960.235677349112,,
2023-03-01,new_zealand,signal,flight_capacity,159.0,,
2023-03-01,new_zealand,signal,search_index,1245.03,,
2023-04-01,new_zealand,base_forecast,legacy_ensemble,35999.5116081559,,
2023-04-01,new_zealand,reference_forecast,legacy_average,8722.064078002584,,
2023-04-01,new_zealand,signal,flight_capacity,190.0,,
2023-04-01,new_zealand,signal,search_index,1147.04,,
2023-05-01,new_zealand,base_forecast,legacy_ensemble,26393.14926055913,,
2023-05-01,new_zealand,reference_forecast,legacy_average,8279.791640800646,,
2023-05-01,new_zealand,signal,flight_capacity,236.0,,
2023-05-01,new_zealand,signal,search_index,1149.17,,
2023-06-01,new_zealand,base_forecast,legacy_ensemble,18076.65173933982,,
2023-06-01,new_zealand,reference_forecast,legacy_average,6168.699701289288,,
2023-06-01,new_zealand,signal,flight_capacity,252.0,,
2023-06-01,new_zealand,signal,search_index,1165.096774193548,,
2023-07-01,new_zealand,base_forecast,legacy_ensemble,25387.74743063795,,
2023-08-01,new_zealand,base_forecast,legacy_ensemble,26902.00407181405,,
2023-08-01,new_zealand,recovery_forecast,legacy_final,12562.44470450467,,
2023-09-01,new_zealand,base_forecast,legacy_ensemble,26926.46633095594,,
2023-09-01,new_zealand,recovery_forecast,legacy_final,11991.34746399442,,
2023-10-01,new_zealand,base_forecast,legacy_ensemble,27210.44888424374,,
2023-10-01,new_zealand,recovery_forecast,legacy_final,12466.17659810914,,
2023-11-01,new_zealand,base_forecast,legacy_ensemble,35525.24027712244,,
2023-11-01,new_zealand,recovery_forecast,legacy_final,14439.11599399436,,
2023-12-01,new_zealand,base_forecast,legacy_ensemble,34792.3589408562,,
2023-12-01,new_zealand,recovery_forecast,legacy_final,13549.31930514161,,
2024-01-01,new_zealand,base_forecast,legacy_ensemble,38663.86506573259,,
2024-01-01,new_zealand,recovery_forecast,legacy_final,16965.40606406331,,
2024-02-01,new_zealand,base_forecast,legacy_ensemble,48556.55910468161,,
2024-02-01,new_zealand,recovery_forecast,legacy_final,20871.25377568151,,
2024-03-01,new_zealand,base_forecast,legacy_ensemble,35960.71049454289,,
2024-03-01,new_zealand,recovery_forecast,legacy_final,18597.36034931379,,
2024-04-01,new_zealand,base_forecast,legacy_ensemble,35853.19767133808,,
2024-04-01,new_zealand,recovery_forecast,legacy_final,19968.70885978364,,
2024-05-01,new_zealand,base_forecast,legacy_ensemble,26221.46647179173,,
2024-05-01,new_zealand,recovery_forecast,legacy_final,19011.31011499356,,
2024-06-01,new_zealand,base_forecast,legacy_ensemble,17806.87899728403,,
2024-06-01,new_zealand,recovery_forecast,legacy_final,14704.07208570897,,
2024-07-01,new_zealand,base_forecast,legacy_ensemble,25258.78541395391,,
2024-07-01,new_zealand,recovery_forecast,legacy_final,20049.36670825172,,
2024-07-01,new_zealand,terminal_forecast,intervention_adjusted,16418.210519070042,,
2024-08-01,new_zealand,base_forecast,legacy_ensemble,26848.11598696614,,
2024-09-01,new_zealand,base_forecast,legacy_ensemble,26703.19297882462,,
2024-10-01,new_zealand,base_forecast,legacy_ensemble,26944.63624419345,,
2024-11-01,new_zealand,base_forecast,legacy_ensemble,35446.00111605637,,
2024-12-01,new_zealand,base_forecast,legacy_ensemble,34618.6786163153,,
2002-01-01,singapore,observed,target,50303.0,,
2002-02-01,singapore,observed,target,81649.0,,
2002-03-01,singapore,observed,target,42728.0,,
2002-04-01,singapore,observed,target,63880.0,,
2002-05-01,singapore,observed,target,56486.0,,
2002-06-01,singapore,observed,target,41186.0,,
2002-07-01,singapore,observed,target,51147.0,,
2002-08-01,singapore,observed,target,62700.0,,
2002-09-01,singapore,observed,target,47218.0,,
2002-10-01,singapore,observed,target,57693.0,,
2002-11-01,singapore,observed,target,56422.0,,
2002-12-01,singapore,observed,target,58687.0,,
2003-01-01,singapore,observed,target,62455.0,,
2003-02-01,singapore,observed,target,89704.0,,
2003-03-01,singapore,observed,target,54063.0,,
2003-04-01,singapore,observed,target,23002.0,,
2003-05-01,singapore,observed,target,3994.0,,
2003-06-01,singapore,observed,target,8405.0,,
2003-07-01,singapore,observed,target,20989.0,,
2003-08-01,singapore,observed,target,52858.0,,
2003-09-01,singapore,observed,target,57716.0,,
2003-10-01,singapore,observed,target,56700.0,,
2003-11-01,singapore,observed,target,67542.0,,
2003-12-01,singapore,observed,target,71082.0,,
2004-01-01,singapore,observed,target,79717.0,,
2004-02-01,singapore,observed,target,50903.0,,
2004-03-01,singapore,observed,target,53481.0,,
2004-04-01,singapore,observed,target,75069.0,,
2004-05-01,singapore,observed,target,70022.0,,
2004-06-01,singapore,observed,target,63025.0,,
2004-07-01,singapore,observed,target,92653.0,,
2004-08-01,singapore,observed,target,90215.0,,
2004-09-01,singapore,observed,target,62125.0,,
2004-10-01,singapore,observed,target,70449.0,,
2004-11-01,singapore,observed,target,88228.0,,
2004-12-01,singapore,observed,target,84392.0,,
2005-01-01,singapore,observed,target,45823.0,,
2005-02-01,singapore,observed,target,61635.0,,
2005-03-01,singapore,observed,target,52264.0,,
2005-04-01,singapore,observed,target,68835.0,,
2005-05-01,singapore,observed,target,62873.0,,
2005-06-01,singapore,observed,target,61151.0,,
2005-07-01,singapore,observed,target,93890.0,,
2005-08-01,singapore,observed,target,101134.0,,
2005-09-01,singapore,observed,target,67061.0,,
2005-10-01,singapore,observed,target,74502.0,,
2005-11-01,singapore,observed,target,88707.0,,
2005-12-01,singapore,observed,target,79945.0,,
2006-01-01,singapore,observed,target,81734.0,,
2006-02-01,singapore,observed,target,96562.0,,
2006-03-01,singapore,observed,target,91092.0,,
2006-04-01,singapore,observed,target,97423.0,,
2006-05-01,singapore,observed,target,78594.0,,
2006-06-01,singapore,observed,target,71213.0,,
2006-07-01,singapore,observed,target,113127.0,,
2006-08-01,singapore,observed,target,103459.0,,
2006-09-01,singapore,observed,target,63550.0,,
2006-10-01,singapore,observed,target,70690.0,,
2006-11-01,singapore,observed,target,88343.0,,
2006-12-01,singapore,observed,target,81414.0,,
2007-01-01,singapore,observed,target,76116.0,,
2007-02-01,singapore,observed,target,111934.0,,
2007-03-01,singapore,observed,target,79239.0,,
2007-04-01,singapore,observed,target,99136.0,,
2007-05-01,singapore,observed,target,85198.0,,
2007-06-01,singapore,observed,target,77239.0,,
2007-07-01,singapore,observed,target,108881.0,,
2007-08-01,singapore,observed,target,114463.0,,
2007-09-01,singapore,observed,target,76181.0,,
2007-10-01,singapore,observed,target,83831.0,,
2007-11-01,singapore,observed,target,103906.0,,
2007-12-01,singapore,observed,target,97832.0,,
2008-01-01,singapore,observed,target,108486.0,,
2008-02-01,singapore,observed,target,121031.0,,
2008-03-01,singapore,observed,target,98180.0,,
2008-04-01,singapore,observed,target,107639.0,,
2008-05-01,singapore,observed,target,86785.0,,
2008-06-01,singapore,observed,target,70565.0,,
2008-07-01,singapore,observed,target,105528.0,,
2008-08-01,singapore,observed,target,91325.0,,
2008-09-01,singapore,observed,target,66582.0,,
2008-10-01,singapore,observed,target,76836.0,,
2008-11-01,singapore,observed,target,79096.0,,
2008-12-01,singapore,observed,target,66689.0,,
2009-01-01,singapore,observed,target,105144.0,,
2009-02-01,singapore,observed,target,80037.0,,
2009-03-01,singapore,observed,target,91275.0,,
2009-04-01,singapore,observed,target,86525.0,,
2009-05-01,singapore,observed,target,52058.0,,
2009-06-01,singapore,observed,target,41650.0,,
2009-07-01,singapore,observed,target,72326.0,,
2009-08-01,singapore,observed,target,86530.0,,
2009-09-01,singapore,observed,target,59588.0,,
2009-10-01,singapore,observed,target,83273.0,,
2009-11-01,singapore,observed,target,90358.0,,
2009-12-01,singapore,observed,target,87983.0,,
2010-01-01,singapore,observed,target,98918.0,,
2010-02-01,singapore,observed,target,143050.0,,
2010-03-01,singapore,observed,target,88031.0,,
2010-04-01,singapore,observed,target,91701.0,,
2010-05-01,singapore,observed,target,71628.0,,
2010-06-01,singapore,observed,target,69080.0,,
2010-07-01,singapore,observed,target,117775.0,,
2010-08-01,singapore,observed,target,130566.0,,
2010-09-01,singapore,observed,target,74434.0,,
2010-10-01,singapore,observed,target,92600.0,,
2010-11-01,singapore,observed,target,93998.0,,
2010-12-01,singapore,observed,target,99556.0,,
2011-01-01,singapore,observed,target,132040.0,,
2011-02-01,singapore,observed,target,149941.0,,
2011-02-01,singapore,signal,search_index,2363.9,,
2011-03-01,singapore,observed,target,129749.0,,
2011-03-01,singapore,signal,search_index,2569.65,,
2011-04-01,singapore,observed,target,131797.0,,
2011-04-01,singapore,signal,search_index,2714.87,,
2011-05-01,singapore,observed,target,110920.0,,
2011-05-01,singapore,signal,search_index,2954.3,,
2011-06-01,singapore,observed,target,103335.0,,
2011-06-01,singapore,signal,search_index,2874.52,,
2011-07-01,singapore,observed,target,183862.0,,
2011-07-01,singapore,signal,search_index,3086.47,,
2011-08-01,singapore,observed,target,183890.0,,
2011-08-01,singapore,signal,search_index,3281.53,,
2011-09-01,singapore,observed,target,104211.0,,
2011-09-01,singapore,signal,search_index,3179.94,,
2011-10-01,singapore,observed,target,133563.0,,
2011-10-01,singapore,signal,search_index,2874.79,,
2011-11-01,singapore,observed,target,100824.0,,
2011-11-01,singapore,signal,search_index,2813.48,,
2011-12-01,singapore,observed,target,113390.0,,
2011-12-01,singapore,signal,search_index,3143.78,,
2012-01-01,singapore,observed,target,201741.0,,
2012-01-01,singapore,signal,search_index,3146.59,,
2012-02-01,singapore,observed,target,158002.0,,
2012-02-01,singapore,signal,search_index,3002.61,,
2012-03-01,singapore,observed,target,182348.0,,
2012-03-01,singapore,signal,search_index,3473.52,,
2012-04-01,singapore,observed,target,173543.0,,
2012-04-01,singapore,signal,search_index,3383.09,,
2012-05-01,singapore,observed,target,139946.0,,
2012-05-01,singapore,signal,search_index,3364.84,,
2012-06-01,singapore,observed,target,122630.0,,
2012-06-01,singapore,signal,search_index,3402.1,,
2012-07-01,singapore,observed,target,201649.0,,
2012-07-01,singapore,signal,search_index,3702.93,,
2012-08-01,singapore,observed,target,206606.0,,
2012-08-01,singapore,signal,search_index,4360.46,,
2012-09-01,singapore,observed,target,128773.0,,
2012-09-01,singapore,signal,search_index,3801.1,,
2012-10-01,singapore,observed,target,170528.0,,
2012-10-01,singapore,signal,search_index,3614.16,,
2012-11-01,singapore,observed,target,177098.0,,
2012-11-01,singapore,signal,search_index,3427.12,,
2012-12-01,singapore,observed,target,170336.0,,
2012-12-01,singapore,signal,search_index,3514.8,,
2013-01-01,singapore,observed,target,189107.0,,
2013-01-01,singapore,signal,search_index,3928.06,,
2013-02-01,singapore,observed,target,252958.0,,
2013-02-01,singapore,signal,search_index,4065.52,,
2013-03-01,singapore,observed,target,205790.0,,
2013-03-01,singapore,signal,search_index,3874.72,,
2013-04-01,singapore,observed,target,227867.0,,
2013-04-01,singapore,signal,search_index,4087.16,,
2013-05-01,singapore,observed,target,198421.0,,
2013-05-01,singapore,signal,search_index,4346.66,,
2013-06-01,singapore,observed,target,166884.0,,
2013-06-01,singapore,signal,search_index,4496.16,,
2013-07-01,singapore,observed,target,248635.0,,
2013-07-01,singapore,signal,search_index,5207.5,,
2013-08-01,singapore,observed,target,242256.0,,
2013-08-01,singapore,signal,search_index,5346.68,,
2013-09-01,singapore,observed,target,179130.0,,
2013-09-01,singapore,signal,search_index,4850.0,,
2013-10-01,singapore,observed,target,117955.0,,
2013-10-01,singapore,signal,search_index,4166.89,,
2013-11-01,singapore,observed,target,119618.0,,
2013-11-01,singapore,signal,search_index,3907.26,,
2013-12-01,singapore,observed,target,121232.0,,
2013-12-01,singapore,signal,search_index,3786.07,,
2014-01-01,singapore,observed,target,188237.0,,
2014-01-01,singapore,signal,search_index,4386.0,,
2014-02-01,singapore,observed,target,203595.0,,
2014-02-01,singapore,signal,search_index,4683.84,,
2014-03-01,singapore,observed,target,165634.0,,
2014-03-01,singapore,signal,search_index,5422.46,,
2014-04-01,singapore,observed,target,126470.0,,
2014-04-01,singapore,signal,search_index,4646.639999999999,,
2014-05-01,singapore,observed,target,95951.0,,
2014-05-01,singapore,signal,search_index,4289.76,,
2014-06-01,singapore,observed,target,91429.0,,
2014-06-01,singapore,signal,search_index,4518.16,,
2014-07-01,singapore,observed,target,180495.0,,
2014-07-01,singapore,signal,search_index,5235.530000000001,,
2014-08-01,singapore,observed,target,173899.0,,
2014-08-01,singapore,signal,search_index,6089.359999999999,,
2014-09-01,singapore,observed,target,105707.0,,
2014-09-01,singapore,signal,search_index,5515.42,,
2014-10-01,singapore,observed,target,133946.0,,
2014-10-01,singapore,signal,search_index,4856.6,,
2014-11-01,singapore,observed,target,131665.0,,
2014-11-01,singapore,signal,search_index,4343.030000000001,,
2014-12-01,singapore,observed,target,124537.0,,
2014-12-01,singapore,signal,search_index,4056.17,,
2015-01-01,singapore,observed,target,140548.0,,
2015-01-01,singapore,signal,search_index,4726.68,,
2015-02-01,singapore,observed,target,238011.0,,
2015-02-01,singapore,signal,search_index,4966.24,,
2015-03-01,singapore,observed,target,130827.0,,
2015-03-01,singapore,signal,search_index,4592.54,,
2015-04-01,singapore,observed,target,153784.0,,
2015-04-01,singapore,signal,search_index,5121.87,,
2015-05-01,singapore,observed,target,141375.0,,
2015-05-01,singapore,signal,search_index,4719.43,,
2015-06-01,singapore,observed,target,144533.0,,
2015-06-01,singapore,signal,search_index,5400.71,,
2015-07-01,singapore,observed,target,246819.0,,
2015-07-01,singapore,signal,search_index,6074.3,,
2015-08-01,singapore,observed,target,267122.0,,
2015-08-01,singapore,signal,search_index,6738.97,,
2015-09-01,singapore,observed,target,149929.0,,
2015-09-01,singapore,signal,search_index,6197.190000000001,,
2015-10-01,singapore,observed,target,165649.0,,
2015-10-01,singapore,signal,search_index,5519.87,,
2015-11-01,singapore,observed,target,158736.0,,
2015-11-01,singapore,signal,search_index,4904.02,,
2015-12-01,singapore,observed,target,168831.0,,
2015-12-01,singapore,signal,search_index,4747.57,,
2016-01-01,singapore,observed,target,229150.0,,
2016-01-01,singapore,signal,search_index,4822.59,,
2016-02-01,singapore,observed,target,277926.0,,
2016-02-01,singapore,signal,search_index,5250.74,,
2016-03-01,singapore,observed,target,241230.0,,
2016-03-01,singapore,signal,search_index,5274.940000000001,,
2016-04-01,singapore,observed,target,269560.0,,
2016-04-01,singapore,signal,search_index,4888.940000000001,,
2016-05-01,singapore,observed,target,234089.0,,
2016-05-01,singapore,signal,search_index,4835.0,,
2016-06-01,singapore,observed,target,221614.0,,
2016-06-01,singapore,signal,search_index,5142.639999999999,,
2016-07-01,singapore,observed,target,311126.0,,
2016-07-01,singapore,signal,search_index,5657.3,,
2016-08-01,singapore,observed,target,315556.0,,
2016-08-01,singapore,signal,search_index,6179.68,,
2016-09-01,singapore,observed,target,170229.0,,
2016-09-01,singapore,signal,search_index,5234.98,,
2016-10-01,singapore,observed,target,173185.0,,
2016-10-01,singapore,signal,search_index,4457.03,,
2016-11-01,singapore,observed,target,193984.0,,
2016-11-01,singapore,signal,search_index,4350.299999999999,,
2016-12-01,singapore,observed,target,226020.0,,
2016-12-01,singapore,signal,search_index,4556.530000000001,,
2017-01-01,singapore,observed,target,316805.0,,
2017-01-01,singapore,signal,search_index,4912.26,,
2017-02-01,singapore,observed,target,268993.0,,
2017-02-01,singapore,signal,search_index,4970.87,,
2017-03-01,singapore,observed,target,264711.0,,
2017-03-01,singapore,signal,search_index,5352.539999999999,,
2017-04-01,singapore,observed,target,252135.0,,
2017-04-01,singapore,signal,search_index,4990.49,,
2017-05-01,singapore,observed,target,232361.0,,
2017-05-01,singapore,signal,search_index,4623.36,,
2017-06-01,singapore,observed,target,218118.0,,
2017-06-01,singapore,signal,search_index,4990.5,,
2017-07-01,singapore,observed,target,349654.0,,
2017-07-01,singapore,signal,search_index,5560.97,,
2017-08-01,singapore,observed,target,357287.0,,
2017-08-01,singapore,signal,search_index,6146.679999999999,,
2017-09-01,singapore,observed,target,226978.0,,
2017-09-01,singapore,signal,search_index,5488.29,,
2017-10-01,singapore,observed,target,245755.0,,
2017-10-01,singapore,signal,search_index,4657.610000000001,,
2017-11-01,singapore,observed,target,251096.0,,
2017-11-01,singapore,signal,search_index,4317.35,,
2017-12-01,singapore,observed,target,244241.0,,
2017-12-01,singapore,signal,search_index,4315.97,,
2018-01-01,singapore,observed,target,291208.0,,
2018-01-01,singapore,signal,search_index,4719.219999999999,,
2018-02-01,singapore,observed,target,366616.0,,
2018-02-01,singapore,signal,search_index,4855.74,,
2018-03-01,singapore,observed,target,274879.0,,
2018-03-01,singapore,signal,search_index,4383.51,,
2018-04-01,singapore,observed,target,291119.0,,
2018-04-01,singapore,signal,search_index,4661.03,,
2018-05-01,singapore,observed,target,264802.0,,
2018-05-01,singapore,signal,search_index,4555.83,,
2018-06-01,singapore,observed,target,242118.0,,
2018-06-01,singapore,signal,search_index,4684.52,,
2018-07-01,singapore,observed,target,361019.0,,
2018-07-01,singapore,signal,search_index,5228.09,,
2018-08-01,singapore,observed,target,380108.0,,
2018-08-01,singapore,signal,search_index,5816.799999999999,,
2018-09-01,singapore,observed,target,239824.0,,
2018-09-01,singapore,signal,search_index,4880.74,,
2018-10-01,singapore,observed,target,247664.0,,
2018-10-01,singapore,signal,search_index,4160.23,,
2018-11-01,singapore,observed,target,220053.0,,
2018-11-01,singapore,signal,search_index,3577.55,,
2018-12-01,singapore,observed,target,238194.0,,
2018-12-01,singapore,signal,search_index,3862.13,,
2019-01-01,singapore,observed,target,320581.0,,
2019-01-01,singapore,signal,flight_capacity,3291.0,,
2019-01-01,singapore,signal,search_index,4055.42,,
2019-02-01,singapore,observed,target,339550.0,,
2019-02-01,singapore,signal,flight_capacity,3263.0,,
2019-02-01,singapore,signal,search_index,4209.62,,
2019-03-01,singapore,observed,target,300209.0,,
2019-03-01,singapore,signal,flight_capacity,3426.0,,
2019-03-01,singapore,signal,search_index,4643.030000000001,,
2019-04-01,singapore,observed,target,302097.0,,
2019-04-01,singapore,signal,flight_capacity,3490.0,,
2019-04-01,singapore,signal,search_index,4604.23,,
2019-05-01,singapore,observed,target,283445.0,,
2019-05-01,singapore,signal,flight_capacity,3430.0,,
2019-05-01,singapore,signal,search_index,4686.940000000001,,
2019-06-01,singapore,observed,target,266105.0,,
2019-06-01,singapore,signal,flight_capacity,3303.0,,
2019-06-01,singapore,signal,search_index,4318.74,,
2019-07-01,singapore,observed,target,389499.0,,
2019-07-01,singapore,signal,flight_capacity,3420.0,,
2019-07-01,singapore,signal,search_index,4647.360000000001,,
2019-08-01,singapore,observed,target,397066.0,,
2019-08-01,singapore,signal,flight_capacity,3443.0,,
2019-08-01,singapore,signal,search_index,5104.49,,
2019-09-01,singapore,observed,target,248546.0,,
2019-09-01,singapore,signal,flight_capacity,3216.0,,
2019-09-01,singapore,signal,search_index,4204.780000000001,,
2019-10-01,singapore,observed,target,258602.0,,
2019-10-01,singapore,signal,flight_capacity,3300.0,,
2019-10-01,singapore,signal,search_index,3603.76,,
2019-11-01,singapore,observed,target,248614.0,,
2019-11-01,singapore,signal,flight_capacity,3143.0,,
2019-11-01,singapore,signal,search_index,3139.14,,
2019-12-01,singapore,observed,target,272716.0,,
2019-12-01,singapore,signal,flight_capacity,3334.0,,
2019-12-01,singapore,signal,search_index,3561.67,,
2020-01-01,singapore,observed,target,329047.0,,
2020-01-01,singapore,signal,flight_capacity,3517.0,,
2020-01-01,singapore,signal,search_index,4039.940000000001,,
2020-02-01,singapore,observed,target,6222.0,,
2020-02-01,singapore,signal,flight_capacity,519.0,,
2020-02-01,singapore,signal,search_index,3851.36,,
2020-03-01,singapore,observed,target,1488.0,,
2020-03-01,singapore,signal,flight_capacity,434.0,,
2020-03-01,singapore,signal,search_index,1986.49,,
2020-04-01,singapore,observed,target,18.0,,
2020-04-01,singapore,signal,flight_capacity,459.0,,
2020-04-01,singapore,signal,search_index,1828.8,,
2020-05-01,singapore,observed,target,23.0,,
2020-05-01,singapore,signal,flight_capacity,335.0,,
2020-05-01,singapore,signal,search_index,1130.27,,
2020-06-01,singapore,observed,target,118.0,,
2020-06-01,singapore,signal,flight_capacity,426.0,,
2020-06-01,singapore,signal,search_index,1118.55,,
2020-07-01,singapore,observed,target,958.0,,
2020-07-01,singapore,signal,flight_capacity,318.0,,
2020-07-01,singapore,signal,search_index,1182.2,,
2020-08-01,singapore,observed,target,2163.0,,
2020-08-01,singapore,signal,flight_capacity,398.0,,
2020-08-01,singapore,signal,search_index,1185.49,,
2020-09-01,singapore,observed,target,2422.0,,
2020-09-01,singapore,signal,flight_capacity,225.0,,
2020-09-01,singapore,signal,search_index,1158.1,,
2020-10-01,singapore,observed,target,3169.0,,
2020-10-01,singapore,signal,flight_capacity,277.0,,
2020-10-01,singapore,signal,search_index,996.1999999999999,,
2020-11-01,singapore,observed,target,4007.0,,
2020-11-01,singapore,signal,flight_capacity,218.0,,
2020-11-01,singapore,signal,search_index,1003.87,,
2020-12-01,singapore,observed,target,7657.0,,
2020-12-01,singapore,signal,flight_capacity,257.0,,
2020-12-01,singapore,signal,search_index,1101.53,,
2021-01-01,singapore,observed,target,6599.0,,
2021-01-01,singapore,signal,flight_capacity,292.0,,
2021-01-01,singapore,signal,search_index,1062.74,,
2021-02-01,singapore,observed,target,4498.0,,
2021-02-01,singapore,signal,flight_capacity,289.0,,
2021-02-01,singapore,signal,search_index,954.11,,
2021-03-01,singapore,observed,target,8892.0,,
2021-03-01,singapore,signal,flight_capacity,298.0,,
2021-03-01,singapore,signal,search_index,978.25,,
2021-04-01,singapore,observed,target,9056.0,,
2021-04-01,singapore,signal,flight_capacity,240.0,,
2021-04-01,singapore,signal,search_index,1140.67,,
2021-05-01,singapore,observed,target,7388.0,,
2021-05-01,singapore,signal,flight_capacity,242.0,,
2021-05-01,singapore,signal,search_index,1151.7,,
2021-06-01,singapore,observed,target,6983.0,,
2021-06-01,singapore,signal,flight_capacity,281.0,,
2021-06-01,singapore,signal,search_index,1093.29,,
2021-07-01,singapore,observed,target,12669.0,,
2021-07-01,singapore,signal,flight_capacity,243.0,,
2021-07-01,singapore,signal,search_index,1174.33,,
2021-08-01,singapore,observed,target,8907.0,,
2021-08-01,singapore,signal,flight_capacity,198.0,,
2021-08-01,singapore,signal,search_index,1186.97,,
2021-09-01,singapore,observed,target,8952.0,,
2021-09-01,singapore,signal,flight_capacity,168.0,,
2021-09-01,singapore,signal,search_index,1145.04,,
2021-10-01,singapore,observed,target,6065.0,,
2021-10-01,singapore,signal,flight_capacity,140.0,,
2021-10-01,singapore,signal,search_index,975.61,,
2021-11-01,singapore,observed,target,3479.0,,
2021-11-01,singapore,signal,flight_capacity,199.0,,
2021-11-01,singapore,signal,search_index,853.86,,
2021-12-01,singapore,observed,target,4764.0,,
2021-12-01,singapore,signal,flight_capacity,110.0,,
2021-12-01,singapore,signal,search_index,877.4999999999999,,
2022-01-01,singapore,observed,target,4361.0,,
2022-01-01,singapore,signal,flight_capacity,94.0,,
2022-01-01,singapore,signal,search_index,962.84,,
2022-02-01,singapore,observed,target,3823.0,,
2022-02-01,singapore,signal,flight_capacity,101.0,,
2022-02-01,singapore,signal,search_index,1100.32,,
2022-03-01,singapore,observed,target,4131.0,,
2022-03-01,singapore,signal,flight_capacity,58.0,,
2022-03-01,singapore,signal,search_index,1146.68,,
2022-04-01,singapore,observed,target,5048.0,,
2022-04-01,singapore,signal,flight_capacity,50.0,,
2022-04-01,singapore,signal,search_index,1136.9,,
2022-05-01,singapore,observed,target,7150.0,,
2022-05-01,singapore,signal,flight_capacity,68.0,,
2022-05-01,singapore,signal,search_index,1354.87,,
2022-06-01,singapore,observed,target,10191.0,,
2022-06-01,singapore,signal,flight_capacity,83.0,,
2022-06-01,singapore,signal,search_index,1297.45,,
2022-07-01,singapore,observed,target,16622.0,,
2022-07-01,singapore,signal,flight_capacity,82.0,,
2022-07-01,singapore,signal,search_index,1251.63,,
2022-08-01,singapore,observed,target,14735.0,,
2022-08-01,singapore,signal,flight_capacity,90.0,,
2022-08-01,singapore,signal,search_index,1306.35,,
2022-09-01,singapore,observed,target,14127.0,,
2022-09-01,singapore,signal,flight_capacity,101.0,,
2022-09-01,singapore,signal,search_index,1194.41,,
2022-10-01,singapore,observed,target,14971.0,,
2022-10-01,singapore,signal,flight_capacity,172.0,,
2022-10-01,singapore,signal,search_index,1180.88,,
2022-11-01,singapore,observed,target,16024.0,,
2022-11-01,singapore,signal,flight_capacity,241.0,,
2022-11-01,singapore,signal,search_index,1104.45,,
2022-12-01,singapore,observed,target,19684.0,,
2022-12-01,singapore,signal,flight_capacity,299.0,,
2022-12-01,singapore,signal,search_index,1159.7,,
2023-01-01,singapore,base_forecast,legacy_ensemble,332960.3759075937,,
2023-01-01,singapore,observed,target,28363.0,,
2023-01-01,singapore,reference_forecast,legacy_average,27123.14285714286,,
2023-01-01,singapore,signal,flight_capacity,326.0,,
2023-01-01,singapore,signal,search_index,1352.58,,
2023-02-01,singapore,base_forecast,legacy_ensemble,351591.598563598,,
2023-02-01,singapore,observed,target,35300.0,,
2023-02-01,singapore,reference_forecast,legacy_average,34309.0,,
2023-02-01,singapore,signal,flight_capacity,459.0,,
2023-02-01,singapore,signal,search_index,1771.83,,
2023-03-01,singapore,base_forecast,legacy_ensemble,309143.8702463593,,
2023-03-01,singapore,reference_forecast,legacy_average,71132.63083924196,,
2023-03-01,singapore,signal,flight_capacity,1124.0,,
2023-03-01,singapore,signal,search_index,2344.83,,
2023-04-01,singapore,base_forecast,legacy_ensemble,312761.9164385395,,
2023-04-01,singapore,reference_forecast,legacy_average,91219.64386777979,,
2023-04-01,singapore,signal,flight_capacity,1407.0,,
2023-04-01,singapore,signal,search_index,2732.9,,
2023-05-01,singapore,base_forecast,legacy_ensemble,290921.7441377434,,
2023-05-01,singapore,reference_forecast,legacy_average,89358.28366090158,,
2023-05-01,singapore,signal,flight_capacity,1625.0,,
2023-05-01,singapore,signal,search_index,2735.93,,
2023-06-01,singapore,base_forecast,legacy_ensemble,276141.6866875211,,
2023-06-01,singapore,reference_forecast,legacy_average,94463.35582401806,,
2023-06-01,singapore,signal,flight_capacity,1991.0,,
2023-06-01,singapore,signal,search_index,2588.129032258064,,
2023-07-01,singapore,base_forecast,legacy_ensemble,382798.0867202621,,
2023-08-01,singapore,base_forecast,legacy_ensemble,391221.1731772943,,
2023-08-01,singapore,recovery_forecast,legacy_final,148296.1103586174,,
2023-09-01,singapore,base_forecast,legacy_ensemble,270277.2107693107,,
2023-09-01,singapore,recovery_forecast,legacy_final,103177.565278363,,
2023-10-01,singapore,base_forecast,legacy_ensemble,277845.2280223763,,
2023-10-01,singapore,recovery_forecast,legacy_final,115824.6994804384,,
2023-11-01,singapore,base_forecast,legacy_ensemble,272399.0075363618,,
2023-11-01,singapore,recovery_forecast,legacy_final,125994.6649854394,,
2023-12-01,singapore,base_forecast,legacy_ensemble,282139.6396147893,,
2023-12-01,singapore,recovery_forecast,legacy_final,137971.5841432485,,
2024-01-01,singapore,base_forecast,legacy_ensemble,341619.0944019729,,
2024-01-01,singapore,recovery_forecast,legacy_final,183580.7569041682,,
2024-02-01,singapore,base_forecast,legacy_ensemble,367615.8184287767,,
2024-02-01,singapore,recovery_forecast,legacy_final,224641.0764492203,,
2024-03-01,singapore,base_forecast,legacy_ensemble,320458.8078884962,,
2024-03-01,singapore,recovery_forecast,legacy_final,194559.9429744969,,
2024-04-01,singapore,base_forecast,legacy_ensemble,325270.3680734753,,
2024-04-01,singapore,recovery_forecast,legacy_final,208527.8247489883,,
2024-05-01,singapore,base_forecast,legacy_ensemble,303109.7133730057,,
2024-05-01,singapore,recovery_forecast,legacy_final,188026.718273285,,
2024-06-01,singapore,base_forecast,legacy_ensemble,287685.6556050293,,
2024-06-01,singapore,recovery_forecast,legacy_final,181558.4183787009,,
2024-07-01,singapore,base_forecast,legacy_ensemble,393155.7513743032,,
2024-07-01,singapore,recovery_forecast,legacy_final,294730.7965166242,,
2024-07-01,singapore,terminal_forecast,intervention_adjusted,314524.6010994426,,
2024-08-01,singapore,base_forecast,legacy_ensemble,403481.0880500911,,
2024-09-01,singapore,base_forecast,legacy_ensemble,280638.4349443862,,
2024-10-01,singapore,base_forecast,legacy_ensemble,287818.2528488647,,
2024-11-01,singapore,base_forecast,legacy_ensemble,281539.4145508957,,
2024-12-01,singapore,base_forecast,legacy_ensemble,292893.7416990174,,
1995-01-01,thailand,observed,target,23333.0,,
1995-02-01,thailand,observed,target,29822.0,,
1995-03-01,thailand,observed,target,33547.0,,
1995-04-01,thailand,observed,target,30017.0,,
1995-05-01,thailand,observed,target,31602.0,,
1995-06-01,thailand,observed,target,26744.0,,
1995-07-01,thailand,observed,target,35877.0,,
1995-08-01,thailand,observed,target,33971.0,,
1995-09-01,thailand,observed,target,27167.0,,
1995-10-01,thailand,observed,target,31500.0,,
1995-11-01,thailand,observed,target,37078.0,,
1995-12-01,thailand,observed,target,39395.0,,
1996-01-01,thailand,observed,target,34381.0,,
1996-02-01,thailand,observed,target,42057.0,,
1996-03-01,thailand,observed,target,31874.0,,
1996-04-01,thailand,observed,target,34640.0,,
1996-05-01,thailand,observed,target,35855.0,,
1996-06-01,thailand,observed,target,28965.0,,
1996-07-01,thailand,observed,target,46282.0,,
1996-08-01,thailand,observed,target,49820.0,,
1996-09-01,thailand,observed,target,35203.0,,
1996-10-01,thailand,observed,target,40901.0,,
1996-11-01,thailand,observed,target,43857.0,,
1996-12-01,thailand,observed,target,45627.0,,
1997-01-01,thailand,observed,target,44461.0,,
1997-02-01,thailand,observed,target,52127.0,,
1997-03-01,thailand,observed,target,37274.0,,
1997-04-01,thailand,observed,target,48864.0,,
1997-05-01,thailand,observed,target,51787.0,,
1997-06-01,thailand,observed,target,23826.0,,
1997-07-01,thailand,observed,target,27779.0,,
1997-08-01,thailand,observed,target,39609.0,,
1997-09-01,thailand,observed,target,26003.0,,
1997-10-01,thailand,observed,target,25833.0,,
1997-11-01,thailand,observed,target,34026.0,,
1997-12-01,thailand,observed,target,40547.0,,
1998-01-01,thailand,observed,target,60784.0,,
1998-02-01,thailand,observed,target,43980.0,,
1998-03-01,thailand,observed,target,52243.0,,
1998-04-01,thailand,observed,target,40248.0,,
1998-05-01,thailand,observed,target,42941.0,,
1998-06-01,thailand,observed,target,38150.0,,
1998-07-01,thailand,observed,target,59163.0,,
1998-08-01,thailand,observed,target,56681.0,,
1998-09-01,thailand,observed,target,38805.0,,
1998-10-01,thailand,observed,target,44569.0,,
1998-11-01,thailand,observed,target,62965.0,,
1998-12-01,thailand,observed,target,63943.0,,
1999-01-01,thailand,observed,target,72009.0,,
1999-02-01,thailand,observed,target,111444.0,,
1999-03-01,thailand,observed,target,54725.0,,
1999-04-01,thailand,observed,target,66936.0,,
1999-05-01,thailand,observed,target,65041.0,,
1999-06-01,thailand,observed,target,54375.0,,
1999-07-01,thailand,observed,target,77725.0,,
1999-08-01,thailand,observed,target,66549.0,,
1999-09-01,thailand,observed,target,46133.0,,
1999-10-01,thailand,observed,target,57458.0,,
1999-11-01,thailand,observed,target,74142.0,,
1999-12-01,thailand,observed,target,67056.0,,
2000-01-01,thailand,observed,target,75040.0,,
2000-02-01,thailand,observed,target,84634.0,,
2000-03-01,thailand,observed,target,66692.0,,
2000-04-01,thailand,observed,target,82741.0,,
2000-05-01,thailand,observed,target,65429.0,,
2000-06-01,thailand,observed,target,49272.0,,
2000-07-01,thailand,observed,target,62944.0,,
2000-08-01,thailand,observed,target,57478.0,,
2000-09-01,thailand,observed,target,54809.0,,
2000-10-01,thailand,observed,target,45115.0,,
2000-11-01,thailand,observed,target,50693.0,,
2000-12-01,thailand,observed,target,58862.0,,
2001-01-01,thailand,observed,target,90686.0,,
2001-02-01,thailand,observed,target,46648.0,,
2001-03-01,thailand,observed,target,61518.0,,
2001-04-01,thailand,observed,target,73190.0,,
2001-05-01,thailand,observed,target,65946.0,,
2001-06-01,thailand,observed,target,61512.0,,
2001-07-01,thailand,observed,target,80381.0,,
2001-08-01,thailand,observed,target,72492.0,,
2001-09-01,thailand,observed,target,50427.0,,
2001-10-01,thailand,observed,target,51196.0,,
2001-11-01,thailand,observed,target,67811.0,,
2001-12-01,thailand,observed,target,79555.0,,
2002-01-01,thailand,observed,target,73210.0,,
2002-02-01,thailand,observed,target,109352.0,,
2002-03-01,thailand,observed,target,58883.0,,
2002-04-01,thailand,observed,target,80829.0,,
2002-05-01,thailand,observed,target,65299.0,,
2002-06-01,thailand,observed,target,45062.0,,
2002-07-01,thailand,observed,target,55155.0,,
2002-08-01,thailand,observed,target,61226.0,,
2002-09-01,thailand,observed,target,61252.0,,
2002-10-01,thailand,observed,target,57347.0,,
2002-11-01,thailand,observed,target,63875.0,,
2002-12-01,thailand,observed,target,66486.0,,
2003-01-01,thailand,observed,target,72451.0,,
2003-02-01,thailand,observed,target,88319.0,,
2003-03-01,thailand,observed,target,58323.0,,
2003-04-01,thailand,observed,target,23383.0,,
2003-05-01,thailand,observed,target,6490.0,,
2003-06-01,thailand,observed,target,10871.0,,
2003-07-01,thailand,observed,target,26660.0,,
2003-08-01,thailand,observed,target,51270.0,,
2003-09-01,thailand,observed,target,58723.0,,
2003-10-01,thailand,observed,target,61576.0,,
2003-11-01,thailand,observed,target,75196.0,,
2003-12-01,thailand,observed,target,73373.0,,
2004-01-01,thailand,observed,target,100933.0,,
2004-02-01,thailand,observed,target,35791.0,,
2004-03-01,thailand,observed,target,45729.0,,
2004-04-01,thailand,observed,target,71917.0,,
2004-05-01,thailand,observed,target,55895.0,,
2004-06-01,thailand,observed,target,45177.0,,
2004-07-01,thailand,observed,target,66386.0,,
2004-08-01,thailand,observed,target,57684.0,,
2004-09-01,thailand,observed,target,53612.0,,
2004-10-01,thailand,observed,target,63536.0,,
2004-11-01,thailand,observed,target,68789.0,,
2004-12-01,thailand,observed,target,64399.0,,
2005-01-01,thailand,observed,target,25378.0,,
2005-02-01,thailand,observed,target,39505.0,,
2005-03-01,thailand,observed,target,41920.0,,
2005-04-01,thailand,observed,target,57669.0,,
2005-05-01,thailand,observed,target,47955.0,,
2005-06-01,thailand,observed,target,47708.0,,
2005-07-01,thailand,observed,target,93518.0,,
2005-08-01,thailand,observed,target,112868.0,,
2005-09-01,thailand,observed,target,79073.0,,
2005-10-01,thailand,observed,target,78888.0,,
2005-11-01,thailand,observed,target,80808.0,,
2005-12-01,thailand,observed,target,71502.0,,
2006-01-01,thailand,observed,target,91050.0,,
2006-02-01,thailand,observed,target,89650.0,,
2006-03-01,thailand,observed,target,98204.0,,
2006-04-01,thailand,observed,target,91946.0,,
2006-05-01,thailand,observed,target,74005.0,,
2006-06-01,thailand,observed,target,70764.0,,
2006-07-01,thailand,observed,target,88903.0,,
2006-08-01,thailand,observed,target,84507.0,,
2006-09-01,thailand,observed,target,58038.0,,
2006-10-01,thailand,observed,target,49880.0,,
2006-11-01,thailand,observed,target,82163.0,,
2006-12-01,thailand,observed,target,70007.0,,
2007-01-01,thailand,observed,target,64494.0,,
2007-02-01,thailand,observed,target,92237.0,,
2007-03-01,thailand,observed,target,59930.0,,
2007-04-01,thailand,observed,target,78385.0,,
2007-05-01,thailand,observed,target,66692.0,,
2007-06-01,thailand,observed,target,62521.0,,
2007-07-01,thailand,observed,target,78142.0,,
2007-08-01,thailand,observed,target,80323.0,,
2007-09-01,thailand,observed,target,72430.0,,
2007-10-01,thailand,observed,target,75310.0,,
2007-11-01,thailand,observed,target,91479.0,,
2007-12-01,thailand,observed,target,85174.0,,
2008-01-01,thailand,observed,target,84859.0,,
2008-02-01,thailand,observed,target,113990.0,,
2008-03-01,thailand,observed,target,89206.0,,
2008-04-01,thailand,observed,target,101631.0,,
2008-05-01,thailand,observed,target,81564.0,,
2008-06-01,thailand,observed,target,61970.0,,
2008-07-01,thailand,observed,target,81417.0,,
2008-08-01,thailand,observed,target,68860.0,,
2008-09-01,thailand,observed,target,34147.0,,
2008-10-01,thailand,observed,target,41020.0,,
2008-11-01,thailand,observed,target,43987.0,,
2008-12-01,thailand,observed,target,24009.0,,
2009-01-01,thailand,observed,target,57329.0,,
2009-02-01,thailand,observed,target,53106.0,,
2009-03-01,thailand,observed,target,79362.0,,
2009-04-01,thailand,observed,target,70021.0,,
2009-05-01,thailand,observed,target,36425.0,,
2009-06-01,thailand,observed,target,35370.0,,
2009-07-01,thailand,observed,target,47991.0,,
2009-08-01,thailand,observed,target,63700.0,,
2009-09-01,thailand,observed,target,64231.0,,
2009-10-01,thailand,observed,target,83256.0,,
2009-11-01,thailand,observed,target,93030.0,,
2009-12-01,thailand,observed,target,93687.0,,
2010-01-01,thailand,observed,target,106920.0,,
2010-02-01,thailand,observed,target,152717.0,,
2010-03-01,thailand,observed,target,74267.0,,
2010-04-01,thailand,observed,target,52859.0,,
2010-05-01,thailand,observed,target,35833.0,,
2010-06-01,thailand,observed,target,49110.0,,
2010-07-01,thailand,observed,target,90223.0,,
2010-08-01,thailand,observed,target,123591.0,,
2010-09-01,thailand,observed,target,100621.0,,
2010-10-01,thailand,observed,target,99131.0,,
2010-11-01,thailand,observed,target,111970.0,,
2010-12-01,thailand,observed,target,124977.0,,
2011-01-01,thailand,observed,target,143477.0,,
2011-02-01,thailand,observed,target,183163.0,,
2011-02-01,thailand,signal,search_index,4794.34,,
2011-03-01,thailand,observed,target,148236.0,,
2011-03-01,thailand,signal,search_index,5232.719999999999,,
2011-04-01,thailand,observed,target,138042.0,,
2011-04-01,thailand,signal,search_index,4986.71,,
2011-05-01,thailand,observed,target,134825.0,,
2011-05-01,thailand,signal,search_index,4952.84,,
2011-06-01,thailand,observed,target,124605.0,,
2011-06-01,thailand,signal,search_index,5365.16,,
2011-07-01,thailand,observed,target,179076.0,,
2011-07-01,thailand,signal,search_index,7274.77,,
2011-08-01,thailand,observed,target,193881.0,,
2011-08-01,thailand,signal,search_index,7520.130000000001,,
2011-09-01,thailand,observed,target,153305.0,,
2011-09-01,thailand,signal,search_index,7351.35,,
2011-10-01,thailand,observed,target,149088.0,,
2011-10-01,thailand,signal,search_index,6801.67,,
2011-11-01,thailand,observed,target,67651.0,,
2011-11-01,thailand,signal,search_index,7046.389999999999,,
2011-12-01,thailand,observed,target,105898.0,,
2011-12-01,thailand,signal,search_index,5987.139999999999,,
2012-01-01,thailand,observed,target,222773.0,,
2012-01-01,thailand,signal,search_index,6512.0,,
2012-02-01,thailand,observed,target,158742.0,,
2012-02-01,thailand,signal,search_index,7075.610000000001,,
2012-03-01,thailand,observed,target,198767.0,,
2012-03-01,thailand,signal,search_index,9258.130000000001,,
2012-04-01,thailand,observed,target,214689.0,,
2012-04-01,thailand,signal,search_index,8959.119999999999,,
2012-05-01,thailand,observed,target,192642.0,,
2012-05-01,thailand,signal,search_index,9115.05,,
2012-06-01,thailand,observed,target,180481.0,,
2012-06-01,thailand,signal,search_index,9371.29,,
2012-07-01,thailand,observed,target,263412.0,,
2012-07-01,thailand,signal,search_index,9669.29,,
2012-08-01,thailand,observed,target,278182.0,,
2012-08-01,thailand,signal,search_index,11714.91,,
2012-09-01,thailand,observed,target,231560.0,,
2012-09-01,thailand,signal,search_index,11180.68,,
2012-10-01,thailand,observed,target,262432.0,,
2012-10-01,thailand,signal,search_index,10054.06,,
2012-11-01,thailand,observed,target,294518.0,,
2012-11-01,thailand,signal,search_index,10505.07,,
2012-12-01,thailand,observed,target,288662.0,,
2012-12-01,thailand,signal,search_index,10862.94,,
2013-01-01,thailand,observed,target,339067.0,,
2013-01-01,thailand,signal,search_index,13317.16,,
2013-02-01,thailand,observed,target,464975.0,,
2013-02-01,thailand,signal,search_index,13924.19,,
2013-03-01,thailand,observed,target,372875.0,,
2013-03-01,thailand,signal,search_index,14043.93,,
2013-04-01,thailand,observed,target,427780.0,,
2013-04-01,thailand,signal,search_index,14218.17,,
2013-05-01,thailand,observed,target,383292.0,,
2013-05-01,thailand,signal,search_index,13333.66,,
2013-06-01,thailand,observed,target,370064.0,,
2013-06-01,thailand,signal,search_index,13380.84,,
2013-07-01,thailand,observed,target,458683.0,,
2013-07-01,thailand,signal,search_index,15444.97,,
2013-08-01,thailand,observed,target,476765.0,,
2013-08-01,thailand,signal,search_index,17029.19,,
2013-09-01,thailand,observed,target,455202.0,,
2013-09-01,thailand,signal,search_index,16193.44,,
2013-10-01,thailand,observed,target,299982.0,,
2013-10-01,thailand,signal,search_index,14216.14,,
2013-11-01,thailand,observed,target,323222.0,,
2013-11-01,thailand,signal,search_index,12999.82,,
2013-12-01,thailand,observed,target,265428.0,,
2013-12-01,thailand,signal,search_index,12402.99,,
2014-01-01,thailand,observed,target,357034.0,,
2014-01-01,thailand,signal,search_index,12053.45,,
2014-02-01,thailand,observed,target,360023.0,,
2014-02-01,thailand,signal,search_index,14013.97,,
2014-03-01,thailand,observed,target,319881.0,,
2014-03-01,thailand,signal,search_index,15634.88,,
2014-04-01,thailand,observed,target,332819.0,,
2014-04-01,thailand,signal,search_index,13628.03,,
2014-05-01,thailand,observed,target,302823.0,,
2014-05-01,thailand,signal,search_index,13222.63,,
2014-06-01,thailand,observed,target,220497.0,,
2014-06-01,thailand,signal,search_index,13572.49,,
2014-07-01,thailand,observed,target,360231.0,,
2014-07-01,thailand,signal,search_index,13561.76,,
2014-08-01,thailand,observed,target,449670.0,,
2014-08-01,thailand,signal,search_index,18262.52,,
2014-09-01,thailand,observed,target,424461.0,,
2014-09-01,thailand,signal,search_index,18057.51,,
2014-10-01,thailand,observed,target,500666.0,,
2014-10-01,thailand,signal,search_index,17572.6,,
2014-11-01,thailand,observed,target,512856.0,,
2014-11-01,thailand,signal,search_index,17295.45,,
2014-12-01,thailand,observed,target,495337.0,,
2014-12-01,thailand,signal,search_index,15634.43,,
2015-01-01,thailand,observed,target,561925.0,,
2015-01-01,thailand,signal,search_index,18127.22,,
2015-02-01,thailand,observed,target,780549.0,,
2015-02-01,thailand,signal,search_index,20525.01,,
2015-03-01,thailand,observed,target,663571.0,,
2015-03-01,thailand,signal,search_index,20100.14,,
2015-04-01,thailand,observed,target,701169.0,,
2015-04-01,thailand,signal,search_index,24703.39,,
2015-05-01,thailand,observed,target,668079.0,,
2015-05-01,thailand,signal,search_index,19702.33,,
2015-06-01,thailand,observed,target,632889.0,,
2015-06-01,thailand,signal,search_index,19813.38,,
2015-07-01,thailand,observed,target,775896.0,,
2015-07-01,thailand,signal,search_index,21689.26,,
2015-08-01,thailand,observed,target,800596.0,,
2015-08-01,thailand,signal,search_index,26438.55,,
2015-09-01,thailand,observed,target,532696.0,,
2015-09-01,thailand,signal,search_index,24421.36,,
2015-10-01,thailand,observed,target,566164.0,,
2015-10-01,thailand,signal,search_index,18037.47,,
2015-11-01,thailand,observed,target,615407.0,,
2015-11-01,thailand,signal,search_index,16383.65,,
2015-12-01,thailand,observed,target,637858.0,,
2015-12-01,thailand,signal,search_index,16777.01,,
2016-01-01,thailand,observed,target,814693.0,,
2016-01-01,thailand,signal,search_index,19414.68,,
2016-02-01,thailand,observed,target,958201.0,,
2016-02-01,thailand,signal,search_index,22997.93,,
2016-03-01,thailand,observed,target,856683.0,,
2016-03-01,thailand,signal,search_index,24095.87,,
2016-04-01,thailand,observed,target,816029.0,,
2016-04-01,thailand,signal,search_index,21940.34,,
2016-05-01,thailand,observed,target,738601.0,,
2016-05-01,thailand,signal,search_index,19726.93,,
2016-06-01,thailand,observed,target,715411.0,,
2016-06-01,thailand,signal,search_index,21651.07,,
2016-07-01,thailand,observed,target,865355.0,,
2016-07-01,thailand,signal,search_index,22074.07,,
2016-08-01,thailand,observed,target,891382.0,,
2016-08-01,thailand,signal,search_index,26086.84,,
2016-09-01,thailand,observed,target,658895.0,,
2016-09-01,thailand,signal,search_index,22139.15,,
2016-10-01,thailand,observed,target,474363.0,,
2016-10-01,thailand,signal,search_index,17760.37,,
2016-11-01,thailand,observed,target,432467.0,,
2016-11-01,thailand,signal,search_index,16079.58,,
2016-12-01,thailand,observed,target,535566.0,,
2016-12-01,thailand,signal,search_index,15861.61,,
2017-01-01,thailand,observed,target,859617.0,,
2017-01-01,thailand,signal,search_index,18878.22,,
2017-02-01,thailand,observed,target,790051.0,,
2017-02-01,thailand,signal,search_index,20280.84,,
2017-03-01,thailand,observed,target,789417.0,,
2017-03-01,thailand,signal,search_index,23209.54,,
2017-04-01,thailand,observed,target,748127.0,,
2017-04-01,thailand,signal,search_index,21371.71,,
2017-05-01,thailand,observed,target,762193.0,,
2017-05-01,thailand,signal,search_index,18974.77,,
2017-06-01,thailand,observed,target,762481.0,,
2017-06-01,thailand,signal,search_index,24663.1,,
2017-07-01,thailand,observed,target,937971.0,,
2017-07-01,thailand,signal,search_index,24828.0,,
2017-08-01,thailand,observed,target,983245.0,,
2017-08-01,thailand,signal,search_index,27992.38,,
2017-09-01,thailand,observed,target,760999.0,,
2017-09-01,thailand,signal,search_index,27219.0,,
2017-10-01,thailand,observed,target,805616.0,,
2017-10-01,thailand,signal,search_index,22113.15,,
2017-11-01,thailand,observed,target,790839.0,,
2017-11-01,thailand,signal,search_index,18758.42,,
2017-12-01,thailand,observed,target,815704.0,,
2017-12-01,thailand,signal,search_index,18039.06,,
2018-01-01,thailand,observed,target,969996.0,,
2018-01-01,thailand,signal,search_index,20226.97,,
2018-02-01,thailand,observed,target,1198971.0,,
2018-02-01,thailand,signal,search_index,22161.14,,
2018-03-01,thailand,observed,target,1004025.0,,
2018-03-01,thailand,signal,search_index,22620.04,,
2018-04-01,thailand,observed,target,986703.0,,
2018-04-01,thailand,signal,search_index,22430.7,,
2018-05-01,thailand,observed,target,869206.0,,
2018-05-01,thailand,signal,search_index,20417.13,,
2018-06-01,thailand,observed,target,900652.0,,
2018-06-01,thailand,signal,search_index,19089.52,,
2018-07-01,thailand,observed,target,929808.0,,
2018-07-01,thailand,signal,search_index,18502.86,,
2018-08-01,thailand,observed,target,867750.0,,
2018-08-01,thailand,signal,search_index,31336.39,,
2018-09-01,thailand,observed,target,647711.0,,
2018-09-01,thailand,signal,search_index,13834.13,,
2018-10-01,thailand,observed,target,646583.0,,
2018-10-01,thailand,signal,search_index,11790.03,,
2018-11-01,thailand,observed,target,675143.0,,
2018-11-01,thailand,signal,search_index,12768.25,,
2018-12-01,thailand,observed,target,838693.0,,
2018-12-01,thailand,signal,search_index,14172.74,,
2019-01-01,thailand,observed,target,1069659.0,,
2019-01-01,thailand,signal,flight_capacity,11969.0,,
2019-01-01,thailand,signal,search_index,15939.93,,
2019-02-01,thailand,observed,target,1064736.0,,
2019-02-01,thailand,signal,flight_capacity,11776.0,,
2019-02-01,thailand,signal,search_index,17351.17,,
2019-03-01,thailand,observed,target,985227.0,,
2019-03-01,thailand,signal,flight_capacity,11927.0,,
2019-03-01,thailand,signal,search_index,18882.18,,
2019-04-01,thailand,observed,target,898994.0,,
2019-04-01,thailand,signal,flight_capacity,10786.0,,
2019-04-01,thailand,signal,search_index,16542.1,,
2019-05-01,thailand,observed,target,794913.0,,
2019-05-01,thailand,signal,flight_capacity,11901.0,,
2019-05-01,thailand,signal,search_index,14863.97,,
2019-06-01,thailand,observed,target,836742.0,,
2019-06-01,thailand,signal,flight_capacity,10600.0,,
2019-06-01,thailand,signal,search_index,13652.13,,
2019-07-01,thailand,observed,target,983808.0,,
2019-07-01,thailand,signal,flight_capacity,11648.0,,
2019-07-01,thailand,signal,search_index,14706.96,,
2019-08-01,thailand,observed,target,1031683.0,,
2019-08-01,thailand,signal,flight_capacity,11750.0,,
2019-08-01,thailand,signal,search_index,14892.49,,
2019-09-01,thailand,observed,target,852154.0,,
2019-09-01,thailand,signal,flight_capacity,10950.0,,
2019-09-01,thailand,signal,search_index,13176.45,,
2019-10-01,thailand,observed,target,826431.0,,
2019-10-01,thailand,signal,flight_capacity,11168.0,,
2019-10-01,thailand,signal,search_index,10829.05,,
2019-11-01,thailand,observed,target,798944.0,,
2019-11-01,thailand,signal,flight_capacity,10602.0,,
2019-11-01,thailand,signal,search_index,9813.380000000001,,
2019-12-01,thailand,observed,target,854047.0,,
2019-12-01,thailand,signal,flight_capacity,11014.0,,
2019-12-01,thailand,signal,search_index,10577.6,,
2020-01-01,thailand,observed,target,1030148.0,,
2020-01-01,thailand,signal,flight_capacity,12574.0,,
2020-01-01,thailand,signal,search_index,13359.55,,
2020-02-01,thailand,observed,target,160564.0,,
2020-02-01,thailand,signal,flight_capacity,2908.0,,
2020-02-01,thailand,signal,search_index,12025.19,,
2020-03-01,thailand,observed,target,56852.0,,
2020-03-01,thailand,signal,flight_capacity,1462.0,,
2020-03-01,thailand,signal,search_index,8489.83,,
2020-04-01,thailand,observed,target,0.0,,
2020-04-01,thailand,signal,flight_capacity,187.0,,
2020-04-01,thailand,signal,search_index,5750.299999999999,,
2020-05-01,thailand,observed,target,0.0,,
2020-05-01,thailand,signal,flight_capacity,224.0,,
2020-05-01,thailand,signal,search_index,3975.83,,
2020-06-01,thailand,observed,target,0.0,,
2020-06-01,thailand,signal,flight_capacity,170.0,,
2020-06-01,thailand,signal,search_index,3820.29,,
2020-07-01,thailand,observed,target,0.0,,
2020-07-01,thailand,signal,flight_capacity,208.0,,
2020-07-01,thailand,signal,search_index,3555.49,,
2020-08-01,thailand,observed,target,0.0,,
2020-08-01,thailand,signal,flight_capacity,239.0,,
2020-08-01,thailand,signal,search_index,4039.08,,
2020-09-01,thailand,observed,target,0.0,,
2020-09-01,thailand,signal,flight_capacity,231.0,,
2020-09-01,thailand,signal,search_index,4934.860000000001,,
2020-10-01,thailand,observed,target,471.0,,
2020-10-01,thailand,signal,flight_capacity,160.0,,
2020-10-01,thailand,signal,search_index,3810.059999999999,,
2020-11-01,thailand,observed,target,914.0,,
2020-11-01,thailand,signal,flight_capacity,177.0,,
2020-11-01,thailand,signal,search_index,3789.46,,
2020-12-01,thailand,observed,target,961.0,,
2020-12-01,thailand,signal,flight_capacity,221.0,,
2020-12-01,thailand,signal,search_index,3647.9,,
2021-01-01,thailand,observed,target,572.0,,
2021-01-01,thailand,signal,flight_capacity,191.0,,
2021-01-01,thailand,signal,search_index,3480.26,,
2021-02-01,thailand,observed,target,359.0,,
2021-02-01,thailand,signal,flight_capacity,157.0,,
2021-02-01,thailand,signal,search_index,3390.51,,
2021-03-01,thailand,observed,target,589.0,,
2021-03-01,thailand,signal,flight_capacity,230.0,,
2021-03-01,thailand,signal,search_index,3908.75,,
2021-04-01,thailand,observed,target,643.0,,
2021-04-01,thailand,signal,flight_capacity,162.0,,
2021-04-01,thailand,signal,search_index,4030.84,,
2021-05-01,thailand,observed,target,505.0,,
2021-05-01,thailand,signal,flight_capacity,170.0,,
2021-05-01,thailand,signal,search_index,4028.78,,
2021-06-01,thailand,observed,target,323.0,,
2021-06-01,thailand,signal,flight_capacity,126.0,,
2021-06-01,thailand,signal,search_index,3651.94,,
2021-07-01,thailand,observed,target,1032.0,,
2021-07-01,thailand,signal,flight_capacity,137.0,,
2021-07-01,thailand,signal,search_index,3636.91,,
2021-08-01,thailand,observed,target,976.0,,
2021-08-01,thailand,signal,flight_capacity,117.0,,
2021-08-01,thailand,signal,search_index,3875.809999999999,,
2021-09-01,thailand,observed,target,697.0,,
2021-09-01,thailand,signal,flight_capacity,67.0,,
2021-09-01,thailand,signal,search_index,3377.93,,
2021-10-01,thailand,observed,target,504.0,,
2021-10-01,thailand,signal,flight_capacity,80.0,,
2021-10-01,thailand,signal,search_index,3147.21,,
2021-11-01,thailand,observed,target,2328.0,,
2021-11-01,thailand,signal,flight_capacity,70.0,,
2021-11-01,thailand,signal,search_index,3087.38,,
2021-12-01,thailand,observed,target,4515.0,,
2021-12-01,thailand,signal,flight_capacity,59.0,,
2021-12-01,thailand,signal,search_index,3182.4,,
2022-01-01,thailand,observed,target,3110.0,,
2022-01-01,thailand,signal,flight_capacity,77.0,,
2022-01-01,thailand,signal,search_index,3201.52,,
2022-02-01,thailand,observed,target,4898.0,,
2022-02-01,thailand,signal,flight_capacity,63.0,,
2022-02-01,thailand,signal,search_index,3151.6,,
2022-03-01,thailand,observed,target,5730.0,,
2022-03-01,thailand,signal,flight_capacity,76.0,,
2022-03-01,thailand,signal,search_index,3886.0,,
2022-04-01,thailand,observed,target,8728.0,,
2022-04-01,thailand,signal,flight_capacity,99.0,,
2022-04-01,thailand,signal,search_index,3867.219999999999,,
2022-05-01,thailand,observed,target,14930.0,,
2022-05-01,thailand,signal,flight_capacity,61.0,,
2022-05-01,thailand,signal,search_index,4205.93,,
2022-06-01,thailand,observed,target,20040.0,,
2022-06-01,thailand,signal,flight_capacity,61.0,,
2022-06-01,thailand,signal,search_index,4187.78,,
2022-07-01,thailand,observed,target,27175.0,,
2022-07-01,thailand,signal,flight_capacity,74.0,,
2022-07-01,thailand,signal,search_index,3921.26,,
2022-08-01,thailand,observed,target,29985.0,,
2022-08-01,thailand,signal,flight_capacity,79.0,,
2022-08-01,thailand,signal,search_index,4168.15,,
2022-09-01,thailand,observed,target,32302.0,,
2022-09-01,thailand,signal,flight_capacity,101.0,,
2022-09-01,thailand,signal,search_index,3932.99,,
2022-10-01,thailand,observed,target,35410.0,,
2022-10-01,thailand,signal,flight_capacity,166.0,,
2022-10-01,thailand,signal,search_index,5714.400000000001,,
2022-11-01,thailand,observed,target,37113.0,,
2022-11-01,thailand,signal,flight_capacity,195.0,,
2022-11-01,thailand,signal,search_index,3570.96,,
2022-12-01,thailand,observed,target,54146.0,,
2022-12-01,thailand,signal,flight_capacity,259.0,,
2022-12-01,thailand,signal,search_index,3906.37,,
2023-01-01,thailand,base_forecast,legacy_ensemble,1026883.134293606,,
2023-01-01,thailand,observed,target,91841.0,,
2023-01-01,thailand,reference_forecast,legacy_average,86456.0,,
2023-01-01,thailand,signal,flight_capacity,561.0,,
2023-01-01,thailand,signal,search_index,4659.27,,
2023-02-01,thailand,base_forecast,legacy_ensemble,1071670.502771397,,
2023-02-01,thailand,reference_forecast,legacy_average,205795.9920981368,,
2023-02-01,thailand,signal,flight_capacity,1306.0,,
2023-02-01,thailand,signal,search_index,7547.88,,
2023-03-01,thailand,base_forecast,legacy_ensemble,977626.9817747907,,
2023-03-01,thailand,reference_forecast,legacy_average,314368.2260432203,,
2023-03-01,thailand,signal,flight_capacity,2562.0,,
2023-03-01,thailand,signal,search_index,8398.59,,
2023-04-01,thailand,base_forecast,legacy_ensemble,947667.3365192452,,
2023-04-01,thailand,reference_forecast,legacy_average,420656.5493850033,,
2023-04-01,thailand,signal,flight_capacity,3818.0,,
2023-04-01,thailand,signal,search_index,7626.549999999999,,
2023-05-01,thailand,base_forecast,legacy_ensemble,874212.7211101274,,
2023-05-01,thailand,reference_forecast,legacy_average,436496.6952543021,,
2023-05-01,thailand,signal,flight_capacity,4451.0,,
2023-05-01,thailand,signal,search_index,6676.6,,
2023-06-01,thailand,base_forecast,legacy_ensemble,865615.6644590682,,
2023-06-01,thailand,reference_forecast,legacy_average,425597.6012764319,,
2023-06-01,thailand,signal,flight_capacity,4501.0,,
2023-06-01,thailand,signal,search_index,6819.451612903226,,
2023-07-01,thailand,base_forecast,legacy_ensemble,999444.454141726,,
2023-08-01,thailand,base_forecast,legacy_ensemble,1023370.371254777,,
2023-08-01,thailand,recovery_forecast,legacy_final,484748.1754895574,,
2023-09-01,thailand,base_forecast,legacy_ensemble,846921.7715963694,,
2023-09-01,thailand,recovery_forecast,legacy_final,412468.8773506435,,
2023-10-01,thailand,base_forecast,legacy_ensemble,831801.4042534855,,
2023-10-01,thailand,recovery_forecast,legacy_final,410859.4998893477,,
2023-11-01,thailand,base_forecast,legacy_ensemble,837629.8838310109,,
2023-11-01,thailand,recovery_forecast,legacy_final,451108.8091958193,,
2023-12-01,thailand,base_forecast,legacy_ensemble,886239.5978297305,,
2023-12-01,thailand,recovery_forecast,legacy_final,485288.6455183726,,
2024-01-01,thailand,base_forecast,legacy_ensemble,1057630.035737212,,
2024-01-01,thailand,recovery_forecast,legacy_final,624935.8703928678,,
2024-02-01,thailand,base_forecast,legacy_ensemble,1109572.981127409,,
2024-02-01,thailand,recovery_forecast,legacy_final,725865.9671323643,,
2024-03-01,thailand,base_forecast,legacy_ensemble,1004518.77353729,,
2024-03-01,thailand,recovery_forecast,legacy_final,660911.372086669,,
2024-04-01,thailand,base_forecast,legacy_ensemble,971864.258063636,,
2024-04-01,thailand,recovery_forecast,legacy_final,696102.8469833932,,
2024-05-01,thailand,base_forecast,legacy_ensemble,893802.9921265164,,
2024-05-01,thailand,recovery_forecast,legacy_final,648370.3916825004,,
2024-06-01,thailand,base_forecast,legacy_ensemble,885520.5807807285,,
2024-06-01,thailand,recovery_forecast,legacy_final,619185.950481788,,
2024-07-01,thailand,base_forecast,legacy_ensemble,1016447.049156854,,
2024-07-01,thailand,recovery_forecast,legacy_final,814268.7518207668,,
2024-07-01,thailand,terminal_forecast,intervention_adjusted,863979.9917833259,,
2024-08-01,thailand,base_forecast,legacy_ensemble,1043456.573745054,,
2024-09-01,thailand,base_forecast,legacy_ensemble,862785.9659308891,,
2024-10-01,thailand,base_forecast,legacy_ensemble,854742.7360484428,,
2024-11-01,thailand,base_forecast,legacy_ensemble,863113.5799971492,,
2024-12-01,thailand,base_forecast,legacy_ensemble,915613.9893784759,,
1996-01-01,turkey,observed,target,620.0,,
1996-02-01,turkey,observed,target,1024.0,,
1996-03-01,turkey,observed,target,1000.0,,
1996-04-01,turkey,observed,target,980.0,,
1996-05-01,turkey,observed,target,944.0,,
1996-06-01,turkey,observed,target,1154.0,,
1996-07-01,turkey,observed,target,1221.0,,
1996-08-01,turkey,observed,target,1080.0,,
1996-09-01,turkey,observed,target,1080.0,,
1996-10-01,turkey,observed,target,1353.0,,
1996-11-01,turkey,observed,target,1026.0,,
1996-12-01,turkey,observed,target,736.0,,
1997-01-01,turkey,observed,target,707.0,,
1997-02-01,turkey,observed,target,640.0,,
1997-03-01,turkey,observed,target,1061.0,,
1997-04-01,turkey,observed,target,1296.0,,
1997-05-01,turkey,observed,target,1404.0,,
1997-06-01,turkey,observed,target,969.0,,
1997-07-01,turkey,observed,target,861.0,,
1997-08-01,turkey,observed,target,1136.0,,
1997-09-01,turkey,observed,target,1383.0,,
1997-10-01,turkey,observed,target,1282.0,,
1997-11-01,turkey,observed,target,1134.0,,
1997-12-01,turkey,observed,target,873.0,,
1998-01-01,turkey,observed,target,675.0,,
1998-02-01,turkey,observed,target,552.0,,
1998-03-01,turkey,observed,target,850.0,,
1998-04-01,turkey,observed,target,1168.0,,
1998-05-01,turkey,observed,target,1110.0,,
1998-06-01,turkey,observed,target,957.0,,
1998-07-01,turkey,observed,target,1349.0,,
1998-08-01,turkey,observed,target,1257.0,,
1998-09-01,turkey,observed,target,1155.0,,
1998-10-01,turkey,observed,target,1014.0,,
1998-11-01,turkey,observed,target,918.0,,
1998-12-01,turkey,observed,target,582.0,,
1999-01-01,turkey,observed,target,681.0,,
1999-02-01,turkey,observed,target,709.0,,
1999-03-01,turkey,observed,target,574.0,,
1999-04-01,turkey,observed,target,741.0,,
1999-05-01,turkey,observed,target,899.0,,
1999-06-01,turkey,observed,target,754.0,,
1999-07-01,turkey,observed,target,955.0,,
1999-08-01,turkey,observed,target,1138.0,,
1999-09-01,turkey,observed,target,1247.0,,
1999-10-01,turkey,observed,target,1282.0,,
1999-11-01,turkey,observed,target,1090.0,,
1999-12-01,turkey,observed,target,962.0,,
2000-01-01,turkey,observed,target,996.0,,
2000-02-01,turkey,observed,target,1222.0,,
2000-03-01,turkey,observed,target,1555.0,,
2000-04-01,turkey,observed,target,2011.0000000000002,,
2000-05-01,turkey,observed,target,2108.0,,
2000-06-01,turkey,observed,target,2021.0,,
2000-07-01,turkey,observed,target,2350.0,,
2000-08-01,turkey,observed,target,1679.0,,
2000-09-01,turkey,observed,target,1958.0,,
2000-10-01,turkey,observed,target,2145.0,,
2000-11-01,turkey,observed,target,2019.0000000000002,,
2000-12-01,turkey,observed,target,1454.0,,
2001-01-01,turkey,observed,target,2077.0,,
2001-02-01,turkey,observed,target,1177.0,,
2001-03-01,turkey,observed,target,1760.0,,
2001-04-01,turkey,observed,target,1932.0,,
2001-05-01,turkey,observed,target,2396.0,,
2001-06-01,turkey,observed,target,2547.0,,
2001-07-01,turkey,observed,target,2990.0,,
2001-08-01,turkey,observed,target,2398.0,,
2001-09-01,turkey,observed,target,2381.0,,
2001-10-01,turkey,observed,target,1280.0,,
2001-11-01,turkey,observed,target,1014.9999999999999,,
2001-12-01,turkey,observed,target,1656.0,,
2002-01-01,turkey,observed,target,1018.9999999999999,,
2002-02-01,turkey,observed,target,1990.0,,
2002-03-01,turkey,observed,target,1976.0,,
2002-04-01,turkey,observed,target,2563.0,,
2002-05-01,turkey,observed,target,2775.0,,
2002-06-01,turkey,observed,target,2338.0,,
2002-07-01,turkey,observed,target,2069.0,,
2002-08-01,turkey,observed,target,2871.0,,
2002-09-01,turkey,observed,target,3350.0,,
2002-10-01,turkey,observed,target,3265.0,,
2002-11-01,turkey,observed,target,2408.0,,
2002-12-01,turkey,observed,target,3139.0,,
2003-01-01,turkey,observed,target,1172.0,,
2003-02-01,turkey,observed,target,2604.0,,
2003-03-01,turkey,observed,target,1206.0,,
2003-04-01,turkey,observed,target,686.0,,
2003-05-01,turkey,observed,target,561.0,,
2003-06-01,turkey,observed,target,865.0,,
2003-07-01,turkey,observed,target,1610.0,,
2003-08-01,turkey,observed,target,2791.0,,
2003-09-01,turkey,observed,target,4364.0,,
2003-10-01,turkey,observed,target,4538.0,,
2003-11-01,turkey,observed,target,3403.0,,
2003-12-01,turkey,observed,target,2567.0,,
2004-01-01,turkey,observed,target,4006.0,,
2004-02-01,turkey,observed,target,2041.9999999999998,,
2004-03-01,turkey,observed,target,2443.0,,
2004-04-01,turkey,observed,target,3130.0,,
2004-05-01,turkey,observed,target,3682.0,,
2004-06-01,turkey,observed,target,2459.0,,
2004-07-01,turkey,observed,target,2389.0,,
2004-08-01,turkey,observed,target,3498.0,,
2004-09-01,turkey,observed,target,2555.0,,
2004-10-01,turkey,observed,target,3014.0,,
2004-11-01,turkey,observed,target,2679.0,,
2004-12-01,turkey,observed,target,3013.0,,
2005-01-01,turkey,observed,target,1813.0,,
2005-02-01,turkey,observed,target,3435.0,,
2005-03-01,turkey,observed,target,2175.0,,
2005-04-01,turkey,observed,target,2725.0,,
2005-05-01,turkey,observed,target,3720.0,,
2005-06-01,turkey,observed,target,3431.0,,
2005-07-01,turkey,observed,target,3836.0,,
2005-08-01,turkey,observed,target,3727.0,,
2005-09-01,turkey,observed,target,4081.0000000000005,,
2005-10-01,turkey,observed,target,3825.0,,
2005-11-01,turkey,observed,target,4867.0,,
2005-12-01,turkey,observed,target,4193.0,,
2006-01-01,turkey,observed,target,3342.0,,
2006-02-01,turkey,observed,target,3004.0,,
2006-03-01,turkey,observed,target,3408.0,,
2006-04-01,turkey,observed,target,3419.0,,
2006-05-01,turkey,observed,target,5193.0,,
2006-06-01,turkey,observed,target,4943.0,,
2006-07-01,turkey,observed,target,4481.0,,
2006-08-01,turkey,observed,target,4264.0,,
2006-09-01,turkey,observed,target,5386.0,,
2006-10-01,turkey,observed,target,4765.0,,
2006-11-01,turkey,observed,target,5814.0,,
2006-12-01,turkey,observed,target,5175.0,,
2007-01-01,turkey,observed,target,3371.0,,
2007-02-01,turkey,observed,target,4769.0,,
2007-03-01,turkey,observed,target,3960.0,,
2007-04-01,turkey,observed,target,6264.0,,
2007-05-01,turkey,observed,target,6046.0,,
2007-06-01,turkey,observed,target,4825.0,,
2007-07-01,turkey,observed,target,5269.0,,
2007-08-01,turkey,observed,target,6041.0,,
2007-09-01,turkey,observed,target,6453.0,,
2007-10-01,turkey,observed,target,6180.0,,
2007-11-01,turkey,observed,target,6060.0,,
2007-12-01,turkey,observed,target,4646.0,,
2008-01-01,turkey,observed,target,3351.0,,
2008-02-01,turkey,observed,target,5704.0,,
2008-03-01,turkey,observed,target,4743.0,,
2008-04-01,turkey,observed,target,5278.0,,
2008-05-01,turkey,observed,target,6223.0,,
2008-06-01,turkey,observed,target,5172.0,,
2008-07-01,turkey,observed,target,5670.0,,
2008-08-01,turkey,observed,target,4210.0,,
2008-09-01,turkey,observed,target,4704.0,,
2008-10-01,turkey,observed,target,5677.0,,
2008-11-01,turkey,observed,target,6070.0,,
2008-12-01,turkey,observed,target,5080.0,,
2009-01-01,turkey,observed,target,5436.0,,
2009-02-01,turkey,observed,target,4169.0,,
2009-03-01,turkey,observed,target,5601.0,,
2009-04-01,turkey,observed,target,5974.0,,
2009-05-01,turkey,observed,target,6614.0,,
2009-06-01,turkey,observed,target,5547.0,,
2009-07-01,turkey,observed,target,5969.0,,
2009-08-01,turkey,observed,target,5330.0,,
2009-09-01,turkey,observed,target,5840.0,,
2009-10-01,turkey,observed,target,6588.0,,
2009-11-01,turkey,observed,target,6335.0,,
2009-12-01,turkey,observed,target,5933.0,,
2010-01-01,turkey,observed,target,3627.0,,
2010-02-01,turkey,observed,target,6377.0,,
2010-03-01,turkey,observed,target,5702.0,,
2010-04-01,turkey,observed,target,5887.0,,
2010-05-01,turkey,observed,target,7653.0,,
2010-06-01,turkey,observed,target,6542.0,,
2010-07-01,turkey,observed,target,6124.0,,
2010-08-01,turkey,observed,target,6950.0,,
2010-09-01,turkey,observed,target,7543.0,,
2010-10-01,turkey,observed,target,7458.0,,
2010-11-01,turkey,observed,target,7102.0,,
2010-12-01,turkey,observed,target,6177.0,,
2011-01-01,turkey,observed,target,5774.0,,
2011-02-01,turkey,observed,target,6203.0,,
2011-02-01,turkey,signal,search_index,616.58,,
2011-03-01,turkey,observed,target,8020.0,,
2011-03-01,turkey,signal,search_index,713.2200000000001,,
2011-04-01,turkey,observed,target,7141.0,,
2011-04-01,turkey,signal,search_index,824.97,,
2011-05-01,turkey,observed,target,8201.0,,
2011-05-01,turkey,signal,search_index,819.9000000000001,,
2011-06-01,turkey,observed,target,8196.0,,
2011-06-01,turkey,signal,search_index,904.7700000000001,,
2011-07-01,turkey,observed,target,9480.0,,
2011-07-01,turkey,signal,search_index,925.2,,
2011-08-01,turkey,observed,target,8143.000000000001,,
2011-08-01,turkey,signal,search_index,1017.26,,
2011-09-01,turkey,observed,target,11492.0,,
2011-09-01,turkey,signal,search_index,1068.1,,
2011-10-01,turkey,observed,target,9877.0,,
2011-10-01,turkey,signal,search_index,1037.9,,
2011-11-01,turkey,observed,target,7628.0,,
2011-11-01,turkey,signal,search_index,998.2,,
2011-12-01,turkey,observed,target,6546.0,,
2011-12-01,turkey,signal,search_index,921.9399999999999,,
2012-01-01,turkey,observed,target,7368.0,,
2012-01-01,turkey,signal,search_index,958.3800000000001,,
2012-02-01,turkey,observed,target,5349.0,,
2012-02-01,turkey,signal,search_index,919.42,,
2012-03-01,turkey,observed,target,7843.0,,
2012-03-01,turkey,signal,search_index,1163.97,,
2012-04-01,turkey,observed,target,9155.0,,
2012-04-01,turkey,signal,search_index,1143.71,,
2012-05-01,turkey,observed,target,10491.0,,
2012-05-01,turkey,signal,search_index,1195.96,,
2012-06-01,turkey,observed,target,10482.0,,
2012-06-01,turkey,signal,search_index,1374.94,,
2012-07-01,turkey,observed,target,11285.0,,
2012-07-01,turkey,signal,search_index,1456.59,,
2012-08-01,turkey,observed,target,10879.0,,
2012-08-01,turkey,signal,search_index,1504.65,,
2012-09-01,turkey,observed,target,13820.0,,
2012-09-01,turkey,signal,search_index,1520.88,,
2012-10-01,turkey,observed,target,10502.0,,
2012-10-01,turkey,signal,search_index,1411.9,,
2012-11-01,turkey,observed,target,9201.0,,
2012-11-01,turkey,signal,search_index,1340.55,,
2012-12-01,turkey,observed,target,8207.0,,
2012-12-01,turkey,signal,search_index,1336.73,,
2013-01-01,turkey,observed,target,5978.0,,
2013-01-01,turkey,signal,search_index,1422.52,,
2013-02-01,turkey,observed,target,9831.0,,
2013-02-01,turkey,signal,search_index,1374.16,,
2013-03-01,turkey,observed,target,9576.0,,
2013-03-01,turkey,signal,search_index,1341.39,,
2013-04-01,turkey,observed,target,11852.0,,
2013-04-01,turkey,signal,search_index,1431.06,,
2013-05-01,turkey,observed,target,12955.0,,
2013-05-01,turkey,signal,search_index,1465.4,,
2013-06-01,turkey,observed,target,13550.0,,
2013-06-01,turkey,signal,search_index,1617.97,,
2013-07-01,turkey,observed,target,13039.0,,
2013-07-01,turkey,signal,search_index,1688.73,,
2013-08-01,turkey,observed,target,12574.0,,
2013-08-01,turkey,signal,search_index,1550.03,,
2013-09-01,turkey,observed,target,15073.0,,
2013-09-01,turkey,signal,search_index,1587.52,,
2013-10-01,turkey,observed,target,11746.0,,
2013-10-01,turkey,signal,search_index,1483.65,,
2013-11-01,turkey,observed,target,11253.0,,
2013-11-01,turkey,signal,search_index,1408.35,,
2013-12-01,turkey,observed,target,11449.0,,
2013-12-01,turkey,signal,search_index,1375.9,,
2014-01-01,turkey,observed,target,9524.0,,
2014-01-01,turkey,signal,search_index,1473.03,,
2014-02-01,turkey,observed,target,10985.0,,
2014-02-01,turkey,signal,search_index,1478.84,,
2014-03-01,turkey,observed,target,13151.0,,
2014-03-01,turkey,signal,search_index,1810.07,,
2014-04-01,turkey,observed,target,17629.0,,
2014-04-01,turkey,signal,search_index,1773.03,,
2014-05-01,turkey,observed,target,20331.0,,
2014-05-01,turkey,signal,search_index,1825.46,,
2014-06-01,turkey,observed,target,18149.0,,
2014-06-01,turkey,signal,search_index,2022.49,,
2014-07-01,turkey,observed,target,17872.0,,
2014-07-01,turkey,signal,search_index,2239.21,,
2014-08-01,turkey,observed,target,18313.0,,
2014-08-01,turkey,signal,search_index,2375.71,,
2014-09-01,turkey,observed,target,23677.0,,
2014-09-01,turkey,signal,search_index,2341.9,,
2014-10-01,turkey,observed,target,19076.0,,
2014-10-01,turkey,signal,search_index,2225.63,,
2014-11-01,turkey,observed,target,16352.0,,
2014-11-01,turkey,signal,search_index,1981.81,,
2014-12-01,turkey,observed,target,14687.0,,
2014-12-01,turkey,signal,search_index,1819.3,,
2015-01-01,turkey,observed,target,10243.0,,
2015-01-01,turkey,signal,search_index,2028.48,,
2015-02-01,turkey,observed,target,19116.0,,
2015-02-01,turkey,signal,search_index,2280.24,,
2015-03-01,turkey,observed,target,18691.0,,
2015-03-01,turkey,signal,search_index,2541.64,,
2015-04-01,turkey,observed,target,25652.0,,
2015-04-01,turkey,signal,search_index,3956.38,,
2015-05-01,turkey,observed,target,32368.000000000004,,
2015-05-01,turkey,signal,search_index,4825.620000000001,,
2015-06-01,turkey,observed,target,38728.0,,
2015-06-01,turkey,signal,search_index,5046.42,,
2015-07-01,turkey,observed,target,40102.0,,
2015-07-01,turkey,signal,search_index,5100.87,,
2015-08-01,turkey,observed,target,35201.0,,
2015-08-01,turkey,signal,search_index,3893.0,,
2015-09-01,turkey,observed,target,34628.0,,
2015-09-01,turkey,signal,search_index,3714.28,,
2015-10-01,turkey,observed,target,28143.0,,
2015-10-01,turkey,signal,search_index,3292.83,,
2015-11-01,turkey,observed,target,17424.0,,
2015-11-01,turkey,signal,search_index,2637.09,,
2015-12-01,turkey,observed,target,13408.0,,
2015-12-01,turkey,signal,search_index,2856.3,,
2016-01-01,turkey,observed,target,11330.0,,
2016-01-01,turkey,signal,search_index,2159.58,,
2016-02-01,turkey,observed,target,13569.0,,
2016-02-01,turkey,signal,search_index,2017.55,,
2016-03-01,turkey,observed,target,14572.0,,
2016-03-01,turkey,signal,search_index,2184.03,,
2016-04-01,turkey,observed,target,12818.0,,
2016-04-01,turkey,signal,search_index,2217.42,,
2016-05-01,turkey,observed,target,16796.0,,
2016-05-01,turkey,signal,search_index,1853.13,,
2016-06-01,turkey,observed,target,16973.0,,
2016-06-01,turkey,signal,search_index,2142.83,,
2016-07-01,turkey,observed,target,12048.0,,
2016-07-01,turkey,signal,search_index,2695.73,,
2016-08-01,turkey,observed,target,10162.0,,
2016-08-01,turkey,signal,search_index,2547.09,,
2016-09-01,turkey,observed,target,12831.0,,
2016-09-01,turkey,signal,search_index,1896.49,,
2016-10-01,turkey,observed,target,16631.0,,
2016-10-01,turkey,signal,search_index,2062.87,,
2016-11-01,turkey,observed,target,15231.0,,
2016-11-01,turkey,signal,search_index,2245.94,,
2016-12-01,turkey,observed,target,14609.0,,
2016-12-01,turkey,signal,search_index,2141.48,,
2017-01-01,turkey,observed,target,14228.0,,
2017-01-01,turkey,signal,search_index,2063.97,,
2017-02-01,turkey,observed,target,13930.0,,
2017-02-01,turkey,signal,search_index,1990.51,,
2017-03-01,turkey,observed,target,16786.0,,
2017-03-01,turkey,signal,search_index,2277.1,,
2017-04-01,turkey,observed,target,17624.0,,
2017-04-01,turkey,signal,search_index,2280.58,,
2017-05-01,turkey,observed,target,18517.0,,
2017-05-01,turkey,signal,search_index,2239.92,,
2017-06-01,turkey,observed,target,17518.0,,
2017-06-01,turkey,signal,search_index,2501.91,,
2017-07-01,turkey,observed,target,20604.0,,
2017-07-01,turkey,signal,search_index,2731.99,,
2017-08-01,turkey,observed,target,19734.0,,
2017-08-01,turkey,signal,search_index,2757.55,,
2017-09-01,turkey,observed,target,26561.0,,
2017-09-01,turkey,signal,search_index,2922.29,,
2017-10-01,turkey,observed,target,27114.0,,
2017-10-01,turkey,signal,search_index,3981.73,,
2017-11-01,turkey,observed,target,28791.0,,
2017-11-01,turkey,signal,search_index,3705.38,,
2017-12-01,turkey,observed,target,25870.0,,
2017-12-01,turkey,signal,search_index,3192.5,,
2018-01-01,turkey,observed,target,26039.0,,
2018-01-01,turkey,signal,search_index,2927.29,,
2018-02-01,turkey,observed,target,30315.0,,
2018-02-01,turkey,signal,search_index,3042.18,,
2018-03-01,turkey,observed,target,32652.0,,
2018-03-01,turkey,signal,search_index,2967.4,,
2018-04-01,turkey,observed,target,34768.0,,
2018-04-01,turkey,signal,search_index,3078.36,,
2018-05-01,turkey,observed,target,35235.0,,
2018-05-01,turkey,signal,search_index,3009.51,,
2018-06-01,turkey,observed,target,32009.999999999996,,
2018-06-01,turkey,signal,search_index,3145.8,,
2018-07-01,turkey,observed,target,34010.0,,
2018-07-01,turkey,signal,search_index,3276.84,,
2018-08-01,turkey,observed,target,34433.0,,
2018-08-01,turkey,signal,search_index,3520.06,,
2018-09-01,turkey,observed,target,43490.0,,
2018-09-01,turkey,signal,search_index,3901.87,,
2018-10-01,turkey,observed,target,37429.0,,
2018-10-01,turkey,signal,search_index,3321.91,,
2018-11-01,turkey,observed,target,29571.0,,
2018-11-01,turkey,signal,search_index,2700.19,,
2018-12-01,turkey,observed,target,24157.0,,
2018-12-01,turkey,signal,search_index,2477.81,,
2019-01-01,turkey,observed,target,25033.0,,
2019-01-01,turkey,signal,flight_capacity,214.0,,
2019-01-01,turkey,signal,search_index,2630.03,,
2019-02-01,turkey,observed,target,31074.0,,
2019-02-01,turkey,signal,flight_capacity,192.0,,
2019-02-01,turkey,signal,search_index,2556.97,,
2019-03-01,turkey,observed,target,32115.000000000004,,
2019-03-01,turkey,signal,flight_capacity,210.0,,
2019-03-01,turkey,signal,search_index,2611.0,,
2019-04-01,turkey,observed,target,38139.0,,
2019-04-01,turkey,signal,flight_capacity,204.0,,
2019-04-01,turkey,signal,search_index,2649.58,,
2019-05-01,turkey,observed,target,41600.0,,
2019-05-01,turkey,signal,flight_capacity,243.0,,
2019-05-01,turkey,signal,search_index,2349.2,,
2019-06-01,turkey,observed,target,40480.0,,
2019-06-01,turkey,signal,flight_capacity,257.0,,
2019-06-01,turkey,signal,search_index,2428.35,,
2019-07-01,turkey,observed,target,43390.0,,
2019-07-01,turkey,signal,flight_capacity,266.0,,
2019-07-01,turkey,signal,search_index,2635.93,,
2019-08-01,turkey,observed,target,40491.0,,
2019-08-01,turkey,signal,flight_capacity,268.0,,
2019-08-01,turkey,signal,search_index,2902.28,,
2019-09-01,turkey,observed,target,45835.0,,
2019-09-01,turkey,signal,flight_capacity,254.0,,
2019-09-01,turkey,signal,search_index,3207.33,,
2019-10-01,turkey,observed,target,39375.0,,
2019-10-01,turkey,signal,flight_capacity,270.0,,
2019-10-01,turkey,signal,search_index,2813.94,,
2019-11-01,turkey,observed,target,26207.0,,
2019-11-01,turkey,signal,flight_capacity,258.0,,
2019-11-01,turkey,signal,search_index,2546.55,,
2019-12-01,turkey,observed,target,22605.0,,
2019-12-01,turkey,signal,flight_capacity,264.0,,
2019-12-01,turkey,signal,search_index,2387.93,,
2020-01-01,turkey,observed,target,23580.0,,
2020-01-01,turkey,signal,flight_capacity,279.0,,
2020-01-01,turkey,signal,search_index,2354.16,,
2020-02-01,turkey,observed,target,5644.0,,
2020-02-01,turkey,signal,flight_capacity,12.0,,
2020-02-01,turkey,signal,search_index,2230.49,,
2020-03-01,turkey,observed,target,871.0,,
2020-03-01,turkey,signal,flight_capacity,0.0,,
2020-03-01,turkey,signal,search_index,1747.03,,
2020-04-01,turkey,observed,target,48.0,,
2020-04-01,turkey,signal,flight_capacity,2.0,,
2020-04-01,turkey,signal,search_index,1449.55,,
2020-05-01,turkey,observed,target,252.0,,
2020-05-01,turkey,signal,flight_capacity,0.0,,
2020-05-01,turkey,signal,search_index,1025.17,,
2020-06-01,turkey,observed,target,110.0,,
2020-06-01,turkey,signal,flight_capacity,0.0,,
2020-06-01,turkey,signal,search_index,1161.26,,
2020-07-01,turkey,observed,target,886.0,,
2020-07-01,turkey,signal,flight_capacity,3.0,,
2020-07-01,turkey,signal,search_index,1092.23,,
2020-08-01,turkey,observed,target,1658.0,,
2020-08-01,turkey,signal,flight_capacity,8.0,,
2020-08-01,turkey,signal,search_index,1079.67,,
2020-09-01,turkey,observed,target,1827.0,,
2020-09-01,turkey,signal,flight_capacity,9.0,,
2020-09-01,turkey,signal,search_index,985.39,,
2020-10-01,turkey,observed,target,1826.0,,
2020-10-01,turkey,signal,flight_capacity,8.0,,
2020-10-01,turkey,signal,search_index,826.3899999999999,,
2020-11-01,turkey,observed,target,1188.0,,
2020-11-01,turkey,signal,flight_capacity,0.0,,
2020-11-01,turkey,signal,search_index,806.03,,
2020-12-01,turkey,observed,target,2374.0,,
2020-12-01,turkey,signal,flight_capacity,10.0,,
2020-12-01,turkey,signal,search_index,754.36,,
2021-01-01,turkey,observed,target,1795.0,,
2021-01-01,turkey,signal,flight_capacity,4.0,,
2021-01-01,turkey,signal,search_index,736.3299999999999,,
2021-02-01,turkey,observed,target,1915.0,,
2021-02-01,turkey,signal,flight_capacity,6.0,,
2021-02-01,turkey,signal,search_index,680.94,,
2021-03-01,turkey,observed,target,3055.0,,
2021-03-01,turkey,signal,flight_capacity,19.0,,
2021-03-01,turkey,signal,search_index,670.75,,
2021-04-01,turkey,observed,target,1809.0,,
2021-04-01,turkey,signal,flight_capacity,22.0,,
2021-04-01,turkey,signal,search_index,683.02,,
2021-05-01,turkey,observed,target,2320.0,,
2021-05-01,turkey,signal,flight_capacity,22.0,,
2021-05-01,turkey,signal,search_index,594.84,,
2021-06-01,turkey,observed,target,2306.0,,
2021-06-01,turkey,signal,flight_capacity,20.0,,
2021-06-01,turkey,signal,search_index,608.67,,
2021-07-01,turkey,observed,target,2888.0,,
2021-07-01,turkey,signal,flight_capacity,10.0,,
2021-07-01,turkey,signal,search_index,708.0699999999999,,
2021-08-01,turkey,observed,target,3105.0,,
2021-08-01,turkey,signal,flight_capacity,14.0,,
2021-08-01,turkey,signal,search_index,709.1699999999998,,
2021-09-01,turkey,observed,target,3473.0,,
2021-09-01,turkey,signal,flight_capacity,23.0,,
2021-09-01,turkey,signal,search_index,738.78,,
2021-10-01,turkey,observed,target,3463.0,,
2021-10-01,turkey,signal,flight_capacity,14.0,,
2021-10-01,turkey,signal,search_index,677.53,,
2021-11-01,turkey,observed,target,3482.0,,
2021-11-01,turkey,signal,flight_capacity,8.0,,
2021-11-01,turkey,signal,search_index,601.49,,
2021-12-01,turkey,observed,target,4030.0000000000005,,
2021-12-01,turkey,signal,flight_capacity,9.0,,
2021-12-01,turkey,signal,search_index,633.77,,
2022-01-01,turkey,observed,target,2576.0,,
2022-01-01,turkey,signal,flight_capacity,51.0,,
2022-01-01,turkey,signal,search_index,643.8000000000001,,
2022-02-01,turkey,observed,target,3482.0,,
2022-02-01,turkey,signal,flight_capacity,64.0,,
2022-02-01,turkey,signal,search_index,611.01,,
2022-03-01,turkey,observed,target,3795.0,,
2022-03-01,turkey,signal,flight_capacity,38.0,,
2022-03-01,turkey,signal,search_index,655.47,,
2022-04-01,turkey,observed,target,7167.0,,
2022-04-01,turkey,signal,flight_capacity,4.0,,
2022-04-01,turkey,signal,search_index,754.42,,
2022-05-01,turkey,observed,target,7087.0,,
2022-05-01,turkey,signal,flight_capacity,10.0,,
2022-05-01,turkey,signal,search_index,874.13,,
2022-06-01,turkey,observed,target,9564.0,,
2022-06-01,turkey,signal,flight_capacity,9.0,,
2022-06-01,turkey,signal,search_index,1026.42,,
2022-07-01,turkey,observed,target,9364.0,,
2022-07-01,turkey,signal,flight_capacity,12.0,,
2022-07-01,turkey,signal,search_index,1303.27,,
2022-08-01,turkey,observed,target,9164.0,,
2022-08-01,turkey,signal,flight_capacity,15.0,,
2022-08-01,turkey,signal,search_index,1096.45,,
2022-09-01,turkey,observed,target,8803.0,,
2022-09-01,turkey,signal,flight_capacity,17.0,,
2022-09-01,turkey,signal,search_index,965.35,,
2022-10-01,turkey,observed,target,8558.0,,
2022-10-01,turkey,signal,flight_capacity,16.0,,
2022-10-01,turkey,signal,search_index,880.63,,
2022-11-01,turkey,observed,target,7717.0,,
2022-11-01,turkey,signal,flight_capacity,15.0,,
2022-11-01,turkey,signal,search_index,789.4200000000001,,
2022-12-01,turkey,observed,target,10954.0,,
2022-12-01,turkey,signal,flight_capacity,23.0,,
2022-12-01,turkey,signal,search_index,758.1899999999999,,
2023-01-01,turkey,base_forecast,legacy_ensemble,22563.17324472244,,
2023-01-01,turkey,observed,target,8899.0,,
2023-01-01,turkey,reference_forecast,legacy_average,9192.571428571428,,
2023-01-01,turkey,signal,flight_capacity,42.0,,
2023-01-01,turkey,signal,search_index,842.0600000000001,,
2023-02-01,turkey,base_forecast,legacy_ensemble,26851.56607468058,,
2023-02-01,turkey,reference_forecast,legacy_average,9628.254008251415,,
2023-02-01,turkey,signal,flight_capacity,55.0,,
2023-02-01,turkey,signal,search_index,1011.07,,
2023-03-01,turkey,base_forecast,legacy_ensemble,27942.03909958679,,
2023-03-01,turkey,reference_forecast,legacy_average,12452.00501738103,,
2023-03-01,turkey,signal,flight_capacity,68.0,,
2023-03-01,turkey,signal,search_index,1279.68,,
2023-04-01,turkey,base_forecast,legacy_ensemble,31260.62231376761,,
2023-04-01,turkey,reference_forecast,legacy_average,17643.46053774823,,
2023-04-01,turkey,signal,flight_capacity,104.0,,
2023-04-01,turkey,signal,search_index,1184.74,,
2023-05-01,turkey,base_forecast,legacy_ensemble,33877.66768380016,,
2023-05-01,turkey,reference_forecast,legacy_average,22752.75962185277,,
2023-05-01,turkey,signal,flight_capacity,128.0,,
2023-05-01,turkey,signal,search_index,1365.96,,
2023-06-01,turkey,base_forecast,legacy_ensemble,32736.1981576183,,
2023-06-01,turkey,reference_forecast,legacy_average,22920.83640357929,,
2023-06-01,turkey,signal,flight_capacity,128.0,,
2023-06-01,turkey,signal,search_index,1416.41935483871,,
2023-07-01,turkey,base_forecast,legacy_ensemble,33764.97874351662,,
2023-08-01,turkey,base_forecast,legacy_ensemble,32789.22417851769,,
2023-08-01,turkey,recovery_forecast,legacy_final,17274.16562997439,,
2023-09-01,turkey,base_forecast,legacy_ensemble,36639.26940090071,,
2023-09-01,turkey,recovery_forecast,legacy_final,20160.04315434001,,
2023-10-01,turkey,base_forecast,legacy_ensemble,34208.80250647935,,
2023-10-01,turkey,recovery_forecast,legacy_final,19662.57845682382,,
2023-11-01,turkey,base_forecast,legacy_ensemble,29128.25086528331,,
2023-11-01,turkey,recovery_forecast,legacy_final,17965.28640211356,,
2023-12-01,turkey,base_forecast,legacy_ensemble,26018.16886056274,,
2023-12-01,turkey,recovery_forecast,legacy_final,16187.04063360667,,
2024-01-01,turkey,base_forecast,legacy_ensemble,24599.68130439462,,
2024-01-01,turkey,recovery_forecast,legacy_final,14998.14724461908,,
2024-02-01,turkey,base_forecast,legacy_ensemble,28758.71989874201,,
2024-02-01,turkey,recovery_forecast,legacy_final,18828.1309882779,,
2024-03-01,turkey,base_forecast,legacy_ensemble,29556.63803872008,,
2024-03-01,turkey,recovery_forecast,legacy_final,20882.41074604187,,
2024-04-01,turkey,base_forecast,legacy_ensemble,32782.06822175143,,
2024-04-01,turkey,recovery_forecast,legacy_final,22799.85728937527,,
2024-05-01,turkey,base_forecast,legacy_ensemble,35224.67037531183,,
2024-05-01,turkey,recovery_forecast,legacy_final,24063.11358960408,,
2024-06-01,turkey,base_forecast,legacy_ensemble,34011.87510801794,,
2024-06-01,turkey,recovery_forecast,legacy_final,23345.98128377576,,
2024-07-01,turkey,base_forecast,legacy_ensemble,34973.63422805465,,
2024-07-01,turkey,recovery_forecast,legacy_final,22532.66706852393,,
2024-07-01,turkey,terminal_forecast,intervention_adjusted,26230.22567104099,,
2024-08-01,turkey,base_forecast,legacy_ensemble,34028.34341012077,,
2024-09-01,turkey,base_forecast,legacy_ensemble,37793.79741036896,,
2024-10-01,turkey,base_forecast,legacy_ensemble,35379.36638675554,,
2024-11-01,turkey,base_forecast,legacy_ensemble,30479.92596059538,,
2024-12-01,turkey,base_forecast,legacy_ensemble,27467.26473657738,,
2000-01-01,usa,observed,target,17357.0,,
2000-02-01,usa,observed,target,14574.0,,
2000-03-01,usa,observed,target,15127.0,,
2000-04-01,usa,observed,target,18332.0,,
2000-05-01,usa,observed,target,22690.0,,
2000-06-01,usa,observed,target,21623.0,,
2000-07-01,usa,observed,target,24742.0,,
2000-08-01,usa,observed,target,27209.0,,
2000-09-01,usa,observed,target,24458.0,,
2000-10-01,usa,observed,target,21716.0,,
2000-11-01,usa,observed,target,23121.0,,
2000-12-01,usa,observed,target,18492.0,,
2001-01-01,usa,observed,target,21941.0,,
2001-02-01,usa,observed,target,14256.0,,
2001-03-01,usa,observed,target,18786.0,,
2001-04-01,usa,observed,target,19586.0,,
2001-05-01,usa,observed,target,23191.0,,
2001-06-01,usa,observed,target,23444.0,,
2001-07-01,usa,observed,target,26761.0,,
2001-08-01,usa,observed,target,29705.0,,
2001-09-01,usa,observed,target,18240.0,,
2001-10-01,usa,observed,target,10965.0,,
2001-11-01,usa,observed,target,12813.0,,
2001-12-01,usa,observed,target,12728.0,,
2002-01-01,usa,observed,target,19757.0,,
2002-02-01,usa,observed,target,15189.0,,
2002-03-01,usa,observed,target,15667.0,,
2002-04-01,usa,observed,target,17847.0,,
2002-05-01,usa,observed,target,21047.0,,
2002-06-01,usa,observed,target,21078.0,,
2002-07-01,usa,observed,target,22608.0,,
2002-08-01,usa,observed,target,25750.0,,
2002-09-01,usa,observed,target,19881.0,,
2002-10-01,usa,observed,target,17687.0,,
2002-11-01,usa,observed,target,15624.0,,
2002-12-01,usa,observed,target,13430.0,,
2003-01-01,usa,observed,target,18005.0,,
2003-02-01,usa,observed,target,13129.0,,
2003-03-01,usa,observed,target,10760.0,,
2003-04-01,usa,observed,target,7035.0,,
2003-05-01,usa,observed,target,6441.0,,
2003-06-01,usa,observed,target,8610.0,,
2003-07-01,usa,observed,target,13404.0,,
2003-08-01,usa,observed,target,19216.0,,
2003-09-01,usa,observed,target,17011.0,,
2003-10-01,usa,observed,target,14537.0,,
2003-11-01,usa,observed,target,15281.0,,
2003-12-01,usa,observed,target,13897.0,,
2004-01-01,usa,observed,target,18089.0,,
2004-02-01,usa,observed,target,14123.0,,
2004-03-01,usa,observed,target,16211.0,,
2004-04-01,usa,observed,target,14953.0,,
2004-05-01,usa,observed,target,16623.0,,
2004-06-01,usa,observed,target,16847.0,,
2004-07-01,usa,observed,target,17876.0,,
2004-08-01,usa,observed,target,20460.0,,
2004-09-01,usa,observed,target,17321.0,,
2004-10-01,usa,observed,target,17251.0,,
2004-11-01,usa,observed,target,16643.0,,
2004-12-01,usa,observed,target,16147.0,,
2005-01-01,usa,observed,target,21184.0,,
2005-02-01,usa,observed,target,17709.0,,
2005-03-01,usa,observed,target,17679.0,,
2005-04-01,usa,observed,target,18653.0,,
2005-05-01,usa,observed,target,23201.0,,
2005-06-01,usa,observed,target,23262.0,,
2005-07-01,usa,observed,target,26597.0,,
2005-08-01,usa,observed,target,29024.0,,
2005-09-01,usa,observed,target,25234.0,,
2005-10-01,usa,observed,target,25450.0,,
2005-11-01,usa,observed,target,21265.0,,
2005-12-01,usa,observed,target,21014.0,,
2006-01-01,usa,observed,target,27032.0,,
2006-02-01,usa,observed,target,17549.0,,
2006-03-01,usa,observed,target,20507.0,,
2006-04-01,usa,observed,target,24281.0,,
2006-05-01,usa,observed,target,26202.0,,
2006-06-01,usa,observed,target,26193.0,,
2006-07-01,usa,observed,target,33874.0,,
2006-08-01,usa,observed,target,32440.0,,
2006-09-01,usa,observed,target,32406.0,,
2006-10-01,usa,observed,target,29735.0,,
2006-11-01,usa,observed,target,26979.0,,
2006-12-01,usa,observed,target,23252.0,,
2007-01-01,usa,observed,target,32021.0,,
2007-02-01,usa,observed,target,24728.0,,
2007-03-01,usa,observed,target,25958.0,,
2007-04-01,usa,observed,target,27571.0,,
2007-05-01,usa,observed,target,32712.0,,
2007-06-01,usa,observed,target,32585.0,,
2007-07-01,usa,observed,target,43288.0,,
2007-08-01,usa,observed,target,44194.0,,
2007-09-01,usa,observed,target,40170.0,,
2007-10-01,usa,observed,target,34510.0,,
2007-11-01,usa,observed,target,31025.0,,
2007-12-01,usa,observed,target,28643.0,,
2008-01-01,usa,observed,target,42741.0,,
2008-02-01,usa,observed,target,31717.0,,
2008-03-01,usa,observed,target,34930.0,,
2008-04-01,usa,observed,target,37388.0,,
2008-05-01,usa,observed,target,45299.0,,
2008-06-01,usa,observed,target,41029.0,,
2008-07-01,usa,observed,target,50594.0,,
2008-08-01,usa,observed,target,55426.0,,
2008-09-01,usa,observed,target,49184.0,,
2008-10-01,usa,observed,target,37264.0,,
2008-11-01,usa,observed,target,33916.0,,
2008-12-01,usa,observed,target,33470.0,,
2009-01-01,usa,observed,target,58378.0,,
2009-02-01,usa,observed,target,27692.0,,
2009-03-01,usa,observed,target,33123.0,,
2009-04-01,usa,observed,target,37288.0,,
2009-05-01,usa,observed,target,32991.0,,
2009-06-01,usa,observed,target,33737.0,,
2009-07-01,usa,observed,target,44867.0,,
2009-08-01,usa,observed,target,74798.0,,
2009-09-01,usa,observed,target,56886.0,,
2009-10-01,usa,observed,target,44277.0,,
2009-11-01,usa,observed,target,38269.0,,
2009-12-01,usa,observed,target,42511.0,,
2010-01-01,usa,observed,target,67351.0,,
2010-02-01,usa,observed,target,51496.0,,
2010-03-01,usa,observed,target,45323.0,,
2010-04-01,usa,observed,target,49694.0,,
2010-05-01,usa,observed,target,60860.0,,
2010-06-01,usa,observed,target,66178.0,,
2010-07-01,usa,observed,target,85850.0,,
2010-08-01,usa,observed,target,111891.0,,
2010-09-01,usa,observed,target,81222.0,,
2010-10-01,usa,observed,target,69389.0,,
2010-11-01,usa,observed,target,53676.0,,
2010-12-01,usa,observed,target,58808.0,,
2011-01-01,usa,observed,target,103137.0,,
2011-02-01,usa,observed,target,63619.0,,
2011-02-01,usa,signal,search_index,3220.13,,
2011-03-01,usa,observed,target,56951.0,,
2011-03-01,usa,signal,search_index,3086.57,,
2011-04-01,usa,observed,target,63664.0,,
2011-04-01,usa,signal,search_index,4295.1,,
2011-05-01,usa,observed,target,88889.0,,
2011-05-01,usa,signal,search_index,4093.07,,
2011-06-01,usa,observed,target,85309.0,,
2011-06-01,usa,signal,search_index,3980.39,,
2011-07-01,usa,observed,target,139478.0,,
2011-07-01,usa,signal,search_index,3828.3,,
2011-08-01,usa,observed,target,154686.0,,
2011-08-01,usa,signal,search_index,3901.51,,
2011-09-01,usa,observed,target,113528.0,,
2011-09-01,usa,signal,search_index,3871.26,,
2011-10-01,usa,observed,target,90206.0,,
2011-10-01,usa,signal,search_index,3699.23,,
2011-11-01,usa,observed,target,73684.0,,
2011-11-01,usa,signal,search_index,3939.38,,
2011-12-01,usa,observed,target,79136.0,,
2011-12-01,usa,signal,search_index,4192.3,,
2012-01-01,usa,observed,target,161730.0,,
2012-01-01,usa,signal,search_index,4107.3,,
2012-02-01,usa,observed,target,66041.0,,
2012-02-01,usa,signal,search_index,3832.06,,
2012-03-01,usa,observed,target,84185.0,,
2012-03-01,usa,signal,search_index,4894.52,,
2012-04-01,usa,observed,target,100429.0,,
2012-04-01,usa,signal,search_index,4953.38,,
2012-05-01,usa,observed,target,118026.0,,
2012-05-01,usa,signal,search_index,4984.76,,
2012-06-01,usa,observed,target,121226.0,,
2012-06-01,usa,signal,search_index,5259.48,,
2012-07-01,usa,observed,target,152607.0,,
2012-07-01,usa,signal,search_index,5049.88,,
2012-08-01,usa,observed,target,211652.0,,
2012-08-01,usa,signal,search_index,5205.91,,
2012-09-01,usa,observed,target,151130.0,,
2012-09-01,usa,signal,search_index,5106.58,,
2012-10-01,usa,observed,target,111714.0,,
2012-10-01,usa,signal,search_index,4691.47,,
2012-11-01,usa,observed,target,87084.0,,
2012-11-01,usa,signal,search_index,4782.97,,
2012-12-01,usa,observed,target,99679.0,,
2012-12-01,usa,signal,search_index,5114.09,,
2013-01-01,usa,observed,target,173113.0,,
2013-01-01,usa,signal,search_index,5121.9,,
2013-02-01,usa,observed,target,122672.0,,
2013-02-01,usa,signal,search_index,4862.33,,
2013-03-01,usa,observed,target,103531.0,,
2013-03-01,usa,signal,search_index,5549.08,,
2013-04-01,usa,observed,target,113835.0,,
2013-04-01,usa,signal,search_index,5947.200000000001,,
2013-05-01,usa,observed,target,150344.0,,
2013-05-01,usa,signal,search_index,6170.54,,
2013-06-01,usa,observed,target,155402.0,,
2013-06-01,usa,signal,search_index,6620.84,,
2013-07-01,usa,observed,target,234125.0,,
2013-07-01,usa,signal,search_index,6603.1,,
2013-08-01,usa,observed,target,267949.0,,
2013-08-01,usa,signal,search_index,7880.84,,
2013-09-01,usa,observed,target,184267.0,,
2013-09-01,usa,signal,search_index,6762.700000000001,,
2013-10-01,usa,observed,target,125841.0,,
2013-10-01,usa,signal,search_index,6094.059999999999,,
2013-11-01,usa,observed,target,110389.0,,
2013-11-01,usa,signal,search_index,5811.240000000001,,
2013-12-01,usa,observed,target,130565.0,,
2013-12-01,usa,signal,search_index,5833.17,,
2014-01-01,usa,observed,target,231311.0,,
2014-01-01,usa,signal,search_index,6004.09,,
2014-02-01,usa,observed,target,121639.0,,
2014-02-01,usa,signal,search_index,5936.309999999999,,
2014-03-01,usa,observed,target,128611.0,,
2014-03-01,usa,signal,search_index,6539.16,,
2014-04-01,usa,observed,target,139847.0,,
2014-04-01,usa,signal,search_index,6775.450000000001,,
2014-05-01,usa,observed,target,185562.0,,
2014-05-01,usa,signal,search_index,7004.53,,
2014-06-01,usa,observed,target,187602.0,,
2014-06-01,usa,signal,search_index,7829.550000000001,,
2014-07-01,usa,observed,target,282297.0,,
2014-07-01,usa,signal,search_index,8778.8,,
2014-08-01,usa,observed,target,314081.0,,
2014-08-01,usa,signal,search_index,9506.3,,
2014-09-01,usa,observed,target,214186.0,,
2014-09-01,usa,signal,search_index,9080.32,,
2014-10-01,usa,observed,target,145993.0,,
2014-10-01,usa,signal,search_index,7248.160000000001,,
2014-11-01,usa,observed,target,124575.0,,
2014-11-01,usa,signal,search_index,7242.61,,
2014-12-01,usa,observed,target,149083.0,,
2014-12-01,usa,signal,search_index,8537.66,,
2015-01-01,usa,observed,target,220972.0,,
2015-01-01,usa,signal,search_index,8564.85,,
2015-02-01,usa,observed,target,202542.0,,
2015-02-01,usa,signal,search_index,8591.07,,
2015-03-01,usa,observed,target,153262.0,,
2015-03-01,usa,signal,search_index,7881.750000000001,,
2015-04-01,usa,observed,target,161774.0,,
2015-04-01,usa,signal,search_index,9198.9,,
2015-05-01,usa,observed,target,225832.0,,
2015-05-01,usa,signal,search_index,8833.77,,
2015-06-01,usa,observed,target,215206.0,,
2015-06-01,usa,signal,search_index,9902.71,,
2015-07-01,usa,observed,target,319205.0,,
2015-07-01,usa,signal,search_index,11587.86,,
2015-08-01,usa,observed,target,360291.0,,
2015-08-01,usa,signal,search_index,12872.0,,
2015-09-01,usa,observed,target,271200.0,,
2015-09-01,usa,signal,search_index,12833.29,,
2015-10-01,usa,observed,target,180054.0,,
2015-10-01,usa,signal,search_index,12999.99,,
2015-11-01,usa,observed,target,146552.0,,
2015-11-01,usa,signal,search_index,11193.62,,
2015-12-01,usa,observed,target,171680.0,,
2015-12-01,usa,signal,search_index,10154.56,,
2016-01-01,usa,observed,target,295621.0,,
2016-01-01,usa,signal,search_index,9595.2,,
2016-02-01,usa,observed,target,210772.0,,
2016-02-01,usa,signal,search_index,9528.9,,
2016-03-01,usa,observed,target,178966.0,,
2016-03-01,usa,signal,search_index,9389.11,,
2016-04-01,usa,observed,target,185609.0,,
2016-04-01,usa,signal,search_index,10399.83,,
2016-05-01,usa,observed,target,244428.0,,
2016-05-01,usa,signal,search_index,10752.5,,
2016-06-01,usa,observed,target,252119.0,,
2016-06-01,usa,signal,search_index,11457.74,,
2016-07-01,usa,observed,target,358115.0,,
2016-07-01,usa,signal,search_index,11822.07,,
2016-08-01,usa,observed,target,395634.0,,
2016-08-01,usa,signal,search_index,11870.03,,
2016-09-01,usa,observed,target,309938.0,,
2016-09-01,usa,signal,search_index,11297.71,,
2016-10-01,usa,observed,target,242901.0,,
2016-10-01,usa,signal,search_index,9746.400000000001,,
2016-11-01,usa,observed,target,168496.0,,
2016-11-01,usa,signal,search_index,9821.57,,
2016-12-01,usa,observed,target,207343.0,,
2016-12-01,usa,signal,search_index,10359.99,,
2017-01-01,usa,observed,target,381258.0,,
2017-01-01,usa,signal,search_index,9402.59,,
2017-02-01,usa,observed,target,184985.0,,
2017-02-01,usa,signal,search_index,8849.62,,
2017-03-01,usa,observed,target,195901.0,,
2017-03-01,usa,signal,search_index,10093.96,,
2017-04-01,usa,observed,target,208877.0,,
2017-04-01,usa,signal,search_index,9688.26,,
2017-05-01,usa,observed,target,271100.0,,
2017-05-01,usa,signal,search_index,9917.44,,
2017-06-01,usa,observed,target,264065.0,,
2017-06-01,usa,signal,search_index,10559.87,,
2017-07-01,usa,observed,target,358270.0,,
2017-07-01,usa,signal,search_index,11449.19,,
2017-08-01,usa,observed,target,406161.0,,
2017-08-01,usa,signal,search_index,10886.13,,
2017-09-01,usa,observed,target,299295.0,,
2017-09-01,usa,signal,search_index,11031.1,,
2017-10-01,usa,observed,target,227422.0,,
2017-10-01,usa,signal,search_index,9674.66,,
2017-11-01,usa,observed,target,173174.0,,
2017-11-01,usa,signal,search_index,8551.449999999999,,
2017-12-01,usa,observed,target,203407.0,,
2017-12-01,usa,signal,search_index,8567.67,,
2018-01-01,usa,observed,target,313261.0,,
2018-01-01,usa,signal,search_index,9274.94,,
2018-02-01,usa,observed,target,245575.0,,
2018-02-01,usa,signal,search_index,8621.539999999999,,
2018-03-01,usa,observed,target,199627.0,,
2018-03-01,usa,signal,search_index,8524.61,,
2018-04-01,usa,observed,target,198328.0,,
2018-04-01,usa,signal,search_index,9052.33,,
2018-05-01,usa,observed,target,260403.0,,
2018-05-01,usa,signal,search_index,9103.98,,
2018-06-01,usa,observed,target,258787.0,,
2018-06-01,usa,signal,search_index,10167.91,,
2018-07-01,usa,observed,target,324725.0,,
2018-07-01,usa,signal,search_index,10131.53,,
2018-08-01,usa,observed,target,388259.0,,
2018-08-01,usa,signal,search_index,9814.31,,
2018-09-01,usa,observed,target,281169.0,,
2018-09-01,usa,signal,search_index,8668.65,,
2018-10-01,usa,observed,target,198306.0,,
2018-10-01,usa,signal,search_index,7655.51,,
2018-11-01,usa,observed,target,142810.0,,
2018-11-01,usa,signal,search_index,7604.0,,
2018-12-01,usa,observed,target,180563.0,,
2018-12-01,usa,signal,search_index,8218.26,,
2019-01-01,usa,observed,target,340387.0,,
2019-01-01,usa,signal,flight_capacity,2865.0,,
2019-01-01,usa,signal,search_index,7952.53,,
2019-02-01,usa,observed,target,207495.0,,
2019-02-01,usa,signal,flight_capacity,2447.0,,
2019-02-01,usa,signal,search_index,7590.26,,
2019-03-01,usa,observed,target,192431.0,,
2019-03-01,usa,signal,flight_capacity,2871.0,,
2019-03-01,usa,signal,search_index,7985.21,,
2019-04-01,usa,observed,target,184556.0,,
2019-04-01,usa,signal,flight_capacity,2985.0,,
2019-04-01,usa,signal,search_index,8434.52,,
2019-05-01,usa,observed,target,254943.0,,
2019-05-01,usa,signal,flight_capacity,3125.0,,
2019-05-01,usa,signal,search_index,8261.51,,
2019-06-01,usa,observed,target,249772.0,,
2019-06-01,usa,signal,flight_capacity,3094.0,,
2019-06-01,usa,signal,search_index,8622.89,,
2019-07-01,usa,observed,target,304336.0,,
2019-07-01,usa,signal,flight_capacity,3234.0,,
2019-07-01,usa,signal,search_index,8522.6,,
2019-08-01,usa,observed,target,372942.0,,
2019-08-01,usa,signal,flight_capacity,3217.0,,
2019-08-01,usa,signal,search_index,8419.17,,
2019-09-01,usa,observed,target,246200.0,,
2019-09-01,usa,signal,flight_capacity,2948.0,,
2019-09-01,usa,signal,search_index,7650.9,,
2019-10-01,usa,observed,target,167639.0,,
2019-10-01,usa,signal,flight_capacity,2944.0,,
2019-10-01,usa,signal,search_index,6644.969999999999,,
2019-11-01,usa,observed,target,132230.0,,
2019-11-01,usa,signal,flight_capacity,2559.0,,
2019-11-01,usa,signal,search_index,6294.82,,
2019-12-01,usa,observed,target,177039.0,,
2019-12-01,usa,signal,flight_capacity,2817.0,,
2019-12-01,usa,signal,search_index,6572.160000000001,,
2020-01-01,usa,observed,target,321009.0,,
2020-01-01,usa,signal,flight_capacity,2738.0,,
2020-01-01,usa,signal,search_index,6544.13,,
2020-02-01,usa,observed,target,32902.0,,
2020-02-01,usa,signal,flight_capacity,440.0,,
2020-02-01,usa,signal,search_index,6731.879999999999,,
2020-03-01,usa,observed,target,10824.0,,
2020-03-01,usa,signal,flight_capacity,253.0,,
2020-03-01,usa,signal,search_index,7608.99,,
2020-04-01,usa,observed,target,415.0,,
2020-04-01,usa,signal,flight_capacity,340.0,,
2020-04-01,usa,signal,search_index,8079.469999999999,,
2020-05-01,usa,observed,target,483.0,,
2020-05-01,usa,signal,flight_capacity,792.0,,
2020-05-01,usa,signal,search_index,6058.0,,
2020-06-01,usa,observed,target,783.0,,
2020-06-01,usa,signal,flight_capacity,608.0,,
2020-06-01,usa,signal,search_index,5321.03,,
2020-07-01,usa,observed,target,1024.0,,
2020-07-01,usa,signal,flight_capacity,515.0,,
2020-07-01,usa,signal,search_index,5081.74,,
2020-08-01,usa,observed,target,2401.0,,
2020-08-01,usa,signal,flight_capacity,333.0,,
2020-08-01,usa,signal,search_index,4588.33,,
2020-09-01,usa,observed,target,2007.0,,
2020-09-01,usa,signal,flight_capacity,303.0,,
2020-09-01,usa,signal,search_index,4237.280000000001,,
2020-10-01,usa,observed,target,2017.0,,
2020-10-01,usa,signal,flight_capacity,461.0,,
2020-10-01,usa,signal,search_index,4189.7,,
2020-11-01,usa,observed,target,1755.0,,
2020-11-01,usa,signal,flight_capacity,405.0,,
2020-11-01,usa,signal,search_index,3979.62,,
2020-12-01,usa,observed,target,2460.0,,
2020-12-01,usa,signal,flight_capacity,247.0,,
2020-12-01,usa,signal,search_index,4244.53,,
2021-01-01,usa,observed,target,3438.0,,
2021-01-01,usa,signal,flight_capacity,204.0,,
2021-01-01,usa,signal,search_index,4495.26,,
2021-02-01,usa,observed,target,1775.0,,
2021-02-01,usa,signal,flight_capacity,201.0,,
2021-02-01,usa,signal,search_index,4054.34,,
2021-03-01,usa,observed,target,2676.0,,
2021-03-01,usa,signal,flight_capacity,277.0,,
2021-03-01,usa,signal,search_index,3834.5,,
2021-04-01,usa,observed,target,3212.0,,
2021-04-01,usa,signal,flight_capacity,324.0,,
2021-04-01,usa,signal,search_index,4124.52,,
2021-05-01,usa,observed,target,4015.0,,
2021-05-01,usa,signal,flight_capacity,370.0,,
2021-05-01,usa,signal,search_index,4356.87,,
2021-06-01,usa,observed,target,4156.0,,
2021-06-01,usa,signal,flight_capacity,354.0,,
2021-06-01,usa,signal,search_index,4719.14,,
2021-07-01,usa,observed,target,9831.0,,
2021-07-01,usa,signal,flight_capacity,313.0,,
2021-07-01,usa,signal,search_index,4281.73,,
2021-08-01,usa,observed,target,92065.0,,
2021-08-01,usa,signal,flight_capacity,292.0,,
2021-08-01,usa,signal,search_index,4080.45,,
2021-09-01,usa,observed,target,34011.0,,
2021-09-01,usa,signal,flight_capacity,143.0,,
2021-09-01,usa,signal,search_index,4300.1,,
2021-10-01,usa,observed,target,5910.0,,
2021-10-01,usa,signal,flight_capacity,283.0,,
2021-10-01,usa,signal,search_index,3665.05,,
2021-11-01,usa,observed,target,10940.0,,
2021-11-01,usa,signal,flight_capacity,185.0,,
2021-11-01,usa,signal,search_index,3580.51,,
2021-12-01,usa,observed,target,19747.0,,
2021-12-01,usa,signal,flight_capacity,99.0,,
2021-12-01,usa,signal,search_index,4032.86,,
2022-01-01,usa,observed,target,20848.0,,
2022-01-01,usa,signal,flight_capacity,73.0,,
2022-01-01,usa,signal,search_index,3819.79,,
2022-02-01,usa,observed,target,8545.0,,
2022-02-01,usa,signal,flight_capacity,32.0,,
2022-02-01,usa,signal,search_index,3785.72,,
2022-03-01,usa,observed,target,16415.0,,
2022-03-01,usa,signal,flight_capacity,58.0,,
2022-03-01,usa,signal,search_index,4504.25,,
2022-04-01,usa,observed,target,14299.0,,
2022-04-01,usa,signal,flight_capacity,97.0,,
2022-04-01,usa,signal,search_index,4493.51,,
2022-05-01,usa,observed,target,21237.0,,
2022-05-01,usa,signal,flight_capacity,120.0,,
2022-05-01,usa,signal,search_index,4810.43,,
2022-06-01,usa,observed,target,25422.0,,
2022-06-01,usa,signal,flight_capacity,102.0,,
2022-06-01,usa,signal,search_index,5167.07,,
2022-07-01,usa,observed,target,33041.0,,
2022-07-01,usa,signal,flight_capacity,68.0,,
2022-07-01,usa,signal,search_index,4769.1,,
2022-08-01,usa,observed,target,75912.0,,
2022-08-01,usa,signal,flight_capacity,71.0,,
2022-08-01,usa,signal,search_index,4316.52,,
2022-09-01,usa,observed,target,40169.0,,
2022-09-01,usa,signal,flight_capacity,45.0,,
2022-09-01,usa,signal,search_index,4195.84,,
2022-10-01,usa,observed,target,32137.0,,
2022-10-01,usa,signal,flight_capacity,86.0,,
2022-10-01,usa,signal,search_index,3864.36,,
2022-11-01,usa,observed,target,31651.0,,
2022-11-01,usa,signal,flight_capacity,70.0,,
2022-11-01,usa,signal,search_index,4037.22,,
2022-12-01,usa,observed,target,48435.0,,
2022-12-01,usa,signal,flight_capacity,67.0,,
2022-12-01,usa,signal,search_index,4270.76,,
2023-01-01,usa,base_forecast,legacy_ensemble,285829.6659191697,,
2023-01-01,usa,observed,target,63386.0,,
2023-01-01,usa,reference_forecast,legacy_average,61250.14285714286,,
2023-01-01,usa,signal,flight_capacity,79.0,,
2023-01-01,usa,signal,search_index,4423.9,,
2023-02-01,usa,base_forecast,legacy_ensemble,178622.4787182471,,
2023-02-01,usa,observed,target,40829.0,,
2023-02-01,usa,reference_forecast,legacy_average,44051.42857142857,,
2023-02-01,usa,signal,flight_capacity,96.0,,
2023-02-01,usa,signal,search_index,4363.01,,
2023-03-01,usa,base_forecast,legacy_ensemble,159432.4566376101,,
2023-03-01,usa,reference_forecast,legacy_average,50203.96416574201,,
2023-03-01,usa,signal,flight_capacity,164.0,,
2023-03-01,usa,signal,search_index,4889.07,,
2023-04-01,usa,base_forecast,legacy_ensemble,159906.6631980339,,
2023-04-01,usa,reference_forecast,legacy_average,47723.83765062143,,
2023-04-01,usa,signal,flight_capacity,168.0,,
2023-04-01,usa,signal,search_index,4792.059999999999,,
2023-05-01,usa,base_forecast,legacy_ensemble,214158.5188852292,,
2023-05-01,usa,reference_forecast,legacy_average,62209.31152969599,,
2023-05-01,usa,signal,flight_capacity,170.0,,
2023-05-01,usa,signal,search_index,4845.57,,
2023-06-01,usa,base_forecast,legacy_ensemble,209530.2222604475,,
2023-06-01,usa,reference_forecast,legacy_average,67545.48609789339,,
2023-06-01,usa,signal,flight_capacity,202.0,,
2023-06-01,usa,signal,search_index,4713.483870967742,,
2023-07-01,usa,base_forecast,legacy_ensemble,271927.8132018091,,
2023-08-01,usa,base_forecast,legacy_ensemble,320425.5403401842,,
2023-08-01,usa,recovery_forecast,legacy_final,93266.14706256612,,
2023-09-01,usa,base_forecast,legacy_ensemble,220435.5444718889,,
2023-09-01,usa,recovery_forecast,legacy_final,81121.0099687722,,
2023-10-01,usa,base_forecast,legacy_ensemble,154921.5587640301,,
2023-10-01,usa,recovery_forecast,legacy_final,67897.42912440446,,
2023-11-01,usa,base_forecast,legacy_ensemble,118259.7564986502,,
2023-11-01,usa,recovery_forecast,legacy_final,63609.40953593364,,
2023-12-01,usa,base_forecast,legacy_ensemble,150887.8543764033,,
2023-12-01,usa,recovery_forecast,legacy_final,78865.49157297991,,
2024-01-01,usa,base_forecast,legacy_ensemble,267124.1704876115,,
2024-01-01,usa,recovery_forecast,legacy_final,125175.3013055878,,
2024-02-01,usa,base_forecast,legacy_ensemble,164236.7432003822,,
2024-02-01,usa,recovery_forecast,legacy_final,112292.2640577112,,
2024-03-01,usa,base_forecast,legacy_ensemble,144728.0484513374,,
2024-03-01,usa,recovery_forecast,legacy_final,96438.56282712896,,
2024-04-01,usa,base_forecast,legacy_ensemble,145260.6224359199,,
2024-04-01,usa,recovery_forecast,legacy_final,93376.68256446416,,
2024-05-01,usa,base_forecast,legacy_ensemble,198212.1682120802,,
2024-05-01,usa,recovery_forecast,legacy_final,112883.8544936969,,
2024-06-01,usa,base_forecast,legacy_ensemble,194061.8436892721,,
2024-06-01,usa,recovery_forecast,legacy_final,117655.0105797032,,
2024-07-01,usa,base_forecast,legacy_ensemble,254364.6653858593,,
2024-07-01,usa,recovery_forecast,legacy_final,169475.942462133,,
2024-07-01,usa,terminal_forecast,intervention_adjusted,165337.03250080853,,
2024-08-01,usa,base_forecast,legacy_ensemble,302600.115523058,,
2024-09-01,usa,base_forecast,legacy_ensemble,203931.0971592368,,
2024-10-01,usa,base_forecast,legacy_ensemble,140024.0919870528,,
2024-11-01,usa,base_forecast,legacy_ensemble,104556.3334422884,,
2024-12-01,usa,base_forecast,legacy_ensemble,136918.7347324697,,
